Id,Predicted
137376,67518.93644437972
137377,66412.2550211612
137378,63981.35926008929
137379,63946.69863469101
137380,64274.10116695464
137381,63288.08315235255
137382,60377.35959967282
137383,59334.70052796856
137384,57802.94895227445
137385,57404.34931912949
137386,56857.858548181124
137387,56836.4077328352
137388,57416.6588790746
137389,59266.390298764876
137390,59021.377997222284
137391,58166.1918738787
137392,57953.19835802361
137393,59255.643316681395
137394,59983.67320054836
137395,59883.79234020884
137396,59998.124767313246
137397,59591.67932909231
137398,59427.59798285615
137399,59795.296339248445
137400,61002.99721262149
137401,62079.75497802398
137402,62517.18960619402
137403,61066.185612444504
137404,59778.208355391245
137405,58874.008205124504
137406,58548.89605536109
137407,58803.36311481513
137408,59759.41177288516
137409,60874.86781702673
137410,61901.432558331086
137411,63880.53481662086
137412,66667.49114793068
137413,67340.92788990424
137414,68419.12521860968
137415,68723.40393583657
137416,67881.40648579605
137417,66552.17581838403
137418,66306.1340658851
137419,65647.48820826579
137420,64739.16196597823
137421,64917.022475694066
137422,67246.34731285783
137423,66483.43858739639
137424,68489.49764202224
137425,67212.00222098091
137426,64737.637141302366
137427,64658.059451615896
137428,64669.19990825218
137429,63483.05605747829
137430,62301.714896438796
137431,60765.894556476196
137432,59711.13450571022
137433,59356.74244122235
137434,59225.56701196932
137435,59791.325526083965
137436,60390.01594066703
137437,60833.46692454806
137438,61360.43633890143
137439,62632.77104657442
137440,63141.78220294928
137441,64828.06829156417
137442,64380.17366579802
137443,64384.32411535753
137444,64720.44118567003
137445,64908.766923956166
137446,65455.803605529756
137447,65349.60379014716
137448,66561.13782565726
137449,66948.33559335525
137450,67684.3702314906
137451,66328.91257578923
137452,65663.81850267548
137453,64310.97793608212
137454,63165.792860586735
137455,63499.629961797415
137456,63170.54919999675
137457,63657.08873435273
137458,64087.893956152766
137459,65812.6913263961
137460,67503.99352734371
137461,68628.26469832835
137462,69932.08008110445
137463,69508.3231383649
137464,68597.95156921871
137465,67149.23530581244
137466,65635.2459991342
137467,64808.63626596338
137468,63753.42447461807
137469,64143.95616614397
137470,66019.44175447177
137471,65428.67546988651
137472,66704.67695653682
137473,66211.02943881974
137474,63102.13902926491
137475,63016.99936245011
137476,63194.37511733177
137477,62012.56322507959
137478,60296.50780318983
137479,59210.52347535583
137480,57916.887324711824
137481,57473.69384624432
137482,56402.068189611586
137483,56603.84989109833
137484,57573.79864003074
137485,58089.43816934319
137486,58845.05966220137
137487,58550.848159686975
137488,58886.338464271226
137489,59994.40212883319
137490,60686.12702404147
137491,61286.83196506083
137492,62226.791521072504
137493,62449.202867494976
137494,63172.2344500396
137495,63695.84446646203
137496,64611.164012794005
137497,65375.43865973776
137498,65663.54042353822
137499,64455.14478361772
137500,62940.66705949031
137501,61983.37559996067
137502,61502.08913058777
137503,61394.58939153216
137504,61393.62013535346
137505,61869.70831041018
137506,61939.28673848242
137507,63355.14906146599
137508,65234.44314612348
137509,66924.78027243067
137510,68499.03717350334
137511,68513.60115770332
137512,67498.69733403665
137513,66460.6003154317
137514,65332.887331846905
137515,64603.72346313969
137516,64121.178556347615
137517,64615.74727988416
137518,66500.43347314611
137519,65815.93542419869
137520,67641.14595128746
137521,66532.79356623862
137522,63889.17405875205
137523,63922.539482469656
137524,63557.162550337984
137525,62853.2059179955
137526,61226.419011040554
137527,60561.46293086
137528,59565.453482848185
137529,59414.34233953378
137530,59800.50263073762
137531,61330.65583265334
137532,63295.007066804494
137533,66463.65788762426
137534,69227.10884519694
137535,73915.58395777564
137536,76141.02948936872
137537,76801.46641961105
137538,77463.25629798997
137539,78361.77039049282
137540,78386.70332806572
137541,78510.27775265469
137542,78609.45590303018
137543,78688.47563659394
137544,78997.75735578229
137545,78855.20115858119
137546,78848.67284641784
137547,77388.75353272172
137548,76437.95808742865
137549,75354.7829053542
137550,73824.94858297115
137551,72799.0873602333
137552,72506.77055645992
137553,73070.24954044948
137554,73224.20992880593
137555,74392.91095259383
137556,76150.55588897334
137557,77865.1869525511
137558,79363.1307375537
137559,78225.94024367598
137560,76409.60445833989
137561,73867.72051222062
137562,70299.30981164571
137563,68898.7431573072
137564,68272.2405786123
137565,68410.78891400112
137566,70340.51088860842
137567,69577.46832847265
137568,68094.01061276483
137569,67161.17699263252
137570,64716.557974545685
137571,64785.06060296841
137572,64540.53269824679
137573,63339.14533426847
137574,61689.22496835704
137575,60365.538319917556
137576,60359.34988682678
137577,60418.97026339655
137578,61760.589775703236
137579,63032.81003838297
137580,65301.860237467
137581,68270.21349156402
137582,71036.74941652326
137583,75001.48240669786
137584,77171.42092707478
137585,78018.32687255014
137586,78268.40509357088
137587,78914.36289739488
137588,79009.93167470087
137589,79169.23391785465
137590,79270.79972881456
137591,79518.6216950196
137592,80042.91478649748
137593,79719.94004306877
137594,79798.47084002153
137595,78422.2985180563
137596,77868.90077466363
137597,77012.42188481055
137598,75801.59998791102
137599,75288.38133265283
137600,75045.83984647301
137601,75326.14497298193
137602,75743.7563693087
137603,76946.49514379677
137604,78268.10383635
137605,80058.40974804088
137606,81504.32561645583
137607,80238.60660142878
137608,77982.17483110008
137609,75440.24304152763
137610,71929.74442279141
137611,70090.21123184926
137612,68600.75072266797
137613,69154.9474954988
137614,72017.45016635254
137615,71069.65629337047
137616,69441.3829408878
137617,68087.75572872875
137618,65798.84670830499
137619,65607.20217480283
137620,65637.09034406501
137621,64275.14405321715
137622,62289.470138792436
137623,61704.10569014355
137624,61172.49927216581
137625,61174.26330832882
137626,62091.363584680315
137627,63518.08958749275
137628,64922.89507574549
137629,68960.56036271354
137630,72236.2690523969
137631,75691.21339022298
137632,77981.28459874462
137633,78849.04488125507
137634,79185.89903042439
137635,79632.87239761153
137636,79891.87361974338
137637,79856.91029566135
137638,79799.79780233336
137639,79485.21007833508
137640,79672.04151766849
137641,79564.3318170424
137642,79580.38586962366
137643,78130.00547038858
137644,77478.04508013521
137645,76651.12564469333
137646,75740.76142851559
137647,75172.09313756041
137648,75691.44759892797
137649,75319.55600546522
137650,76328.46743960811
137651,77723.0977875716
137652,79974.65612179962
137653,81763.17651748795
137654,83500.16862591912
137655,82704.01747091548
137656,80712.75825122766
137657,78168.46245695696
137658,75031.44949498559
137659,72974.94914971775
137660,71277.02212479594
137661,71813.64894067719
137662,73496.67079874659
137663,72687.49013605082
137664,70929.37139239289
137665,70134.265678238
137666,68388.85202554132
137667,68440.45500011051
137668,67953.45732859531
137669,66930.96806735583
137670,64949.01918782069
137671,64088.760663159825
137672,63533.334967707844
137673,63547.148407521876
137674,64373.910826551524
137675,65736.84009641812
137676,67363.17183981373
137677,71837.20762786087
137678,75067.47102832813
137679,78502.41377675113
137680,81198.70972738187
137681,81391.89630136994
137682,81542.57387563435
137683,81164.11926367991
137684,80860.96569705594
137685,80074.20224657652
137686,80321.1527879361
137687,80198.87617982175
137688,80146.32392488811
137689,79623.4055581364
137690,79233.49820428436
137691,77479.93132113306
137692,76711.19826831981
137693,75705.2278989612
137694,74763.69992595275
137695,74483.40370255023
137696,75079.56181677559
137697,75061.67323926487
137698,75652.45173922634
137699,77493.80183585435
137700,79855.8611504059
137701,81226.45517610638
137702,82789.41754117777
137703,81959.91468779075
137704,80555.3983766726
137705,78374.82221936407
137706,75483.02997810574
137707,73210.87036741154
137708,71778.00804987187
137709,71843.18031744049
137710,74331.27171914157
137711,73704.02569493194
137712,72299.17755889267
137713,71588.98392381825
137714,69419.0503252267
137715,69367.10778629352
137716,68351.86479872029
137717,67715.61213637705
137718,65727.21471552033
137719,64642.95264424418
137720,65239.39801386702
137721,64985.869738911446
137722,65079.31196363659
137723,66952.8939736825
137724,68501.1523464442
137725,70300.72763593042
137726,75920.35596690123
137727,78527.48832030874
137728,82146.51652309198
137729,82018.86771189589
137730,81996.02111686706
137731,81814.7073724733
137732,81110.3420278794
137733,80245.75376363385
137734,79974.3233105501
137735,79319.15968169275
137736,78280.668982459
137737,78156.42601821826
137738,78138.23267917558
137739,76334.23303664819
137740,75493.25056258518
137741,74061.37648527126
137742,72813.09415684079
137743,73578.5056866663
137744,73764.7536428751
137745,73391.56537804188
137746,74263.71742939869
137747,76081.25288177295
137748,78700.13467357967
137749,80002.9988917758
137750,81628.68384899764
137751,81757.06145826132
137752,80069.32393617595
137753,77287.74205094895
137754,74998.00568925324
137755,73620.60650953471
137756,72330.97395277763
137757,72534.35995953451
137758,74715.17773292401
137759,73610.27846603109
137760,71007.43153914157
137761,69470.79315164284
137762,66938.41474068584
137763,66708.46843769573
137764,66239.4819404076
137765,66082.49505160349
137766,65123.44657275427
137767,64311.94943050958
137768,63734.88008936176
137769,63322.95977623445
137770,63849.61283217033
137771,64542.58675058265
137772,65157.99928360265
137773,66282.47320033907
137774,64535.008081592314
137775,64762.24177846612
137776,66419.97284840154
137777,67755.973403795
137778,68757.88480986346
137779,68654.21155662199
137780,68399.98180336846
137781,68379.67121986259
137782,68560.06370920435
137783,68067.14966164427
137784,67533.16445997673
137785,67658.71994663074
137786,67962.03438718249
137787,65770.72156764232
137788,64802.90627524739
137789,63425.39380893727
137790,62734.25477553875
137791,62798.63706069583
137792,63884.00852986466
137793,63995.15091237425
137794,64641.94692869846
137795,66109.81611289787
137796,68749.88075836819
137797,69247.00460679349
137798,70905.92226222082
137799,70212.2176753222
137800,69090.71560860841
137801,67538.6237725817
137802,67051.68504231249
137803,65565.84911134491
137804,65073.14321374312
137805,65781.82956725833
137806,68152.71052006874
137807,67443.2521299211
137808,69771.21785278908
137809,68112.76778972954
137810,65890.16182076995
137811,66084.77755916686
137812,65564.41899367477
137813,65374.05367035129
137814,63626.36282586518
137815,62376.97956637784
137816,61356.98986592822
137817,62273.39138245805
137818,62228.17701428983
137819,62222.3802296664
137820,62643.455491726105
137821,63908.97762847329
137822,61146.09412707581
137823,60280.78581181778
137824,61557.56340129464
137825,63283.73072234592
137826,64104.82763017427
137827,64438.053318221115
137828,65148.29296592239
137829,65384.79177883609
137830,65250.00297022991
137831,64351.37667792971
137832,64408.68897628934
137833,64764.13868065382
137834,64867.88419013415
137835,63380.760692504904
137836,61587.22258504764
137837,60481.67995777357
137838,60450.98990623735
137839,60220.456939786985
137840,60581.43028844136
137841,61586.316057550284
137842,62155.77843016469
137843,64842.98124830182
137844,67866.72486338881
137845,68936.06042268236
137846,70411.15257653248
137847,70394.7272887853
137848,69736.07265195058
137849,68568.24695229519
137850,68451.0565461181
137851,67187.47944846979
137852,65901.74219097542
137853,66268.28081435463
137854,68117.47557659152
137855,67293.727133266
137856,69794.35311602212
137857,68671.10095670908
137858,67012.58338035221
137859,66923.90957416438
137860,66887.54372807614
137861,67590.64122942353
137862,65651.60829839099
137863,64832.82238276685
137864,64331.6609621128
137865,64401.58145812158
137866,64816.81364752438
137867,66524.54797930691
137868,68148.182493329
137869,71001.66212453152
137870,75872.11322761851
137871,77981.91012683099
137872,80951.6720240325
137873,82223.05552326886
137874,81094.87321537425
137875,81445.65242070261
137876,80773.44166599406
137877,79625.23881161136
137878,79110.10227518763
137879,78375.82447330953
137880,78082.24658021692
137881,77554.83326074335
137882,77210.35795910501
137883,75432.05555898634
137884,74402.00109783064
137885,73207.7212741416
137886,71587.87627073652
137887,70769.20315786499
137888,70469.5139380815
137889,70560.91514091301
137890,71237.690525217
137891,73090.62361931943
137892,74692.37915277196
137893,76252.21185952038
137894,77544.67901274563
137895,76371.1321250347
137896,74453.52738321332
137897,71886.87883721091
137898,69093.69019674521
137899,66207.8501246331
137900,64420.542378001155
137901,64685.943951310735
137902,65701.27592543514
137903,64246.46668427625
137904,62608.10932825644
137905,60654.22076530714
137906,58051.54129698824
137907,57213.36032971943
137908,57003.393217067045
137909,55502.52474308819
137910,53316.97730053839
137911,51677.61235002025
137912,50314.58652555403
137913,49939.13472157044
137914,49994.75236903013
137915,52279.90792638582
137916,53437.911610830146
137917,56934.192260785574
137918,59600.174697198876
137919,63288.6904160719
137920,65078.56201085674
137921,66172.94764103099
137922,65861.00977702255
137923,66179.92477392318
137924,65991.81955256886
137925,65178.431760653635
137926,65351.00723225535
137927,65137.4713083629
137928,65163.28454884896
137929,64866.01413086448
137930,64893.44845886249
137931,63367.74360475362
137932,63235.831203793976
137933,63673.76237356606
137934,62316.042807238635
137935,62130.54665650253
137936,62177.59225097078
137937,62530.87446494231
137938,63705.056169009564
137939,64989.91689927034
137940,67102.39420982008
137941,68915.14993759719
137942,70395.56805341133
137943,69674.06271709423
137944,67855.90708007327
137945,65802.97808091718
137946,63093.33766049537
137947,61286.985584820206
137948,59782.51249335197
137949,59889.007727072174
137950,62017.07091650562
137951,60864.29410696894
137952,61670.867210854114
137953,60037.335712615866
137954,57723.62662819317
137955,57725.70507824323
137956,57483.570538256805
137957,57020.50479803866
137958,55590.16673880127
137959,54853.81618717908
137960,54199.59970675137
137961,53940.142011763775
137962,54197.686381429834
137963,56200.46486575953
137964,57794.375770697385
137965,61237.61877465491
137966,64191.99917766007
137967,67378.04988892848
137968,69433.2036413388
137969,69819.67732369348
137970,69824.63287805783
137971,69547.27307722231
137972,68468.57743303904
137973,67593.97654193173
137974,67434.3178008418
137975,65791.25804476441
137976,65598.99512751092
137977,64945.73174440619
137978,64434.94318851651
137979,62668.52939217152
137980,62056.30927759386
137981,61501.929022056946
137982,60330.648484250116
137983,60422.330822151365
137984,60322.65031026304
137985,59461.379610160875
137986,59412.61949078554
137987,60379.84511305118
137988,62431.421886120675
137989,64514.45879843615
137990,65733.52309144093
137991,65291.86365605173
137992,63358.70194446191
137993,60919.7512786789
137994,57973.41159203417
137995,56231.25027869411
137996,54743.85171072375
137997,55084.527767199776
137998,56939.7882407599
137999,56370.722731022346
138000,55879.171650036384
138001,54706.098338553886
138002,52407.22328746806
138003,52217.90608545913
138004,51526.20831322552
138005,51346.12799871905
138006,49697.91874297652
138007,48707.12619505594
138008,47674.72707359964
138009,47315.34192007509
138010,47647.05635566997
138011,49303.50161902996
138012,51245.6594575298
138013,54629.20576482311
138014,59205.04837414382
138015,62376.29991903177
138016,63239.27625012449
138017,63843.665314891674
138018,63978.79991599364
138019,64107.66790739187
138020,64058.818851252276
138021,63683.06096145515
138022,64075.46161792517
138023,63198.19814192399
138024,63193.730405504735
138025,62626.8350591337
138026,62186.02753249256
138027,59819.91503739355
138028,58538.23793990972
138029,58149.38752190876
138030,57239.82452200033
138031,56603.90073992964
138032,57185.827332164794
138033,57100.46441883922
138034,57447.83168048099
138035,58862.73969684182
138036,61148.335381279045
138037,63284.585548543895
138038,64500.94991915541
138039,63740.643871953354
138040,62459.74490504642
138041,59722.856789116224
138042,57327.245048517536
138043,55677.42792798989
138044,54474.70777697522
138045,54858.20785844941
138046,56778.71361150556
138047,56505.66712982075
138048,56726.12117611246
138049,55923.14048841589
138050,54172.653479628585
138051,54291.666380742114
138052,54817.311451415335
138053,54890.22035019146
138054,53738.607471989046
138055,52876.22340767567
138056,52229.36879404179
138057,52137.502853637125
138058,51764.9689342539
138059,53988.01884845756
138060,55614.283678929896
138061,59443.220564131465
138062,62976.68941313988
138063,66784.69349371281
138064,69465.92179768543
138065,70616.01118611773
138066,71587.13999272496
138067,71520.57747514134
138068,71610.38002189832
138069,71135.45958209451
138070,71444.68614201344
138071,71193.3172515049
138072,70621.56111456758
138073,71032.20821341839
138074,71531.70872170571
138075,70098.87134417215
138076,69713.47233362198
138077,69338.27136223021
138078,69000.802396854
138079,69420.27305947998
138080,70679.74433286504
138081,70920.50988324425
138082,72055.67303852561
138083,73879.53231212725
138084,77201.17399637499
138085,79140.61307480322
138086,80368.81730446579
138087,79647.35941728781
138088,78483.1541156267
138089,76063.64009798075
138090,73675.05674440583
138091,71567.18514052122
138092,70518.80814051993
138093,70695.43744182088
138094,72999.61749374651
138095,72110.56956031553
138096,71401.71648504166
138097,70327.76038238438
138098,67884.10338585633
138099,68149.69897238092
138100,67946.63753968461
138101,67666.17925333141
138102,65925.50293398245
138103,64549.57676895772
138104,63243.17239307795
138105,62817.94842587822
138106,62530.5270552033
138107,64462.4001389344
138108,64596.381289497534
138109,64831.22724518681
138110,63772.49638058892
138111,64399.76140065601
138112,66170.37753711909
138113,67246.76431874812
138114,68113.96466561804
138115,67909.45305130428
138116,67563.33632685275
138117,68159.64478206326
138118,67840.72805803428
138119,68392.71634903284
138120,68642.51677261345
138121,68249.15474587616
138122,68440.76704484572
138123,66514.21175184722
138124,65059.00729094662
138125,63959.13792678712
138126,63160.947685697356
138127,62262.810157834625
138128,62281.37000695815
138129,61852.32010392475
138130,61988.4155869558
138131,62938.52414966425
138132,65022.102726951925
138133,66148.0863829517
138134,67407.35848991039
138135,67281.5240453107
138136,66689.24751308153
138137,64989.46081892658
138138,63607.790583684786
138139,62391.01704396991
138140,59621.272412531485
138141,60059.70627796416
138142,61822.49494844388
138143,60875.415519992195
138144,61386.39645032111
138145,60157.81885104482
138146,58159.08336061943
138147,57227.44382370455
138148,56738.5221995071
138149,55860.97749218018
138150,53059.24276529904
138151,51903.03248123032
138152,50917.86812579701
138153,50742.72845000483
138154,50860.32028916514
138155,51062.163986230495
138156,51175.7657188678
138157,51448.74891916474
138158,52182.91563715348
138159,53425.80300979463
138160,53455.20941279897
138161,54646.30548811723
138162,56130.706264188426
138163,56840.931279386874
138164,57608.730683274975
138165,57569.37296612622
138166,57617.457067250594
138167,57568.50510576817
138168,57365.99212579147
138169,58054.18192974781
138170,58575.7191024304
138171,56127.9963264334
138172,54677.21842871258
138173,52831.29795412776
138174,52225.120589667174
138175,52702.16951065358
138176,53577.95291826128
138177,55412.39034559937
138178,56637.9191590074
138179,58516.768931332655
138180,62257.7129838121
138181,64991.00086489304
138182,66392.71912646356
138183,66283.62108788536
138184,66034.09801498186
138185,65249.78420840937
138186,63847.81495144005
138187,63716.190043512936
138188,62008.617961204596
138189,62247.71671051824
138190,64325.52107216524
138191,63335.68367974921
138192,64072.216247828204
138193,62797.45017796278
138194,60927.636595435055
138195,61777.14500595157
138196,61690.344775652746
138197,60951.95560017949
138198,58994.532233293125
138199,58138.345591360725
138200,56926.30883929886
138201,57594.39058493119
138202,57557.05453953305
138203,59051.20787191427
138204,61059.18268882175
138205,65604.74248089925
138206,70038.77617260088
138207,73660.60571783413
138208,75685.294525509
138209,76562.00269119059
138210,76835.29327755125
138211,76492.990718143
138212,75213.4972650152
138213,73749.71561070529
138214,72921.10699067169
138215,71177.27633088105
138216,69673.84692587107
138217,69277.90072201703
138218,68977.88802010014
138219,67861.45132877238
138220,66701.43077958492
138221,66268.60616669874
138222,65438.896790855855
138223,65260.349299849535
138224,66583.22273971153
138225,67278.62517522305
138226,68061.40185764451
138227,70469.4736643399
138228,73325.12201541553
138229,74450.45935526247
138230,76248.83008786225
138231,75569.56744993433
138232,73073.22702733595
138233,70956.98166395014
138234,68305.96708011176
138235,65577.73615305372
138236,63713.228664686656
138237,63932.80117636321
138238,65703.52143884118
138239,65015.31108758435
138240,63518.06246711651
138241,61919.900363262765
138242,59460.88707983821
138243,59486.07408589382
138244,59364.84807661619
138245,58303.896360810606
138246,56400.98764788171
138247,55193.340336263755
138248,54553.131718996636
138249,54737.98938091697
138250,54911.59827659806
138251,56861.34091193315
138252,58156.243594775035
138253,62534.16856988889
138254,66634.67972577566
138255,70258.86598149224
138256,71425.35672095121
138257,72206.64463226932
138258,71944.6609977267
138259,71431.09406727752
138260,70606.50666576251
138261,69089.76943660372
138262,68574.0174544444
138263,67328.55125674407
138264,66684.3913690104
138265,65700.48168465975
138266,65075.70371125365
138267,62908.23182067918
138268,61591.658482042265
138269,61029.716049717594
138270,59975.380544896085
138271,60044.10129181893
138272,60467.51195479505
138273,59931.210818688436
138274,60404.66740084614
138275,61802.54669783601
138276,64312.87545137151
138277,65876.93635548305
138278,67519.65857878377
138279,67205.23921409919
138280,65434.48866757813
138281,62521.45103737261
138282,60115.90355009182
138283,58471.718812904386
138284,56989.36713310752
138285,57131.904968553885
138286,59281.20446111144
138287,58689.99058697527
138288,58773.10578948976
138289,57065.76140257441
138290,54761.560260350336
138291,54391.336780299695
138292,53511.41606275181
138293,52958.78089240701
138294,51041.22690045039
138295,49482.96948419302
138296,48529.60748524421
138297,48154.17152879837
138298,47856.37288739566
138299,49514.748034049146
138300,51336.3386313769
138301,54548.38690237823
138302,58152.93028822642
138303,61026.35013564614
138304,61420.82612525599
138305,62543.623471435836
138306,62669.038260230394
138307,61662.633005221076
138308,60708.823120014786
138309,59853.834827859966
138310,59469.20166870747
138311,59146.519192415246
138312,58830.21625915214
138313,58109.77144007897
138314,58123.59995169186
138315,57156.89892394353
138316,55804.916746465184
138317,54856.7818360394
138318,53376.76588144641
138319,54130.260861220966
138320,54531.34903395616
138321,54816.35204229078
138322,55367.141625487915
138323,56125.67554627726
138324,57994.79747881811
138325,59402.611854901676
138326,60477.97617823553
138327,60000.7619204062
138328,58671.66169489781
138329,56825.79188627933
138330,54714.65337248727
138331,52791.54278652677
138332,50995.0166622831
138333,51150.2517185848
138334,52808.726188047614
138335,52442.44399354173
138336,52515.05673886967
138337,51444.48193128518
138338,49261.74383905602
138339,48968.26604037917
138340,48102.15254487893
138341,48046.78795053277
138342,47276.465581766795
138343,45795.81761162818
138344,44977.268904640994
138345,44283.68456428132
138346,44652.27208933994
138347,47033.39011183341
138348,49480.061579651854
138349,53040.823024656165
138350,56501.51167949633
138351,59616.42820897839
138352,61133.98084429334
138353,62029.85775719887
138354,62473.98327631818
138355,62782.835352395115
138356,61671.73133477331
138357,61616.84215268504
138358,61463.63354669746
138359,61141.219406974706
138360,61278.389133148245
138361,61159.08248382725
138362,61381.78453655593
138363,60416.0334411706
138364,59732.500527365504
138365,59288.812442646806
138366,57601.20284964697
138367,56613.0560687423
138368,56224.680650786686
138369,55709.05456429083
138370,56013.32633896051
138371,56365.34416794845
138372,57837.29445966316
138373,59925.42498843508
138374,61112.027612341684
138375,60846.65332507053
138376,59430.77581774252
138377,57184.78967211271
138378,54709.176549571246
138379,53194.3224682174
138380,51828.7195746934
138381,53356.73095531392
138382,56413.24240052318
138383,57005.055789304315
138384,57957.71981352895
138385,56786.16577740352
138386,54471.5180415992
138387,54540.94664295948
138388,53761.82703296539
138389,52993.15704049351
138390,50871.82982198405
138391,50044.11757613275
138392,49596.20227056722
138393,49957.319643971176
138394,51725.423113721205
138395,53563.29597951854
138396,55735.151735474865
138397,58635.14819360773
138398,62428.84596497737
138399,66020.04497720313
138400,67325.90520668188
138401,68107.05901184806
138402,69037.09653168896
138403,69397.15994334684
138404,69437.1533225647
138405,68846.63176658396
138406,69540.75652332944
138407,69825.53205728343
138408,69606.22991671719
138409,69371.1358379318
138410,69153.50105073546
138411,66994.01067479434
138412,65886.38531699992
138413,64449.39600920731
138414,63370.334114059406
138415,63345.143041272626
138416,64376.23838733401
138417,64200.64555290264
138418,65333.05669482061
138419,66872.55457616517
138420,69394.37634541802
138421,70766.82437968018
138422,71335.23927723902
138423,71039.34716220495
138424,69147.01635363497
138425,66450.22879850956
138426,63307.78393508559
138427,60838.46654842037
138428,59328.005877738025
138429,59600.531203995124
138430,61637.64335732553
138431,61612.17797327064
138432,61923.88447306271
138433,60390.928582059736
138434,58084.578998593344
138435,58191.184675893026
138436,57557.08797783146
138437,57351.52093156602
138438,54071.83059126278
138439,53225.173120481886
138440,52285.99087185388
138441,52036.45802751837
138442,52267.08562587674
138443,53559.19147973195
138444,53713.43598269375
138445,54036.47276657735
138446,55534.58752477876
138447,57183.509496260835
138448,57227.429362667586
138449,58427.394755532114
138450,59879.1394861916
138451,60985.80647010096
138452,61610.87121341513
138453,62701.385183913095
138454,63088.195077047814
138455,63137.11984722005
138456,63200.632635871174
138457,63684.20303172255
138458,64155.32999181682
138459,62051.165715855175
138460,60280.56708181236
138461,59083.96261259418
138462,57868.55798477092
138463,57906.99313918584
138464,58199.50208910058
138465,58623.4444485844
138466,60282.17726085939
138467,62250.056942181174
138468,65467.27349413913
138469,66659.7687222934
138470,68051.4352868451
138471,67355.38690044617
138472,66485.54029030938
138473,65439.72957486585
138474,64579.992024634244
138475,63229.10041631217
138476,62270.523413043986
138477,62830.1499301994
138478,64820.19811083775
138479,64534.55425791073
138480,63938.65851365526
138481,62860.55504107042
138482,60174.5899221662
138483,60397.323587467734
138484,60476.35068603841
138485,59221.55466355188
138486,57223.13855739738
138487,56263.723655997564
138488,55538.15211287446
138489,56059.68319530584
138490,56068.69567275865
138491,56567.580250274186
138492,58170.644803382165
138493,58341.07680935453
138494,58628.337679097225
138495,58743.61991152317
138496,59176.95078178436
138497,59287.82357898865
138498,60641.813275396795
138499,60955.170590070724
138500,60731.965982186775
138501,61795.083207508695
138502,61696.481437147464
138503,61599.75974907066
138504,62082.05156933692
138505,62748.88295622394
138506,62965.049914741016
138507,61285.790126312764
138508,58791.03949381054
138509,56580.64990703482
138510,55763.77411642315
138511,55452.96822895
138512,55082.790169965076
138513,55410.0941807539
138514,56137.11496128215
138515,57166.182435824405
138516,59527.26938389997
138517,62349.32846850209
138518,63578.86566459428
138519,63618.354560676555
138520,63400.48371198047
138521,62327.96329005717
138522,61296.05493678439
138523,60098.87245759021
138524,59364.77471938409
138525,59952.946697050436
138526,62151.94536778683
138527,61494.251504695814
138528,61544.48896479889
138529,60594.4712238809
138530,58704.37769239965
138531,58670.343493727385
138532,58954.53558976804
138533,58171.08829050507
138534,56206.22654566508
138535,55356.960455838285
138536,54615.97771973969
138537,54509.62564579034
138538,55047.84674785154
138539,57337.38688444034
138540,59336.51200332376
138541,63650.60261325703
138542,68476.21289033377
138543,71512.19661956967
138544,74220.07014907406
138545,75442.93059323083
138546,75795.12913041406
138547,75885.45316177438
138548,75366.16345604177
138549,74704.70480810328
138550,74085.50968620097
138551,72920.85545195278
138552,71928.57208086998
138553,71615.02098218184
138554,71010.38568546878
138555,69766.65907255663
138556,68454.1981220241
138557,67122.37808706982
138558,66278.24877248537
138559,66253.90971241536
138560,67224.13262680442
138561,68258.68925322886
138562,69697.12807757886
138563,70433.8739786887
138564,74533.897634977
138565,76958.23696772095
138566,79122.91617926522
138567,78862.64726707764
138568,77559.2056246435
138569,75527.21653723894
138570,73051.51847501319
138571,71088.42226517307
138572,69597.6645709851
138573,69710.42934964658
138574,71982.94036871784
138575,70977.60454441489
138576,69377.84351544814
138577,68138.9878532109
138578,66088.49099974243
138579,66690.35549003808
138580,66356.50753297596
138581,65136.17855839255
138582,64088.07844975256
138583,63113.29308307149
138584,62454.5008835469
138585,62517.845655685785
138586,62777.595803880315
138587,64875.21058448481
138588,66860.24421437671
138589,70271.80253076559
138590,73889.2336488188
138591,77529.1023597421
138592,78911.62372166682
138593,79549.81689017052
138594,79452.41453274904
138595,79771.5401317365
138596,78970.37938030722
138597,78031.06336485824
138598,78025.37501133748
138599,77159.9082023757
138600,76206.44535547003
138601,75650.7861077202
138602,74961.33868106327
138603,73440.53409341673
138604,72495.98952794896
138605,72015.86679697252
138606,70568.44093127426
138607,69691.80451173548
138608,70155.64095800044
138609,70163.63547109334
138610,70650.52302677234
138611,72611.70827528326
138612,74651.86910627128
138613,76414.01878683496
138614,77670.45559915868
138615,76264.95974878863
138616,74359.18945918366
138617,72050.42046063024
138618,68563.98551369699
138619,66347.56665147077
138620,65004.365651819215
138621,65062.633846746474
138622,66808.29644685201
138623,66134.66280495381
138624,66341.32895752795
138625,64623.84206925528
138626,62396.376576858886
138627,62813.89773393453
138628,62431.2754695243
138629,61568.75415769442
138630,60332.08347947559
138631,58214.925177683304
138632,57321.57335510872
138633,57235.7051675079
138634,57679.526714129104
138635,59758.62593035694
138636,60023.98944776722
138637,64218.26490472557
138638,66759.85972781616
138639,69878.69097977989
138640,71790.68932620938
138641,72889.38670252176
138642,73358.86981795986
138643,72679.15931145716
138644,71953.16418404998
138645,71730.5206010197
138646,71282.02760070375
138647,70676.04874649773
138648,70447.20239044816
138649,70130.74016787119
138650,69744.7365729534
138651,67641.3068501793
138652,66527.06755411478
138653,65533.01707252742
138654,64674.016388201686
138655,64025.60161901481
138656,63927.82540797906
138657,62968.43984337326
138658,62975.43950112682
138659,63354.70150248977
138660,65505.135657708284
138661,67696.63974916287
138662,68682.7186595395
138663,68055.3075564245
138664,66018.98987878792
138665,63608.65083492703
138666,60739.5242466024
138667,59226.745027033365
138668,57751.540153307404
138669,58283.26173400846
138670,60059.712797621294
138671,59754.785521321624
138672,58768.96210502698
138673,57139.53169875556
138674,54442.95721841231
138675,53415.45610510663
138676,52476.26157699997
138677,51264.83492738188
138678,49558.015719183975
138679,48012.64388519847
138680,46869.988389978644
138681,45856.85297402981
138682,45006.32741137029
138683,46099.36298659677
138684,46903.10308555707
138685,50347.21283048872
138686,53291.18863565338
138687,56702.21886385484
138688,58384.302064677955
138689,58723.44784795095
138690,57960.00601247059
138691,57614.300281428805
138692,56865.10376026652
138693,56707.162032817476
138694,56226.90206189178
138695,55975.39005989034
138696,55919.48538310667
138697,55400.84154804984
138698,55400.016732411255
138699,54005.25964333117
138700,52856.33379834424
138701,52487.53359856247
138702,51232.904477211196
138703,51600.289473312514
138704,52236.66843133588
138705,52275.57546870265
138706,52817.213612226464
138707,53510.83178203671
138708,56375.6549051536
138709,58284.18693222452
138710,59655.12343979558
138711,59726.77226773801
138712,58921.41895857517
138713,57674.23088663806
138714,56019.88157470626
138715,53801.21048677838
138716,52299.372577244416
138717,52270.67940152705
138718,53878.98079025527
138719,53326.70550330459
138720,53539.140287073315
138721,51002.44455774625
138722,47121.07180851964
138723,46618.96786964296
138724,45490.04219840095
138725,44890.220152810514
138726,43106.17586956444
138727,42416.72724020233
138728,41440.20612101939
138729,41146.11797326316
138730,41164.155073062226
138731,42939.35542319071
138732,44203.68054317799
138733,48314.39989747529
138734,51236.384557350044
138735,55212.76049070127
138736,55798.06209778307
138737,56193.2231300741
138738,55966.799619449564
138739,55618.091594324214
138740,55150.61430954031
138741,55047.51400398081
138742,54634.26397726101
138743,54647.97018021002
138744,54760.590253752496
138745,54367.55628812186
138746,54712.14002032528
138747,53144.188904324255
138748,51985.53714583926
138749,51398.87423626935
138750,50376.7636362873
138751,50595.954743402224
138752,50988.40268275828
138753,51827.97618870919
138754,52615.430954489566
138755,53536.632223683075
138756,55334.98904939635
138757,57047.17533099287
138758,58229.31443092377
138759,58554.40925368445
138760,58696.574641547166
138761,57739.70768190574
138762,55021.773744500344
138763,54426.690718044454
138764,52897.49871906394
138765,53365.35507933804
138766,55687.24340043888
138767,55728.70404261406
138768,55899.30588320734
138769,54964.98728273656
138770,52303.300038004236
138771,51691.52377342717
138772,50665.30578719214
138773,50117.81366444797
138774,48436.09658439566
138775,47377.35025109617
138776,46590.35709048329
138777,46703.55579754709
138778,46979.27412732129
138779,47698.68881311828
138780,48250.03307732788
138781,48744.66875830499
138782,49187.28211005815
138783,49958.74477501089
138784,50549.508926553244
138785,51398.51617294586
138786,52682.19155691821
138787,54652.75176474667
138788,55081.0351534456
138789,55907.60262752742
138790,55902.83588633198
138791,56191.84433312995
138792,56434.346157616186
138793,56725.953646489565
138794,57180.29321221039
138795,55244.98575585143
138796,53622.28060146711
138797,52905.86615494815
138798,51968.27186731066
138799,51378.07679669931
138800,51434.57884556602
138801,50779.07162858111
138802,50879.18028593459
138803,51816.54858489212
138804,54422.016083233815
138805,56614.974978343715
138806,57755.19585384954
138807,57515.9308571435
138808,56740.45572687173
138809,54872.75757068486
138810,53411.90213974988
138811,52766.54492024448
138812,51802.325842711856
138813,52617.61689950973
138814,54459.7590239774
138815,54138.84891174637
138816,54902.132501031956
138817,54040.146109550384
138818,51103.14634446909
138819,50704.84103858699
138820,49812.149164943745
138821,49818.362483920864
138822,47004.65136766531
138823,46860.00856936412
138824,46457.544423693085
138825,46644.736379488226
138826,46848.983535554595
138827,47704.74016089013
138828,47595.145339095776
138829,48841.5160073292
138830,48935.33273737649
138831,49130.792479801814
138832,49468.14454726461
138833,50035.30510404148
138834,51533.22559589704
138835,53578.32885566219
138836,54451.77929597527
138837,55609.265977800045
138838,56270.82203878845
138839,56345.56446306642
138840,56829.39653014841
138841,57462.89585538392
138842,57410.00754272905
138843,55330.77353629069
138844,53417.23970504693
138845,52007.455972967415
138846,50829.135052348836
138847,50589.41693316541
138848,50443.70643468119
138849,50188.46572320362
138850,50822.38737197677
138851,51667.58370909668
138852,54023.89720775514
138853,55927.787673512095
138854,57466.59550576809
138855,57309.1139558443
138856,56017.036146991864
138857,54596.16104591178
138858,53456.75668994499
138859,52645.93238526104
138860,51481.8346394358
138861,51439.66157965352
138862,53166.31719656569
138863,52557.7415307035
138864,52118.07924444838
138865,50898.09976530981
138866,48175.86715825768
138867,47806.72128353463
138868,47225.606590760486
138869,46670.262064674316
138870,45175.769777773436
138871,44280.787203305284
138872,43813.650487275474
138873,43598.47316755931
138874,44165.99520091494
138875,45770.88517834216
138876,47214.141078916095
138877,50870.49186422669
138878,53555.822049325834
138879,56772.211492112816
138880,58043.082779661556
138881,58273.346491927245
138882,59128.62861722867
138883,59621.254448137224
138884,59851.82641817585
138885,59073.11160967602
138886,59059.064863804146
138887,58739.272862827966
138888,59336.80349671151
138889,59375.235065771754
138890,59278.56024952225
138891,58688.70928155988
138892,57914.609321107564
138893,57473.66655259363
138894,56420.10868367185
138895,56693.860112622686
138896,56798.657939567
138897,57294.43372063563
138898,57855.45879477359
138899,59333.55631238204
138900,60780.424535324586
138901,61681.92002223332
138902,64347.0034910922
138903,64040.568105422455
138904,61833.99007956406
138905,60649.31700352788
138906,57971.96182338424
138907,56652.486620315045
138908,55194.15114589545
138909,55251.186950805786
138910,56915.88510435475
138911,56141.353872341344
138912,54595.11431366145
138913,53015.47273732514
138914,50363.061417036595
138915,49726.16943569458
138916,49292.27794655108
138917,48807.748414318354
138918,47205.09798036318
138919,45950.888631558984
138920,45001.160709916614
138921,43990.45291817384
138922,43882.47426398144
138923,45185.4699009491
138924,46473.08556993404
138925,49674.38487998746
138926,52372.20396508208
138927,55473.05536812914
138928,56393.442760878635
138929,57416.7860202493
138930,57005.54143968211
138931,56243.215132438934
138932,55450.77337849559
138933,55656.29993228725
138934,55237.613405774115
138935,55059.327953119384
138936,55074.79966516107
138937,55389.792342202476
138938,55524.75653277014
138939,54985.725589746406
138940,54368.161073070376
138941,54482.4331586742
138942,52951.93329868277
138943,53132.5558565089
138944,53098.22827608852
138945,53168.65730535432
138946,54789.518206781846
138947,55460.35687766558
138948,57021.22439085443
138949,58464.76242647634
138950,60384.9463452399
138951,59609.20766351045
138952,57440.9316819598
138953,55192.17275284296
138954,53168.82611155307
138955,52111.18935258696
138956,50985.452146443095
138957,51377.33882407347
138958,53423.84076922572
138959,53575.78556963899
138960,54434.326514766246
138961,52691.96486641648
138962,49801.16850442675
138963,49162.04624259287
138964,48025.91097967372
138965,47484.10077252344
138966,45732.638057015654
138967,45043.71932233532
138968,43967.84291321458
138969,43287.02149797
138970,42965.937523952525
138971,44115.545445199146
138972,45266.73877842483
138973,49428.48144725407
138974,52031.99893672529
138975,55359.11705968267
138976,55685.86065620535
138977,56391.745367200856
138978,55777.66280650822
138979,54949.69052503116
138980,54044.91142565942
138981,54082.02538936874
138982,53928.76668732388
138983,53198.492424758275
138984,53377.022707154625
138985,52996.71967003357
138986,53361.87834946408
138987,51807.909220623515
138988,50357.06264907906
138989,49875.520641562194
138990,48636.868358354805
138991,48651.96946210619
138992,49214.93304184166
138993,49622.013874101234
138994,50536.94498410457
138995,51360.429260656114
138996,53601.17028126084
138997,57257.25381025416
138998,59439.89526009325
138999,59406.74242458889
139000,57732.48596621358
139001,56845.14082588107
139002,54049.2256044534
139003,53701.5083562168
139004,53355.653335048104
139005,53604.98293999394
139006,55735.88618304489
139007,55246.52527808766
139008,57866.763091988774
139009,56507.42626733126
139010,54913.047429594015
139011,55070.23230414999
139012,54519.20116082013
139013,54294.720398464015
139014,52712.03772470738
139015,52707.69723804322
139016,52062.94828430851
139017,52344.43110302499
139018,53095.40581235476
139019,55521.39686551083
139020,57419.485170981556
139021,60475.328419905425
139022,63186.755367220576
139023,66325.31616906502
139024,66760.87800950247
139025,66210.92904506068
139026,66666.59077944166
139027,66188.50586557624
139028,65438.116504619655
139029,65374.33366578091
139030,65450.131376297446
139031,65240.96396994481
139032,65026.942858319926
139033,64976.30285167196
139034,64625.41856835759
139035,62777.64085065295
139036,61463.249754041666
139037,60493.62019881525
139038,58908.432002580324
139039,59489.445333045456
139040,60047.82307345227
139041,60774.54747380719
139042,61275.95434933984
139043,62070.13456981694
139044,63391.31531489259
139045,65644.29157353043
139046,67601.30037305568
139047,67313.78890743169
139048,65133.60775252652
139049,63287.179303361685
139050,60595.026094773726
139051,59490.22033805771
139052,58037.21136881617
139053,58841.73224030193
139054,60623.84157493967
139055,60120.816638978446
139056,59735.86261255083
139057,58250.71821195056
139058,55942.628766152775
139059,55576.92995567911
139060,54928.27172687853
139061,55048.8183152696
139062,53274.638181043
139063,52842.64922691032
139064,52122.202859889476
139065,51986.73418694142
139066,52414.59240235327
139067,54324.38973307189
139068,55710.05807943765
139069,58645.71832932713
139070,61428.74454544552
139071,64321.21147742267
139072,65957.97517788851
139073,66319.35391748062
139074,67137.58104134227
139075,67115.0580477535
139076,66974.55177966098
139077,66987.5265309098
139078,66189.86737909133
139079,65803.68099505581
139080,65390.66109411593
139081,65080.00559532353
139082,64807.4559054582
139083,63449.67780994169
139084,62188.04741607945
139085,60998.01732273612
139086,58973.0359245119
139087,59341.1769175516
139088,59554.59204514749
139089,59662.37084691858
139090,60079.67137728779
139091,60841.98363669995
139092,62204.94509477219
139093,64291.593896487684
139094,65764.8961223272
139095,65423.10141159097
139096,63786.00936111852
139097,62062.394540680296
139098,59414.06056004451
139099,58684.29609506555
139100,57795.799325775544
139101,57875.81608587206
139102,60347.75118217199
139103,59773.37993376208
139104,58666.173174725
139105,57716.75152221367
139106,55252.810317317286
139107,55177.449500861825
139108,53653.791917603456
139109,52925.346927614846
139110,51568.372423098575
139111,50938.96171937486
139112,49746.79475746913
139113,49297.821148490046
139114,49273.59647121802
139115,50196.01945191605
139116,50322.40980286732
139117,50597.58026386246
139118,51946.14376612773
139119,52765.48407512794
139120,53626.695539593726
139121,54867.36002692898
139122,55996.81011063847
139123,57116.007388239326
139124,57530.40109521973
139125,58308.49093847136
139126,58215.97638357898
139127,58544.21934756627
139128,58658.493371894234
139129,58787.84847013351
139130,59119.55507552148
139131,57713.77538300856
139132,56229.50122458344
139133,55255.42046022295
139134,53663.955256951325
139135,52618.450470836746
139136,52361.50696423865
139137,51628.86591425671
139138,51750.615269791015
139139,52580.65262090332
139140,53911.88949599641
139141,55333.32853476809
139142,57143.17071141158
139143,57009.90641316994
139144,56564.73774651864
139145,54885.27533886632
139146,53226.262325305855
139147,52663.839104872786
139148,51591.40983102255
139149,51972.09655202622
139150,54261.07864082444
139151,53962.05206519064
139152,56186.83169604615
139153,55287.10930587962
139154,52516.330958386454
139155,52570.50269765551
139156,51808.58040007234
139157,51566.72892152498
139158,49548.097966761
139159,48645.67324101482
139160,47649.84690328116
139161,47356.98165123431
139162,47282.38576605258
139163,48037.383308956
139164,49106.57849086936
139165,50367.12387333631
139166,51417.52396089768
139167,52594.113214342935
139168,52850.48838020933
139169,53816.7162043352
139170,56093.65809484596
139171,56256.86637211302
139172,57155.953102256644
139173,59165.12399871138
139174,59316.09757813216
139175,59874.161130639935
139176,60721.74706418849
139177,61127.345837986126
139178,61414.21646069798
139179,59369.38141945718
139180,57778.9919537573
139181,55742.61761594026
139182,55087.043847669534
139183,54893.407601937666
139184,54451.23731127374
139185,55283.15230343818
139186,56397.37976884279
139187,57745.79589760003
139188,59922.78950201115
139189,62781.25256001795
139190,65229.46193354117
139191,66226.50209854318
139192,65713.04944587039
139193,64656.16319725503
139194,64410.559139998055
139195,63108.145438883796
139196,61902.62669855793
139197,62526.04467273891
139198,64220.344310998735
139199,63881.44302085477
139200,64554.73497498128
139201,64208.57176469675
139202,61380.702488308205
139203,62451.61510287037
139204,61965.27707101276
139205,60964.87742278659
139206,59737.62818622081
139207,58956.986996373926
139208,58237.387198090124
139209,58328.18583502652
139210,58601.19087318729
139211,60617.72636333688
139212,62431.48036277902
139213,66531.18434469347
139214,69672.56517081229
139215,72689.20492240124
139216,74102.17134994883
139217,74811.61385207731
139218,75555.65138126933
139219,76250.11631863989
139220,75880.91585649566
139221,75524.33476159914
139222,75236.10811131216
139223,75294.6220526067
139224,75037.42979128861
139225,75448.67889187289
139226,76219.87906988437
139227,75294.66653349355
139228,75091.02515454237
139229,74507.68804918528
139230,73662.74516598108
139231,73699.09749524432
139232,73031.45211480676
139233,72163.29358602113
139234,72417.66886503455
139235,73455.1197702632
139236,74185.60964350436
139237,77906.41764569077
139238,81073.57896525036
139239,79789.61697937726
139240,78041.48619585126
139241,75003.07118248544
139242,72062.80667012744
139243,70734.08230747104
139244,69846.3545469626
139245,70077.91431048406
139246,71402.68124125813
139247,70672.14710449554
139248,68745.1844160409
139249,67976.06536571062
139250,65513.40163995009
139251,65614.64429634254
139252,65430.60022550755
139253,64402.26369472083
139254,61767.262753527466
139255,60763.127114472896
139256,59970.42128597964
139257,60386.10277816811
139258,60237.75641438854
139259,61923.77449646358
139260,63447.044179819786
139261,67932.18874339738
139262,71239.81862791348
139263,74741.74025220571
139264,75432.54716858771
139265,75915.46887845283
139266,76335.83697856203
139267,76241.16102448278
139268,75870.78749230993
139269,75464.89000004169
139270,75701.09017596634
139271,75183.92212723289
139272,75192.68133096556
139273,75041.81689814478
139274,75504.38530719519
139275,74153.35754648433
139276,73757.62320518006
139277,72744.83652639262
139278,71867.47188250718
139279,72090.37018311532
139280,71087.26590699298
139281,69563.44766528643
139282,69251.75487745009
139283,69679.42778719097
139284,70469.32861552628
139285,73350.95773485019
139286,75429.2521979515
139287,75145.51277024466
139288,73694.89603028032
139289,70918.8106031169
139290,68525.77533302669
139291,66314.54288213592
139292,65392.2266117351
139293,65715.06878728619
139294,67235.86250907897
139295,66654.06379992116
139296,65343.91461972726
139297,63971.278169195924
139298,61561.942332000006
139299,61549.51417211221
139300,61395.39373451213
139301,61032.724876984656
139302,58681.60496794399
139303,57612.96187604025
139304,57067.44104308075
139305,58062.789960624956
139306,58676.27635432207
139307,60622.33688872914
139308,63746.86592354653
139309,66991.00036955226
139310,70182.9425513689
139311,73761.25065239043
139312,74968.22075030036
139313,75505.91460367072
139314,76044.07183260749
139315,75900.00394872973
139316,75412.10996317005
139317,75185.86573877759
139318,75007.83446914234
139319,74747.1184643749
139320,74529.36686104025
139321,74175.85485635503
139322,74132.98632577939
139323,72232.04781503626
139324,71221.86944520207
139325,69929.30921616296
139326,68358.46826534702
139327,67752.38530748042
139328,68844.15942131258
139329,68988.35125618368
139330,70452.84757749563
139331,72759.74357235899
139332,75400.03509514246
139333,78105.11207885417
139334,81222.77217623382
139335,80876.03574123207
139336,79630.76027101715
139337,77034.90495515085
139338,74195.53505442238
139339,72943.91667273654
139340,71355.37781883696
139341,71255.73695903888
139342,72838.4778705544
139343,72887.39743867109
139344,70632.39165497317
139345,69675.29186873884
139346,68334.016844597
139347,68476.58558074504
139348,68211.8169247711
139349,68094.4024855844
139350,66270.50361163191
139351,64927.8617579453
139352,63921.007999103305
139353,63914.18253924295
139354,64703.74738013018
139355,66313.39516083951
139356,67481.8452007016
139357,69341.35501577416
139358,73839.13595932422
139359,78197.03490459001
139360,79408.59137220765
139361,79884.46943252065
139362,78350.17779172775
139363,78713.97605343674
139364,77107.1928125917
139365,75854.42171054079
139366,75836.95798370903
139367,75542.05268126585
139368,75509.91226270428
139369,75086.94801103741
139370,74900.03304338786
139371,72140.68981324193
139372,71126.77529518786
139373,70075.83070905246
139374,68258.97153131172
139375,67622.23076432379
139376,67999.47388301988
139377,68950.42709676338
139378,69452.9038008578
139379,70420.88316455703
139380,72041.337799519
139381,75013.02789387919
139382,78007.42275772008
139383,77116.20200548095
139384,75978.05647067647
139385,73808.46912808841
139386,70832.38718012467
139387,68475.55428712264
139388,67159.01710086472
139389,68024.9391883134
139390,69693.63621108398
139391,69865.9971250482
139392,68039.91472032393
139393,67042.54603573885
139394,65110.32959184232
139395,65558.21999015183
139396,65694.88568255502
139397,65507.3432237381
139398,63830.442476915574
139399,63648.1221202617
139400,62723.57553072157
139401,62412.848454163664
139402,62964.65318254595
139403,64434.770754432764
139404,65288.537805536354
139405,67239.39369258226
139406,71225.24894457645
139407,74900.99647756472
139408,76648.65875878
139409,75755.0831276006
139410,75763.19581213605
139411,76142.14598280682
139412,75934.21465595151
139413,75768.4727389111
139414,75713.93036216541
139415,76059.9296249987
139416,75571.41304801719
139417,75264.11782072752
139418,75062.9631597273
139419,73426.49344703944
139420,72303.55749685533
139421,71133.83473044905
139422,69651.7120376408
139423,69422.86422518158
139424,69426.67211300886
139425,69329.53169948072
139426,70604.47333000605
139427,71313.8247046688
139428,73151.49471756237
139429,76042.85149655276
139430,78063.14095144355
139431,76945.4547824738
139432,75687.85455941864
139433,73153.1482795409
139434,71341.03423022163
139435,69463.14349823575
139436,68231.95160512002
139437,68355.51018906411
139438,70756.28381509034
139439,72125.25585433867
139440,66748.66201046633
139441,65182.15608628262
139442,63319.22887418512
139443,63439.09802117891
139444,63170.444457750986
139445,63035.77639816918
139446,61978.56054258032
139447,62277.66489923687
139448,61131.816509240816
139449,61362.81827525113
139450,61611.097550727565
139451,62744.96793653131
139452,63049.525506478254
139453,64178.115671000785
139454,62352.62397657118
139455,61595.239208977575
139456,63223.047489601086
139457,64836.549840776584
139458,66417.76131056412
139459,66447.99094706599
139460,66060.81672227448
139461,65875.50021421423
139462,65968.54145790303
139463,65723.37457384753
139464,65853.30038646553
139465,65888.92035179542
139466,66416.98535444225
139467,64541.42570922276
139468,63054.09311116341
139469,62139.28024298156
139470,61536.01242605057
139471,61797.98731099533
139472,61877.8898035696
139473,62442.59155415216
139474,62460.354615384174
139475,63830.27507019631
139476,66124.04233587038
139477,68284.71410240562
139478,70832.11414731473
139479,70416.11828526728
139480,69226.4740300852
139481,67936.72332729453
139482,67610.00441926681
139483,65853.68724913085
139484,65452.50751215857
139485,65932.47242738445
139486,68161.56418997477
139487,67409.37454897465
139488,68885.29464106426
139489,67450.85717159299
139490,65705.90999582969
139491,65912.81073236243
139492,66418.31435300231
139493,65895.91771501099
139494,64338.74729186837
139495,63618.94655190712
139496,62475.213675296414
139497,62061.74111758641
139498,61730.19033035907
139499,63548.21505743203
139500,64044.80109928834
139501,63713.371627549786
139502,60607.351598677735
139503,57704.11205990209
139504,58356.39965108106
139505,59977.35748865975
139506,61263.70186021981
139507,61225.424634606396
139508,60625.77629442162
139509,59924.56855854651
139510,58933.24655028561
139511,58402.78055822807
139512,58664.27045950067
139513,58869.155764405645
139514,58670.69914995885
139515,56364.64397732418
139516,53988.0940297264
139517,51510.66542940797
139518,50885.66548930156
139519,50263.52700986791
139520,50073.37411872162
139521,50558.61397331451
139522,51436.47004560194
139523,52361.424069421846
139524,54485.835952643945
139525,58270.46957020104
139526,61033.2212820052
139527,61476.88544980327
139528,62560.25510459158
139529,61556.019979089215
139530,60840.9207610247
139531,59516.691733273416
139532,58507.83748833308
139533,58930.89932263203
139534,60788.491510771404
139535,59994.076976540295
139536,59122.223797567945
139537,57489.70331423399
139538,54722.22230178849
139539,54617.30564578531
139540,53671.76500452657
139541,52942.995644085524
139542,51391.785285652935
139543,50299.55859514188
139544,49419.17346363986
139545,49004.20698877284
139546,49446.86498779007
139547,51254.309486637234
139548,52422.57577257438
139549,56396.51622070914
139550,59390.659673082555
139551,62577.46472007411
139552,64215.45983346809
139553,65197.05556379623
139554,65304.8964478178
139555,64760.366293208244
139556,64107.278003551
139557,63287.94563670863
139558,63102.532929427194
139559,62831.830629063596
139560,62649.84556901827
139561,62735.453024732225
139562,62717.60699499389
139563,61310.37863203714
139564,60734.64714779599
139565,60369.03277122966
139566,58454.31003897973
139567,58222.34580520216
139568,57839.738341554636
139569,57578.78842107746
139570,58404.9210125136
139571,58315.882267357476
139572,60010.42000511119
139573,62279.6648224957
139574,64641.49787955945
139575,64362.332219805496
139576,62107.27718138302
139577,60048.23669198131
139578,58241.78700083923
139579,56029.79761605664
139580,54407.13646183829
139581,54457.76111707163
139582,56512.61163814943
139583,55307.799254861566
139584,54132.92761708991
139585,52903.70250356112
139586,50594.020604022066
139587,50998.002220572096
139588,50685.2329281076
139589,50386.79070456288
139590,49139.72386523199
139591,48387.831991808685
139592,47668.02476490837
139593,47598.69472731413
139594,48108.54758402
139595,50420.166321604665
139596,52505.50127956561
139597,55002.00190943169
139598,57744.26751802519
139599,59315.12275827551
139600,60002.76231728523
139601,59303.39563711042
139602,60190.058945064
139603,60058.808147949865
139604,59532.92916301139
139605,59294.32906632429
139606,58687.37358222845
139607,58042.89721712934
139608,58706.33719824187
139609,58376.04135240836
139610,58213.45208580388
139611,56892.31444590095
139612,55555.09826409214
139613,54136.87926790123
139614,52104.09606182275
139615,52707.22591577044
139616,52523.20877484849
139617,52935.32086382892
139618,53904.979108321044
139619,54636.33769618458
139620,55787.0269319187
139621,58691.500669107256
139622,60685.67396996079
139623,59924.51792034409
139624,57843.56793066655
139625,55688.45138196429
139626,54331.94924677363
139627,53339.2923313988
139628,51919.27701765888
139629,52475.95963164694
139630,55049.046874956744
139631,55313.30503823023
139632,55435.07073993593
139633,54007.41051599505
139634,51726.607673027145
139635,51828.83890234402
139636,51339.87367859832
139637,50515.11478151226
139638,48840.00399842701
139639,47611.266874124325
139640,46960.766053600804
139641,46618.451676871075
139642,47432.94115333263
139643,48810.66056646915
139644,50834.59921892121
139645,53025.342387112265
139646,55574.2285743697
139647,57725.23143998375
139648,58745.05412086012
139649,59249.553450293744
139650,59778.33902549799
139651,59782.81208743021
139652,58724.154366129165
139653,57368.58505204755
139654,56452.37573586082
139655,56310.99193395394
139656,56087.30680612422
139657,55655.13809567183
139658,55527.237399193444
139659,53953.89900085994
139660,52382.49749256036
139661,51136.65056256573
139662,48697.69426189327
139663,49656.61984677134
139664,50537.07871791557
139665,51437.31010517145
139666,52903.449140395176
139667,54752.05854908713
139668,56882.818831797034
139669,59670.37923232534
139670,62064.608164527046
139671,62133.73983485705
139672,61152.153145509044
139673,58029.07173941477
139674,55726.55803763023
139675,54947.46321849928
139676,53425.038903415756
139677,53352.8603790347
139678,55639.395080865375
139679,54864.26416079631
139680,55309.61173884771
139681,53858.460516737396
139682,51550.34044820334
139683,51352.5547545379
139684,50324.21480213638
139685,49769.39630925223
139686,48102.27354530159
139687,47412.214004232104
139688,46510.281421482185
139689,46200.87419024605
139690,46430.04072150963
139691,48278.01839104567
139692,50013.82048415476
139693,53385.877769862076
139694,55741.96788403113
139695,57625.613507125476
139696,57925.49165256018
139697,58937.08593077966
139698,60031.17079138308
139699,59602.704963965654
139700,59461.26880954655
139701,59118.753772239215
139702,57532.757891808316
139703,57383.03478001816
139704,57662.14576394651
139705,57506.750418234056
139706,57429.74741068812
139707,56515.57878397976
139708,55314.21011372722
139709,54325.711632051156
139710,52557.99444514537
139711,52784.57148967988
139712,52782.21349693086
139713,52993.376696339496
139714,53190.894317253435
139715,53893.57351550436
139716,54877.033951865
139717,58288.19145858372
139718,61692.13705883775
139719,61514.94143659579
139720,60814.724343497364
139721,58146.25541149627
139722,56490.856871673066
139723,55477.66419952751
139724,53539.80467354787
139725,53984.4896610486
139726,56348.66481410577
139727,56076.04572695452
139728,56571.77759514332
139729,55211.894377468256
139730,52945.95449204914
139731,53420.272995656465
139732,53298.09257072793
139733,53082.593227740814
139734,51243.90630426692
139735,50248.46552852956
139736,48914.160663230876
139737,48581.704521610984
139738,48603.65907620608
139739,50306.60010915731
139740,52811.79662124779
139741,54502.186902183
139742,57501.542009373035
139743,59138.17749727621
139744,59756.315910553516
139745,59464.805255245265
139746,60263.133491896006
139747,60238.01957007599
139748,60198.30254404926
139749,59100.52380126621
139750,57546.11553562
139751,57480.76562917318
139752,57538.1617544325
139753,56753.53276657294
139754,56724.491938316045
139755,55148.873909420385
139756,53101.07397555826
139757,51630.691257657636
139758,49013.94962764458
139759,49274.04868077233
139760,49514.128413995844
139761,49796.24107342352
139762,51329.32496311798
139763,53307.35185278459
139764,54928.210252320816
139765,57010.75475461419
139766,58609.11903095954
139767,58335.76162885629
139768,56717.7324229699
139769,55177.70785436169
139770,53228.85922314912
139771,50805.89698740255
139772,49239.61308906479
139773,49601.07068278489
139774,51531.75778292031
139775,50741.65858732624
139776,49872.22949274916
139777,48417.84780327193
139778,45975.79726673441
139779,45790.98437654474
139780,45254.79300661845
139781,44802.46434077366
139782,43181.14158608358
139783,42166.41629875656
139784,40700.24594714556
139785,40430.73849761404
139786,40494.4455913883
139787,40703.12362342272
139788,41143.09006910629
139789,42255.98525686681
139790,44009.405055750925
139791,45425.47333980419
139792,46101.62625941521
139793,47402.05631660936
139794,47511.23954544271
139795,45061.1428478109
139796,44459.62036034914
139797,43331.93660685696
139798,42606.371897840974
139799,42162.45230711805
139800,42239.311575008884
139801,42185.19917774801
139802,42338.03016865129
139803,40494.23542662601
139804,39275.5827501322
139805,38067.364818181755
139806,37323.64569933742
139807,37137.337166574885
139808,37488.110499837014
139809,37188.587381875426
139810,38251.803087799984
139811,40200.342094922045
139812,42807.88442469951
139813,45859.77895335648
139814,48295.96034474054
139815,48015.73501224865
139816,47266.615116025685
139817,45552.95765749112
139818,44515.15827679724
139819,43948.02382078973
139820,43895.11236490103
139821,44787.24747945091
139822,46913.42738267856
139823,47104.302492282615
139824,46980.042470898705
139825,46064.346709641424
139826,43850.448208152986
139827,44052.33095350003
139828,43782.96387763152
139829,43695.97114033193
139830,42381.34547793022
139831,42023.00994886333
139832,40978.56970191337
139833,41232.853372983765
139834,41380.90885276693
139835,41860.31707839417
139836,41882.303065941946
139837,41987.60761531455
139838,42508.03902597541
139839,42873.27877876469
139840,42526.826466658735
139841,44661.21701314198
139842,44867.946779913975
139843,43277.604407933206
139844,43587.20734672372
139845,43918.347422065395
139846,43272.3038490997
139847,43187.62762907486
139848,43859.317658866144
139849,44370.7580249959
139850,45231.39419313129
139851,43422.75838215486
139852,41624.12737008732
139853,40352.8391128199
139854,39752.044985253895
139855,39113.6813511933
139856,39070.679447048125
139857,39039.76833272775
139858,40559.17904856784
139859,43074.926673369184
139860,45420.436581013666
139861,48266.021882922025
139862,50629.57055824707
139863,51441.35902142827
139864,51894.45011356136
139865,50505.85764820469
139866,50092.16917495586
139867,49139.04523664746
139868,47483.15595959769
139869,47760.529620208385
139870,50029.07949491736
139871,49604.674518915504
139872,50121.974039048335
139873,48793.12165968062
139874,46644.81411867131
139875,46424.41386956201
139876,46041.29362179821
139877,45558.261951320404
139878,44169.92511039901
139879,43516.11764241887
139880,42860.72387638964
139881,42929.02704024117
139882,43137.74321529133
139883,45143.09005047858
139884,46878.31995001229
139885,50205.93342902367
139886,53464.834104933274
139887,56161.94293713155
139888,58027.80818475451
139889,59760.528435119835
139890,60525.1761121874
139891,60533.15005596088
139892,60695.4257669771
139893,60569.63135076449
139894,59877.354894438155
139895,59852.796549355044
139896,59972.47969636739
139897,60608.14019923112
139898,60684.6385497755
139899,59879.17129127517
139900,58971.642690017004
139901,58379.0684280531
139902,57086.073967067154
139903,56784.34941283411
139904,56293.673315555236
139905,55583.84738468374
139906,55248.73659538059
139907,55558.854464464945
139908,56719.37518569961
139909,58588.138881339946
139910,62211.379688469846
139911,62175.475563486856
139912,60388.67995104839
139913,58014.718021293476
139914,56383.464059262726
139915,55001.24480084727
139916,53333.49032053407
139917,53095.56163791008
139918,55212.48770797822
139919,54704.55908989495
139920,53980.14170671769
139921,52105.7665572176
139922,49684.85029965313
139923,49338.63222136631
139924,48606.26456848978
139925,47820.19992297345
139926,46742.691933841474
139927,45630.42878993731
139928,44883.30620141587
139929,44524.239878901666
139930,44680.25828206839
139931,46151.19848212979
139932,48235.85217688396
139933,51548.71226551051
139934,53669.59635900415
139935,55925.657370497785
139936,56623.51466320837
139937,56606.43087641045
139938,56234.85638167351
139939,55585.90436072594
139940,53839.80300826118
139941,52625.48338350427
139942,51338.92322659257
139943,49791.094572440976
139944,50362.450788941635
139945,49932.29314135736
139946,49856.39126644524
139947,48315.60336391509
139948,47216.89522758055
139949,46106.55646603192
139950,44522.7662165252
139951,45263.69083178971
139952,46277.22491771935
139953,47122.520999202585
139954,48849.333309253125
139955,50247.99463085749
139956,52154.434505130674
139957,53506.45363983457
139958,56667.73946967408
139959,56720.86636638408
139960,55369.955116034645
139961,54226.86514768183
139962,52251.45294502445
139963,51540.625448570645
139964,50214.87460241928
139965,50459.72907977892
139966,52768.3260026521
139967,52516.335681074255
139968,52938.88047097019
139969,51203.30160644731
139970,49011.33140376954
139971,48827.450202302396
139972,48425.3390648832
139973,48124.897078359674
139974,46942.52031661197
139975,46012.728892519604
139976,45342.67013856348
139977,45174.48042392782
139978,45676.17074065211
139979,46774.52360831588
139980,48478.13179307945
139981,51873.61795122748
139982,54158.14092982707
139983,56307.921890590034
139984,57807.37432921386
139985,58281.853123214394
139986,58263.387047686905
139987,56885.01833302639
139988,55732.985390366375
139989,54642.45509748073
139990,54239.42169665107
139991,53465.05906875945
139992,53159.23352779264
139993,52250.56434945967
139994,51939.89329301766
139995,50299.36055063573
139996,49449.60411339322
139997,48243.67558724747
139998,46242.32987829147
139999,46787.0346587911
140000,47809.57935198442
140001,48921.357031914995
140002,50053.01508136235
140003,51977.49681911377
140004,54329.16715188526
140005,55937.211658858025
140006,58593.84669059325
140007,59456.349591398786
140008,58810.39526297131
140009,56965.939061088306
140010,55324.14287309154
140011,54044.09367392846
140012,52806.64328708577
140013,53525.992924995444
140014,55222.79963488938
140015,54599.448715592924
140016,54816.63442753597
140017,53175.73842303773
140018,51359.82947627758
140019,51350.475341491925
140020,51497.34907229042
140021,51406.29552008959
140022,50614.744350547146
140023,50256.90013268613
140024,49707.70823490771
140025,49590.28984172576
140026,49686.76096504644
140027,51129.0603390202
140028,53019.83488182263
140029,56368.87160155197
140030,58631.4812183142
140031,61316.68195422371
140032,61631.03730492349
140033,62078.702644372184
140034,62029.34045740754
140035,61199.34374148789
140036,61131.757739742614
140037,60037.23699893342
140038,59239.900861872404
140039,58197.979405513215
140040,58278.05227334582
140041,57810.78780917854
140042,57649.24021379797
140043,55778.77111054752
140044,54857.183435099265
140045,53452.90270576715
140046,51806.557929158735
140047,52299.75294192855
140048,52243.00580846119
140049,52845.48076463847
140050,52821.99384405836
140051,54615.313195609735
140052,56808.881128259374
140053,59209.466115858304
140054,62531.72437285606
140055,62608.773190544074
140056,61568.92356363617
140057,59856.11522115496
140058,57719.42185823646
140059,56732.267487359415
140060,55406.7077989105
140061,55945.20986993012
140062,58157.15606771271
140063,57283.13058791526
140064,57719.51551063112
140065,56417.51957503518
140066,54118.1683710728
140067,54091.011287207606
140068,53367.87995901388
140069,53201.32777795451
140070,52140.20670633991
140071,51574.4736826081
140072,50994.08243784671
140073,51318.85672870216
140074,51662.5863434381
140075,53785.316223257156
140076,55898.2977343662
140077,58811.84540844843
140078,60534.19327956731
140079,62404.699548869175
140080,61859.33856015528
140081,63352.07198330001
140082,63837.4269162117
140083,62428.20078435172
140084,62300.4226599587
140085,61465.56928565911
140086,60965.58710247066
140087,59737.62357165769
140088,59333.64152696229
140089,58921.49880405714
140090,58741.93762534456
140091,56849.97242112269
140092,55972.22943430911
140093,54652.675972279445
140094,53004.135872295235
140095,52325.956627545354
140096,51506.737629356576
140097,52390.02237240202
140098,52518.129395656295
140099,53681.85928767675
140100,55058.22609612116
140101,57169.32527319232
140102,60593.70826336816
140103,61574.134747630495
140104,60155.53388818541
140105,57469.82814087942
140106,54938.74143902259
140107,54431.05029033889
140108,53225.39976223286
140109,53623.70752138752
140110,56638.465742811284
140111,56082.60927131118
140112,56646.958543679895
140113,55789.88774800518
140114,53898.71189451355
140115,53521.74615014735
140116,52852.97850305119
140117,52208.370422584194
140118,51095.254503541546
140119,50265.57966553234
140120,49391.02061526701
140121,49750.741115660436
140122,49987.35594373594
140123,50955.59999256446
140124,51089.48621104977
140125,51599.67228020397
140126,53811.89271221549
140127,54942.868266893885
140128,55547.103659001026
140129,55069.35634103692
140130,54883.490379221774
140131,54638.97135516824
140132,54300.48500260855
140133,53909.89127503812
140134,52507.00058494485
140135,51084.00978990291
140136,51024.8031301875
140137,51275.945962879094
140138,51475.928386350904
140139,48890.78106765843
140140,46740.77826742923
140141,45677.32358488258
140142,43811.394424446415
140143,43271.861312429624
140144,43600.97651835608
140145,44137.77442145931
140146,45051.479980598924
140147,46269.37491142986
140148,48351.78497955976
140149,51379.23272484459
140150,54901.172262063774
140151,56613.50504510058
140152,56373.868136262696
140153,54357.803068861234
140154,52639.194308327
140155,51982.44180407398
140156,51656.926137132476
140157,52494.65030035633
140158,55181.39491695878
140159,55655.78326453365
140160,55100.01921752009
140161,53995.18468738129
140162,52272.57895655928
140163,51627.47036030974
140164,51215.04614944565
140165,50301.51742983664
140166,48149.401708551544
140167,47481.15954372835
140168,46180.670828273775
140169,46195.604228188946
140170,46044.697326265385
140171,46710.16379031266
140172,47035.85857980617
140173,48066.421351997385
140174,48889.483117564785
140175,49942.63664401478
140176,50340.979284422756
140177,50019.64162324059
140178,50368.91127131577
140179,50340.48569617083
140180,49659.110631062686
140181,50373.17879373591
140182,49973.97358309322
140183,49798.22933854896
140184,49586.44503801271
140185,49335.03796921573
140186,49515.8128180008
140187,45695.92935168708
140188,43956.20317301355
140189,41333.20157684015
140190,40067.114567974146
140191,40263.64569977587
140192,40722.70083846478
140193,41985.42001652607
140194,43060.900312786616
140195,44987.882978000365
140196,48857.362080147104
140197,51199.88963808792
140198,55270.38857038751
140199,56611.3138149701
140200,57159.13721206996
140201,55264.494036418386
140202,54201.90970965046
140203,53354.4502083458
140204,52655.693050469614
140205,53225.75145945621
140206,55888.9241365972
140207,56115.268142418696
140208,55843.06986075182
140209,54856.59563331749
140210,52855.4872492425
140211,52768.69048586255
140212,52890.01604510784
140213,52529.542322380235
140214,51281.803909163864
140215,50026.45888440007
140216,49676.80221632358
140217,49614.76568456152
140218,50279.15284072759
140219,52611.41414578748
140220,54550.15599506341
140221,57564.51067639513
140222,59746.82135115642
140223,61505.58457135027
140224,62574.31953449642
140225,63488.4628628174
140226,62506.69597481866
140227,62156.165131170506
140228,61592.80922284512
140229,60310.01825109208
140230,60243.08241532934
140231,59444.387294243665
140232,59102.17219042523
140233,58357.988730908604
140234,57661.95380553271
140235,55878.96899818001
140236,54243.970524510194
140237,52536.4749130709
140238,50762.946677624335
140239,51508.575316638126
140240,51529.09615954426
140241,51799.039964884054
140242,52959.79800854362
140243,53801.50540268187
140244,55482.51792163845
140245,57547.072912651216
140246,60597.65628210354
140247,60712.421626647534
140248,60267.64919306245
140249,58339.69133480059
140250,56722.95189949499
140251,55605.209058051216
140252,53927.05632291589
140253,54766.94017466762
140254,57546.39339216774
140255,57055.46477365439
140256,56780.863141543625
140257,56233.20089880695
140258,54030.936132077644
140259,53730.81855078152
140260,52903.65902577468
140261,52331.69063655393
140262,51275.64190934699
140263,50616.24996457612
140264,49955.93453047863
140265,50159.45187883798
140266,50465.074541691705
140267,52210.63114467277
140268,54004.59548328107
140269,58669.33757517003
140270,60584.417828053716
140271,62668.62031668007
140272,63789.99590635269
140273,63547.00292423717
140274,63321.472719241305
140275,63034.83211108777
140276,62121.52522369866
140277,61834.14223748315
140278,61192.528040153346
140279,60416.09048924892
140280,59088.13999822151
140281,58802.85188972765
140282,59010.981430508386
140283,57626.04587177206
140284,56707.42579825912
140285,55717.935472153564
140286,54557.72539861813
140287,55342.30203321791
140288,55294.31581339156
140289,55052.679281616074
140290,55299.920332062495
140291,57087.91562326232
140292,58986.15188473042
140293,61703.143992765705
140294,64726.63702104317
140295,64873.745363396636
140296,63950.68039469598
140297,61808.363136043736
140298,60901.760274283435
140299,59759.75360162187
140300,58373.54597404501
140301,58475.33787455386
140302,60468.50688999697
140303,59770.926625606575
140304,59858.56830042126
140305,58018.40717510637
140306,55735.41774487646
140307,55509.482224824416
140308,55031.090907753154
140309,54920.908915620974
140310,53841.09160320783
140311,53255.89884529383
140312,52795.38088579592
140313,52661.52809386067
140314,53113.701126429514
140315,54917.679673938765
140316,57631.232885305864
140317,60204.6285692137
140318,61952.48042093364
140319,62894.960772166734
140320,63848.092480417625
140321,64122.191679509095
140322,65144.304973565726
140323,64765.54528875059
140324,64440.34026812108
140325,63652.99413314303
140326,62991.78724192966
140327,62154.429857482384
140328,61967.10269823053
140329,61578.10258353872
140330,61381.96360716999
140331,59851.63637091129
140332,58664.339446228085
140333,57615.590868684885
140334,56422.46640777812
140335,56307.16550950421
140336,56436.72470319556
140337,56348.28046625608
140338,57518.490369084975
140339,59432.450073354645
140340,60905.87223119686
140341,62826.85204862297
140342,65957.58565311853
140343,66735.17360537092
140344,65248.6045199869
140345,63070.64830989045
140346,61393.84278233791
140347,60283.44221421438
140348,58858.18518469605
140349,58882.28308564715
140350,61046.96235011057
140351,60300.69957479405
140352,60571.615278742334
140353,58920.13972691513
140354,56660.06378872586
140355,56203.600491002835
140356,56097.464712934816
140357,55778.15563429786
140358,54608.52184873219
140359,53858.5968631762
140360,52914.7047481581
140361,52968.94125160532
140362,53401.67429135334
140363,55596.61358651635
140364,57630.5954279969
140365,60343.82477546795
140366,62588.430795503096
140367,62608.424431682586
140368,63808.11538383141
140369,64036.28492525302
140370,64535.39844812366
140371,64352.44228537055
140372,63352.520380210975
140373,63238.1481201466
140374,62772.823186323556
140375,61997.771432679445
140376,61986.73870082783
140377,61785.668934470086
140378,62140.05370055667
140379,60750.7521471263
140380,60354.00544852017
140381,58683.96901538542
140382,57149.56663575876
140383,57908.149238679034
140384,57955.618928401454
140385,58233.33970007206
140386,58954.666307882995
140387,58912.710499289686
140388,60327.8343687795
140389,60570.78734368387
140390,64343.57560755099
140391,64196.57508874169
140392,63177.71224668811
140393,61512.2360662208
140394,60379.42544884415
140395,58758.896604345966
140396,57253.08720125701
140397,57645.89615818525
140398,60004.343546169366
140399,59026.49010175564
140400,59270.19344987499
140401,57808.259496391176
140402,55290.38915998081
140403,54894.83576103089
140404,54743.76340665676
140405,54729.23047434248
140406,53116.53256902043
140407,52230.91520143877
140408,51357.60363565861
140409,50777.730250927605
140410,51411.31658574102
140411,53406.592416608466
140412,55580.11283042661
140413,57842.51468317174
140414,59306.77188003068
140415,60850.99168417884
140416,61925.02877096897
140417,62344.76016849226
140418,62352.75464017923
140419,62730.6954770187
140420,62762.68765065425
140421,62064.851245364196
140422,62155.31093313879
140423,62515.0687302686
140424,62548.19382838083
140425,62069.10910551133
140426,61242.35168171676
140427,59332.41250542749
140428,57908.43490135539
140429,56617.017305398775
140430,54672.03463648872
140431,54490.74808586479
140432,55336.309947865746
140433,55364.81878530078
140434,54864.947891439944
140435,55423.313081954126
140436,58239.45003176025
140437,60005.93097728602
140438,63349.631548334655
140439,64459.53896424672
140440,63164.303504564916
140441,60130.76420970481
140442,59384.12579231789
140443,58363.46932114904
140444,57325.18567632271
140445,58391.760611879814
140446,61363.12455742591
140447,61186.292086996604
140448,58703.54310868669
140449,57381.21526601204
140450,54900.78061231585
140451,54113.36618385075
140452,53559.059309105665
140453,53174.91729544444
140454,50832.67356420863
140455,50126.03633496639
140456,49341.47098403359
140457,50200.43582768548
140458,50162.68846380833
140459,50994.17074744854
140460,51363.04182290715
140461,52233.54043910919
140462,53390.49837943156
140463,54627.47055246999
140464,53601.15906998333
140465,54122.64146532562
140466,54713.146744200174
140467,54569.52357198285
140468,55557.975143206204
140469,56404.066064917904
140470,55376.71408483895
140471,55512.650579933965
140472,54945.6902000689
140473,54798.480392204176
140474,55164.51258780782
140475,53077.893699912645
140476,51007.5658871145
140477,49782.45471898904
140478,48343.43486896268
140479,48162.23537307181
140480,47155.54500650778
140481,47347.84459604398
140482,48473.76874456386
140483,50163.26176204575
140484,53667.86865860888
140485,55799.05298662864
140486,59239.50686867278
140487,60387.773844927404
140488,60044.40943435024
140489,58840.544570669634
140490,57785.515269734395
140491,57139.64918312791
140492,56319.172838039056
140493,56953.59553028429
140494,59890.510429919326
140495,59431.189407544436
140496,59495.970944917484
140497,58870.873284687834
140498,56684.98069062656
140499,56427.84305617546
140500,55966.714905111956
140501,55468.305458093986
140502,53560.98772083754
140503,53070.732906580866
140504,51863.84272502708
140505,51419.90194719551
140506,51128.582312574144
140507,51523.50931223033
140508,51901.13265604216
140509,53093.69685000014
140510,54098.09233643956
140511,54202.90790923672
140512,54801.67186717962
140513,54589.45950678625
140514,55031.07037974
140515,56283.12369475625
140516,56370.03971124735
140517,56027.32271034497
140518,55884.56663373201
140519,55682.6473971174
140520,55698.88714030843
140521,56281.485372731775
140522,56793.636102415985
140523,54361.47647990746
140524,51705.06656106961
140525,50513.18485214864
140526,49380.147890474895
140527,49509.51059612109
140528,49071.12874262284
140529,48410.22697449528
140530,49224.303395739174
140531,50564.39818809218
140532,53641.69126149203
140533,55661.38177695729
140534,59665.24268001593
140535,61109.608333885415
140536,60142.53652888757
140537,58459.86176906069
140538,57915.030798345426
140539,57050.56232793418
140540,56045.11861981178
140541,56500.038867506875
140542,59056.76665509528
140543,58207.250995080656
140544,58647.800689502285
140545,57858.73037025175
140546,55319.68642329362
140547,54855.17424527474
140548,54349.886046912005
140549,53962.30284196187
140550,52228.675976793245
140551,51857.27350282342
140552,50952.24367548902
140553,51557.00650882379
140554,52216.72830585709
140555,54239.22769921851
140556,56376.0012805393
140557,60404.47585295927
140558,62972.01506964647
140559,65773.9943787361
140560,67540.51700492151
140561,66959.60911234935
140562,66064.19178109195
140563,65463.21779497925
140564,65363.30574791126
140565,64564.71633041474
140566,63295.78261521827
140567,62308.54079257004
140568,61756.41299600139
140569,61535.88881328216
140570,61354.14314828556
140571,60094.4065347355
140572,59004.37484405134
140573,57525.141555059425
140574,55705.38236350908
140575,55581.702128252386
140576,55442.37117080226
140577,56711.855200614475
140578,58226.0748505654
140579,58161.125829962155
140580,61138.36335576282
140581,63268.60831997506
140582,67172.42777230525
140583,68920.46251736407
140584,68152.72581947158
140585,65595.2014330582
140586,62872.90350433256
140587,62303.3831731385
140588,61238.088919578586
140589,62306.3186302993
140590,64519.820268592935
140591,63989.14547770636
140592,62180.873015953504
140593,61152.95372598942
140594,59024.477201385664
140595,59302.06582073148
140596,58808.88162232209
140597,58219.34813516589
140598,56750.23764941927
140599,55564.86332787614
140600,55211.85958724462
140601,55180.82685346478
140602,56423.19241825145
140603,58676.64527813102
140604,60058.43270796793
140605,62594.35738897616
140606,65340.27262683914
140607,68166.19379647059
140608,69173.1086677647
140609,67990.72661049779
140610,65877.02350442616
140611,66042.29425003931
140612,64934.999928687685
140613,63550.23772466972
140614,61722.7782354567
140615,61050.52350010409
140616,60822.22642684415
140617,60546.38558567265
140618,59979.68922802721
140619,59043.849962875785
140620,57653.03567448592
140621,56887.90462415315
140622,55979.260963184264
140623,55288.79395554933
140624,55635.14542935368
140625,54571.44288271281
140626,55439.42131534926
140627,56623.69972088753
140628,58811.43765338458
140629,60210.88816067301
140630,65086.14873633641
140631,66638.03898459152
140632,65514.22746169745
140633,63588.35013719737
140634,61892.75261156785
140635,60806.528033193106
140636,59849.94853358914
140637,61385.496842372326
140638,64325.87521940461
140639,63191.23781413677
140640,61411.29606886084
140641,59845.1609718441
140642,57297.40629454042
140643,57054.47508561287
140644,56702.898964694905
140645,56089.27185744434
140646,54548.55847676128
140647,53748.598710228514
140648,53493.17088908485
140649,53815.47573267351
140650,54001.96897380133
140651,56028.05247436831
140652,58484.88564557701
140653,60721.99927444543
140654,62920.7052962517
140655,65824.55314625725
140656,66304.57431865243
140657,64876.50138977201
140658,63085.100751860155
140659,62704.82859928669
140660,60813.34115650642
140661,57945.34735748896
140662,56657.75269112932
140663,54009.72923411513
140664,53283.41835567186
140665,52907.729180421105
140666,53074.444569973966
140667,51828.08885463499
140668,50542.53361490146
140669,49621.17761562456
140670,48974.069344921205
140671,49649.89368073609
140672,49029.6425714441
140673,48617.96562654899
140674,49006.848296805845
140675,49674.62519216095
140676,50281.80355661127
140677,51962.61318504364
140678,56200.66703841643
140679,56813.407873721706
140680,55087.08060664656
140681,53183.68720489529
140682,52803.9949402537
140683,50987.810120022885
140684,48935.24147717409
140685,48764.78935887889
140686,50381.54998808297
140687,49834.5474263174
140688,49733.14511813765
140689,47977.40790194232
140690,45597.5387557565
140691,45586.80096247042
140692,45179.94706006495
140693,45187.24220047575
140694,43890.33449921728
140695,42756.78565937852
140696,42307.15764811325
140697,41916.143600429175
140698,42097.89729236769
140699,43442.88415908869
140700,44742.95961138913
140701,47574.309403153784
140702,49288.20351026804
140703,50233.54749653706
140704,50438.68312911703
140705,49662.43410750957
140706,49937.184467203566
140707,49856.6837823059
140708,50111.342363876174
140709,49606.85711064635
140710,49080.73799493476
140711,48996.66853863842
140712,48871.04730581977
140713,49398.6761607535
140714,49487.94691480776
140715,48542.62559685415
140716,47642.886488180964
140717,47283.57925605406
140718,46523.66797307132
140719,46536.79248240514
140720,45973.31303806809
140721,45674.013127533195
140722,45718.95141810266
140723,46641.10180416124
140724,47304.49091788732
140725,48743.99296808691
140726,51810.96568971059
140727,52352.89424513916
140728,51590.335183695905
140729,50554.42249009618
140730,49511.7080185579
140731,48909.137570101564
140732,47467.57893578985
140733,48163.91369298297
140734,49753.07293042935
140735,48937.46176426897
140736,48343.414688313904
140737,47644.7708803275
140738,45135.4068900957
140739,45113.56364242082
140740,45594.02951286216
140741,44543.251632618354
140742,43209.17728201051
140743,42889.99791773775
140744,42145.66052489937
140745,41996.82508768613
140746,42463.52168156014
140747,43629.424245684786
140748,46107.2088325087
140749,49639.0853834325
140750,53639.95362316578
140751,53897.8652999101
140752,53871.5943983206
140753,52658.94103102365
140754,52638.628223521424
140755,53031.22716099503
140756,50897.93299031218
140757,50188.50631148784
140758,48862.5081116624
140759,47389.13609593103
140760,47604.43355773445
140761,47562.151296042866
140762,47651.613212411496
140763,46440.71009032008
140764,45437.578894390565
140765,44661.548724804925
140766,44437.069476515855
140767,44006.66478925236
140768,43948.56131444073
140769,43964.29938402488
140770,43976.61267780603
140771,44929.377159814496
140772,46312.55476849771
140773,48128.254901367756
140774,52165.40927341648
140775,53035.555004493624
140776,52133.34645149831
140777,50444.18036948024
140778,49306.62997081459
140779,48311.769040878025
140780,46482.89010455455
140781,46770.99656487777
140782,48926.41567663301
140783,48452.37676970889
140784,46069.0788241305
140785,44781.58394575826
140786,42282.92062204431
140787,41824.256669862305
140788,41660.51398432039
140789,41010.4740913492
140790,39469.538485347635
140791,38021.452849164925
140792,36393.66282072531
140793,36220.20306193482
140794,36020.98140381692
140795,36407.38584389223
140796,36030.85179082895
140797,36417.69259288782
140798,37056.41789481984
140799,38183.34221184989
140800,38460.33521343095
140801,39371.16780581714
140802,40062.78336351269
140803,40257.633697339515
140804,40706.45003656924
140805,41757.45304476455
140806,40825.31329717139
140807,41278.636309768655
140808,41765.396701693586
140809,42009.8979697133
140810,43097.66169991491
140811,41226.24001950634
140812,39296.63045280883
140813,37799.702526792804
140814,37368.70492680739
140815,37474.268030419385
140816,36952.865993704596
140817,37460.63124135051
140818,37291.35146897593
140819,38765.81867187934
140820,40587.146240983064
140821,42509.83875001983
140822,46158.6156605449
140823,48054.27990629999
140824,48600.615969170416
140825,46786.31085351134
140826,45905.27099766661
140827,45421.69449737298
140828,44234.22682230036
140829,44826.39041333527
140830,47327.37681706864
140831,47684.0206974914
140832,48377.71581972309
140833,47351.556591376735
140834,45072.9507953943
140835,44936.70810572125
140836,44422.790890313794
140837,43042.9274575903
140838,40778.119385349695
140839,39800.313662686305
140840,38301.140181648676
140841,37991.84753345222
140842,37516.23275894277
140843,38101.483515380765
140844,38642.52402086205
140845,38688.7070138483
140846,39776.59636623848
140847,40398.78977581338
140848,39851.61383907657
140849,40982.49623334417
140850,41158.25866363837
140851,42130.25983646606
140852,42296.36233587099
140853,42683.46309482465
140854,41995.95545168779
140855,42014.14102817871
140856,42590.76701450112
140857,42900.16894877279
140858,42483.44319277688
140859,40624.33957986959
140860,38596.56134903748
140861,37321.64580569808
140862,36884.22238677864
140863,36208.847506260514
140864,35735.88830127564
140865,35427.4381927364
140866,36168.60223206565
140867,37399.477807022784
140868,39121.33657847665
140869,42313.682026910945
140870,46172.46949720459
140871,49632.62447630835
140872,50653.63859199643
140873,49168.43398092501
140874,49241.725100252654
140875,47962.94076347742
140876,46562.80276345697
140877,46895.60147820531
140878,49128.95483756262
140879,48071.20232416571
140880,48344.75430003748
140881,46568.71007042118
140882,43618.10339205284
140883,42890.68379906801
140884,41954.23928362105
140885,41720.264104714275
140886,39561.857371672646
140887,38917.04476466905
140888,38280.97409166887
140889,38270.75620058526
140890,38670.133237765935
140891,39916.099548687635
140892,42287.81902011933
140893,46566.513913122304
140894,48641.727367194326
140895,51569.74792345046
140896,52576.832503860984
140897,52720.34230578154
140898,53089.398103438405
140899,53729.9137454332
140900,52684.38378391639
140901,51646.05184843324
140902,51375.000215690925
140903,51738.226191761976
140904,52023.57756045756
140905,52339.53144832821
140906,52528.091496250745
140907,51185.338346955556
140908,50406.31293117247
140909,49386.294597273634
140910,48525.93668882542
140911,47917.473355712544
140912,47078.83078075738
140913,46404.39903876611
140914,46567.66946515767
140915,47026.41947415957
140916,49139.918087126054
140917,51527.429099152294
140918,56186.245020272414
140919,58652.5670059061
140920,57730.10622415674
140921,55597.55993741619
140922,54582.719819674196
140923,52587.6288825562
140924,51248.75212577259
140925,51800.478030735045
140926,54644.131677171914
140927,53740.73802789138
140928,54813.292028990385
140929,53328.23345339634
140930,49833.949595636615
140931,49410.27130850779
140932,47698.85442860129
140933,46422.1108354915
140934,45565.39055876042
140935,45457.350888604786
140936,45207.29097000485
140937,45417.969649608625
140938,46108.95637856365
140939,47773.39004888362
140940,49769.48843297007
140941,54109.00540183326
140942,58200.45046216879
140943,60956.84011116339
140944,61873.05768773353
140945,59422.39570278569
140946,59443.19284122874
140947,58281.06988776763
140948,56869.856816490275
140949,57187.31988266663
140950,55649.729175313405
140951,54671.4191258947
140952,54642.53739072979
140953,54576.411239600995
140954,54356.46072078345
140955,52767.34567435165
140956,51173.45592633348
140957,50463.18267043444
140958,49610.62738023061
140959,49370.474448250185
140960,49135.896429232605
140961,49222.24809511213
140962,49768.06561632708
140963,50253.500136056595
140964,51746.34930365618
140965,52283.11065890655
140966,54797.03497241095
140967,56101.44988579658
140968,54893.70402762022
140969,52341.59996297126
140970,50269.53659654254
140971,49646.575449386044
140972,48755.63846060591
140973,49590.47209792711
140974,51976.606382633894
140975,50793.78864413491
140976,50984.58469041139
140977,50105.8055615579
140978,46439.37821248674
140979,45912.54357760451
140980,45262.06873369987
140981,44796.362806025914
140982,43120.95484033896
140983,42428.58809351186
140984,41455.658488896785
140985,41125.475655436
140986,41407.41226101382
140987,42306.6922016554
140988,43771.85595399461
140989,47297.933643179946
140990,51766.575822535284
140991,52372.45020332307
140992,53293.788263309565
140993,54443.49772632521
140994,53830.7634388788
140995,53546.403227495735
140996,52110.86610672724
140997,52478.248783976946
140998,52421.441201688605
140999,52735.412413858525
141000,52517.76591246601
141001,52546.10181043119
141002,52716.17514218347
141003,51613.26125351367
141004,51678.94072392407
141005,51359.79855298032
141006,50239.469432024234
141007,50019.641116807965
141008,50340.13671134382
141009,51961.39398020888
141010,52686.5222918773
141011,53658.993547728045
141012,54381.22034422519
141013,56099.79945140637
141014,59866.89392813433
141015,61686.59772412743
141016,60763.80616380095
141017,59602.5562807037
141018,56317.12594770561
141019,55306.66728886706
141020,53691.78624994277
141021,53971.30440013776
141022,55895.16739466013
141023,55560.64328206451
141024,55119.475399048155
141025,54978.02290226553
141026,52182.44956214727
141027,51466.49853228808
141028,51101.94286778762
141029,49777.524089581595
141030,49023.265773087274
141031,49006.32040417074
141032,48230.99075330405
141033,48342.03204970268
141034,48770.443731143816
141035,50648.928691312954
141036,51478.77770205605
141037,54372.91319526344
141038,58460.21288193952
141039,60584.71360912748
141040,62092.35791542311
141041,60620.8867880006
141042,60101.08628758188
141043,61860.310378275404
141044,61029.99566649794
141045,60665.773449399654
141046,58851.89364991198
141047,59324.12160181967
141048,58889.727220146764
141049,58913.65549649235
141050,59122.51724639822
141051,57384.86400232055
141052,56543.258843631644
141053,55466.55289279152
141054,54113.133435139665
141055,54315.818502140944
141056,54359.04884586773
141057,53929.25036299802
141058,55871.76800521977
141059,56150.808146462754
141060,57024.91917562285
141061,58500.45240356507
141062,62432.00537157245
141063,63800.04449407866
141064,62521.01767799878
141065,61365.71062285607
141066,58438.96966114946
141067,56400.09375854863
141068,55313.57474340574
141069,55932.34144028662
141070,58351.99395890245
141071,57533.30157270536
141072,55958.84862946
141073,54124.03166440434
141074,51955.16842422002
141075,51182.88930567066
141076,50534.32029214746
141077,49562.79373053586
141078,48069.88943540372
141079,47525.31003809451
141080,46675.2541993408
141081,46210.63764397333
141082,45785.4223644947
141083,47155.90062390721
141084,46978.71017996698
141085,49279.18967951733
141086,53363.9678644435
141087,57047.6246702567
141088,57908.35760842381
141089,57969.17831088376
141090,57053.93445135252
141091,56268.1357099974
141092,55367.50101318974
141093,54468.39492922092
141094,53492.532583505264
141095,52697.188956488455
141096,50452.094210488634
141097,50334.16291116776
141098,50876.8118609776
141099,49051.379018485124
141100,48710.517604216206
141101,47506.08745747896
141102,45980.82842097545
141103,46366.08584253153
141104,45728.2788093092
141105,46924.02021116138
141106,47241.809904815585
141107,48290.35338420134
141108,49829.50071980215
141109,52992.960461575916
141110,56175.1265083927
141111,59879.67107889975
141112,60149.36360817983
141113,58665.10016398074
141114,55892.530598036195
141115,55415.87645953536
141116,54609.79754914806
141117,54901.278435758584
141118,59770.11070824089
141119,58853.78720422926
141120,53865.750322134154
141121,53034.72957881634
141122,51632.940733433476
141123,51369.978947509604
141124,50919.91979564302
141125,49523.95775892432
141126,48130.31913028351
141127,48018.19992703248
141128,48675.66971710262
141129,48507.72585573634
141130,48465.678274424536
141131,49036.181828263754
141132,50067.08282991023
141133,48266.82962710063
141134,49647.110703338374
141135,51395.40855183667
141136,50424.899455310784
141137,49941.926672802816
141138,49406.92063247042
141139,49408.33814262988
141140,49230.98337927377
141141,49239.03079857297
141142,48308.848345382496
141143,48359.474164424304
141144,48370.91497617597
141145,48113.36744134188
141146,47851.5514410265
141147,45884.17614501867
141148,43550.20539034499
141149,40829.24699369872
141150,39464.1055945863
141151,39845.96274183509
141152,39595.69592171951
141153,40236.532866991656
141154,40997.707731169285
141155,42706.06002277639
141156,46141.17274497251
141157,48345.09805512326
141158,51592.49563091816
141159,54710.94606744807
141160,54988.65188406412
141161,54163.487990420675
141162,53542.80093669467
141163,52713.789775760015
141164,51828.8719507554
141165,52477.75340086319
141166,54681.837121690834
141167,54715.08912850731
141168,52523.46584789987
141169,51862.01158241192
141170,49418.617001666586
141171,48900.75235829274
141172,48141.36848700142
141173,48046.180819848334
141174,46699.24378114101
141175,45271.073375733584
141176,44348.791076338486
141177,43786.75106313347
141178,43440.45344700361
141179,43613.02304312701
141180,43910.77460574729
141181,44798.058063644734
141182,45445.496564795496
141183,46757.62925270777
141184,45465.48890285202
141185,44767.338504269705
141186,45542.46255556667
141187,45394.74168181119
141188,44930.907430100764
141189,45506.07360739409
141190,44639.2350746634
141191,44020.95948970568
141192,44550.27755766177
141193,45602.36396913638
141194,46177.26856173413
141195,44228.25960974573
141196,41929.64330196527
141197,39869.46727874088
141198,38214.03739563362
141199,38085.08387292007
141200,37529.879352552445
141201,37817.875378685545
141202,37544.05043764456
141203,38526.003364698634
141204,40888.56315016663
141205,42739.011927603504
141206,46238.24996538946
141207,50094.83386736241
141208,50705.20148373294
141209,49191.268405986644
141210,49067.859493388074
141211,48345.07883348543
141212,47160.98807232434
141213,47615.81845924379
141214,50201.273933243334
141215,50107.30766714007
141216,49539.544227279235
141217,49540.63240047944
141218,47640.711590390354
141219,47440.85486607521
141220,46893.79465291043
141221,46297.29799310627
141222,45055.53633509663
141223,44658.169509136256
141224,43857.527823584096
141225,43626.09016399966
141226,44087.5736944333
141227,45060.84308114993
141228,46285.44549248161
141229,49407.24227011221
141230,51097.65490422011
141231,53655.08392676968
141232,55193.26464594234
141233,54729.40970646385
141234,53752.797146906436
141235,54006.34980419242
141236,52014.29868709186
141237,50482.325705268995
141238,49728.02569943573
141239,48621.0014087147
141240,48751.11232928427
141241,48794.866777858646
141242,48887.370329677666
141243,46417.10447095086
141244,45342.319681860514
141245,44242.77999290257
141246,42763.29647254877
141247,42559.197377491844
141248,42047.814923625214
141249,42362.097729648616
141250,43907.006679067264
141251,44234.61341029796
141252,47626.82847247864
141253,50324.89619260377
141254,54020.41424947007
141255,57972.662682326554
141256,58191.38908263268
141257,56321.38208832768
141258,53500.04699300395
141259,52293.49810919652
141260,50286.12498227324
141261,51003.550127535214
141262,53317.10911627063
141263,53960.752359919956
141264,52477.483658458936
141265,52370.6131753362
141266,49842.746772267164
141267,49496.80884621101
141268,48436.80911490172
141269,49477.84014933217
141270,47326.19254373153
141271,46392.98773591376
141272,46102.68068543917
141273,46252.11509260643
141274,46989.975001185245
141275,48749.44863705149
141276,51204.908877663736
141277,52127.61049046622
141278,53523.59457937398
141279,55670.61459705502
141280,56029.74530356244
141281,55703.93252465068
141282,52405.0122911083
141283,50034.48838165028
141284,49171.687112718195
141285,49020.11649930626
141286,48654.81281087868
141287,48096.115358348296
141288,48716.37179386381
141289,48462.92266762995
141290,48405.031128337374
141291,46679.87805029026
141292,45466.25931483416
141293,45224.00325169045
141294,44242.35016913184
141295,43601.42098165304
141296,42441.139701917076
141297,42744.00137454931
141298,42805.35067984757
141299,43433.39373262761
141300,44918.70066701059
141301,46764.264211058406
141302,49091.44103601192
141303,53107.59736548194
141304,56414.74726278042
141305,56276.48222859491
141306,53611.47494201588
141307,53286.02500290895
141308,51494.711935490915
141309,51728.52988976466
141310,54150.410054397566
141311,53717.159951815054
141312,54253.69921579951
141313,53194.66047093293
141314,51178.734927585094
141315,50838.32376740458
141316,49669.51224394981
141317,48614.87377684374
141318,46729.00206727171
141319,46152.6823929036
141320,45383.47027777035
141321,45624.2915974762
141322,45609.31073669109
141323,46563.18594331627
141324,48079.837731207765
141325,50252.91760227971
141326,50491.34966102071
141327,51371.105813390255
141328,50459.2041353144
141329,50070.93634290198
141330,49048.41981731901
141331,48337.283236285766
141332,47732.448965422875
141333,47495.188350279124
141334,47273.757370844985
141335,46796.852292851545
141336,46010.288031350254
141337,45802.03215796053
141338,45729.313701704545
141339,43965.66351051481
141340,42692.787908297956
141341,41903.22839479106
141342,40294.87492910658
141343,40408.70724713196
141344,40165.14547406812
141345,41366.15956757774
141346,41717.80509995372
141347,42669.24441690662
141348,43743.424768510966
141349,45884.67833843684
141350,48728.686161939084
141351,50957.654961544606
141352,51202.01605186426
141353,49875.28500142971
141354,51139.47420402919
141355,51684.708180420304
141356,49389.910486438246
141357,49412.78825197901
141358,51424.40758888522
141359,50561.88364614397
141360,51556.071200066595
141361,50176.197315457284
141362,46566.46988000662
141363,47164.406480635116
141364,46523.958878329126
141365,45548.65248796535
141366,44696.16333262628
141367,44047.69263035732
141368,43382.005683760086
141369,43369.09177780954
141370,43388.505765557355
141371,44675.14634013404
141372,45263.72754452374
141373,48063.115154867926
141374,48754.6137428067
141375,48293.72177986586
141376,49085.6887503703
141377,47923.378067176476
141378,48329.6305524104
141379,48251.07689214847
141380,47553.04826908081
141381,47584.984812401904
141382,46929.1729811566
141383,46095.688628181306
141384,45724.35396013628
141385,45958.75700854666
141386,45988.447389937144
141387,43911.88380079882
141388,42590.38236688534
141389,42351.840020205935
141390,41228.982427144096
141391,41277.50961801793
141392,40807.44302306145
141393,41001.110369432914
141394,41275.967978712004
141395,41855.973270827315
141396,42557.044855807006
141397,44379.70014301805
141398,47630.301240177905
141399,49544.78309598396
141400,49717.7944916545
141401,48603.81897578383
141402,48499.66927441481
141403,49518.68250516882
141404,48065.156828752806
141405,48121.653713678235
141406,50438.842428186785
141407,49631.70342699073
141408,50843.834882596035
141409,49866.37567831492
141410,46401.70097383989
141411,46795.6648216574
141412,45553.96097634689
141413,43976.3257371198
141414,43511.020122815375
141415,42717.97556914562
141416,41438.979996040165
141417,41077.51726154885
141418,40637.24975834877
141419,42324.0365109056
141420,42836.69721784057
141421,45446.24379338424
141422,46193.2580930034
141423,45780.588347882804
141424,46433.45537701305
141425,46325.18887298352
141426,46175.9442785542
141427,45902.36212120987
141428,45123.06438729967
141429,44771.773727690554
141430,45357.751267797445
141431,44836.04292955002
141432,44819.20108319714
141433,44488.61124755189
141434,43568.5151351995
141435,41223.05406100336
141436,39789.148545627555
141437,38502.62133834465
141438,37148.283305553196
141439,37023.84305379018
141440,36343.449672504976
141441,36997.1134618668
141442,37033.58406057872
141443,37102.727012184696
141444,38639.43640396
141445,40047.58170588239
141446,43502.53681885466
141447,45683.37013677391
141448,46307.03863759999
141449,45081.62221425814
141450,45342.71613901965
141451,44807.260601985065
141452,43154.10586393965
141453,44675.548240366945
141454,46838.12194295085
141455,46587.400732462185
141456,45151.750552202655
141457,44211.020806683184
141458,40779.26677023726
141459,40451.570185395096
141460,40457.668705599375
141461,39586.13916623607
141462,38350.203298256565
141463,36198.07365611721
141464,35324.03109889056
141465,35530.77515574434
141466,35287.47517219566
141467,35807.26481870529
141468,35935.965827306594
141469,36205.411016374994
141470,37662.02404546194
141471,39983.31422784385
141472,39448.7454199094
141473,39731.665639182014
141474,38877.33795160376
141475,38601.03072531257
141476,39321.65641367121
141477,38585.610686659595
141478,38255.885627274634
141479,38398.0846269331
141480,38640.43474311039
141481,39294.68863103771
141482,40154.48623952088
141483,38284.38991775493
141484,37606.20654342768
141485,36541.76515778832
141486,36015.6944904171
141487,36349.77481919119
141488,37491.8202031191
141489,37829.482743177534
141490,37689.73739579728
141491,39607.05980248862
141492,40924.20474736261
141493,42771.71110329133
141494,45799.6492348853
141495,48147.33464307393
141496,49748.41840746746
141497,49538.74146494727
141498,49553.813718814374
141499,49696.329877142525
141500,48445.184105467175
141501,48737.9724621058
141502,51536.462274902886
141503,51473.04261704034
141504,46880.75005746336
141505,46377.815691477044
141506,44574.64290228265
141507,44368.826131581125
141508,43828.292254735294
141509,43052.630473936064
141510,42041.51875349913
141511,40978.291517849284
141512,39744.549020486884
141513,39205.86415295575
141514,38728.882469949895
141515,38488.74630556949
141516,39081.0541245997
141517,38503.455070428216
141518,39356.38776056824
141519,39127.47503349776
141520,39049.41833395342
141521,39694.7067525089
141522,40077.82968686081
141523,42038.539954022715
141524,42020.55638011676
141525,41629.97171259746
141526,39616.251806312284
141527,39286.80736330027
141528,38411.88460608761
141529,39444.70431557035
141530,39395.767682464706
141531,37092.409450779654
141532,34625.9076102694
141533,33206.21635777932
141534,32472.91949159026
141535,32085.940017834346
141536,32130.56206389398
141537,32925.0831891208
141538,33347.97819333504
141539,34877.44828609207
141540,37185.83144091043
141541,39299.06086262386
141542,43385.43844584473
141543,46609.54074419206
141544,47875.093911205404
141545,47489.054156421575
141546,47917.726500123674
141547,46653.82612565803
141548,45350.91079357718
141549,45759.93635646279
141550,47387.23617089301
141551,47524.74101721202
141552,45552.3917868912
141553,44775.68591991415
141554,43044.457866475925
141555,42929.31282505564
141556,42690.36654303525
141557,40874.912691350924
141558,40620.743645087256
141559,40052.18372395378
141560,39403.811643781126
141561,39786.39089317028
141562,40028.8050215478
141563,40972.28529243437
141564,41505.933890491164
141565,42906.668423050454
141566,43356.21376529323
141567,45725.876575652204
141568,48619.47104612255
141569,50781.51309048968
141570,51479.198311802626
141571,49520.006891956335
141572,48292.10957327232
141573,46545.96967749653
141574,45468.33974087919
141575,44039.102002383035
141576,44165.3156791204
141577,44338.80014676828
141578,44163.586680263026
141579,42898.9710585651
141580,41831.79027313077
141581,41339.477244037545
141582,39718.79735013243
141583,40217.34279564344
141584,39959.588401273846
141585,39980.3925730954
141586,39345.87064379331
141587,39992.579680128685
141588,41006.363768190306
141589,43153.38739241842
141590,46191.6467797862
141591,48003.97950069588
141592,48630.7610242153
141593,49962.21080847119
141594,48230.67157325206
141595,46617.121680856944
141596,46247.05999865903
141597,46516.99875731827
141598,48496.58350558179
141599,48953.10866077728
141600,45267.18950343904
141601,43771.12852339191
141602,42499.28667725307
141603,42189.781890292186
141604,41577.725700698065
141605,41456.67869365258
141606,40178.623306254034
141607,39359.539770740696
141608,38561.03232018895
141609,38625.62502637891
141610,38859.75042087527
141611,39660.00801929556
141612,40649.82161936638
141613,42277.66915454343
141614,42355.29164632721
141615,45242.95418653575
141616,48316.40862597402
141617,48571.784740407995
141618,48329.8221783306
141619,47134.10219306545
141620,45783.254898107545
141621,44648.001610953244
141622,44043.755411943006
141623,43928.56232546813
141624,43716.62228842582
141625,43864.07933613376
141626,43479.83583186547
141627,42340.29128877257
141628,41394.85704660553
141629,41089.5353513007
141630,39483.90498556693
141631,40134.78317438162
141632,39900.24783571946
141633,39747.10338652937
141634,39529.53172525325
141635,40333.33744384809
141636,41239.3350222186
141637,43328.002349152
141638,45818.06287744805
141639,47857.78064266374
141640,48356.68883826248
141641,47760.63563888783
141642,47539.54296107794
141643,46795.65989005338
141644,45192.86378622246
141645,45625.00683625388
141646,47645.74441944703
141647,47665.3781456171
141648,46431.12513107882
141649,45038.555978593526
141650,43317.34021553085
141651,43173.650996610435
141652,42896.00932051511
141653,42215.76717177528
141654,40931.51632162139
141655,40093.813859079724
141656,39084.62668466669
141657,38986.50010274227
141658,39073.987680464554
141659,40517.84402772881
141660,41290.296481272504
141661,42870.54962371602
141662,43996.671258084774
141663,46715.84249642653
141664,47485.56458168406
141665,48497.07401979654
141666,48546.815252749955
141667,47732.49791124153
141668,46510.71653011021
141669,45584.318851931
141670,45274.99357441133
141671,45041.25179538008
141672,44999.59837708138
141673,45012.96995089854
141674,44841.65775133201
141675,43519.36646742508
141676,42620.968074165
141677,42345.390306725945
141678,40888.783564723744
141679,41194.43291408121
141680,40598.03234048751
141681,40899.02619280224
141682,40365.96696059221
141683,40830.7723375558
141684,41783.31389024509
141685,43758.21709217632
141686,46228.04311388786
141687,47889.00840272382
141688,48203.238876586736
141689,48080.77732274377
141690,47594.44379826305
141691,46507.12070856018
141692,45431.60642863691
141693,45455.73387006576
141694,46796.06236674517
141695,46769.71166488608
141696,45177.57986728374
141697,43166.54752367224
141698,42479.85247016293
141699,42686.61634982042
141700,43037.01355070539
141701,42574.17138894052
141702,41536.58622977357
141703,40439.84321394657
141704,39380.81340657121
141705,39372.19294915151
141706,39852.97235832932
141707,41109.171865672375
141708,42237.73498887249
141709,42989.69677662656
141710,44002.68223358062
141711,46287.7125288566
141712,47000.90822896719
141713,47397.57436519385
141714,47336.042033717946
141715,47256.03153606389
141716,45702.99154733908
141717,44394.75248230768
141718,43949.724281209004
141719,43467.40337453736
141720,43502.15278101731
141721,43251.6249058438
141722,42900.99209633614
141723,41307.71179296923
141724,40151.83312935067
141725,39689.55628602428
141726,37738.912164358364
141727,37862.13707249384
141728,37570.445189364356
141729,37237.008434251744
141730,37190.73756099568
141731,37581.38479467845
141732,38492.496517442836
141733,39986.10918038575
141734,42556.73957655103
141735,43992.60410606545
141736,44228.67333372018
141737,43288.77578848699
141738,43176.37132745733
141739,42512.5570333348
141740,41000.926538404485
141741,41785.51079074874
141742,43388.219616504975
141743,43578.90325654966
141744,41670.69151223688
141745,40984.43083692674
141746,39643.30926652236
141747,39031.44868771686
141748,39135.17282350579
141749,38396.2236753163
141750,38824.869294330136
141751,37946.21742876584
141752,36732.81702182208
141753,36672.8992309108
141754,36941.99108576262
141755,38241.30002783581
141756,39660.27263895989
141757,41928.64252147468
141758,41835.64221668171
141759,43284.528755029
141760,45535.327302132835
141761,47717.00123566452
141762,47717.52825932681
141763,47349.23179101012
141764,45200.66005924255
141765,43791.31615408933
141766,43573.354424928206
141767,41555.15521728978
141768,41820.98984505965
141769,41268.53229132618
141770,40864.674172764964
141771,38468.703004147465
141772,36396.32613223106
141773,35978.298018988615
141774,33956.74912817225
141775,33324.63255397188
141776,32615.470966507564
141777,31758.01290184089
141778,31473.82135142511
141779,32494.91549432491
141780,34091.522183526235
141781,35432.38459677638
141782,38582.74332895808
141783,39342.109340433104
141784,40595.72550936911
141785,41730.86442956702
141786,42084.32627136971
141787,42575.14989760236
141788,41557.89644693435
141789,42338.96552421416
141790,44772.42313873579
141791,44359.79919963902
141792,42933.46976585882
141793,41935.25785083307
141794,40066.175581722295
141795,39797.03019016254
141796,39196.70718061763
141797,38448.792033049656
141798,37458.89910518254
141799,36441.21176149693
141800,35393.82056045993
141801,35221.34914919318
141802,34754.99152211989
141803,35143.02428592437
141804,35830.6463981714
141805,36549.97198835883
141806,36210.09959098553
141807,37502.123507847165
141808,37281.016621819566
141809,38660.6733688287
141810,38786.79290627766
141811,40882.71354983462
141812,40377.3508822119
141813,40098.38462394326
141814,39659.27020999345
141815,39148.7108637669
141816,39272.88735893112
141817,39429.53932120319
141818,39427.07812496287
141819,37625.715007652114
141820,36450.30226441102
141821,35221.33692580118
141822,32427.676923401028
141823,31329.172630246863
141824,31207.35659566571
141825,30645.230778161054
141826,30652.6267652115
141827,31765.824927874688
141828,33699.250899454564
141829,34963.43744060278
141830,37742.004018837586
141831,39721.42809846355
141832,41142.233279048305
141833,41982.87284692778
141834,42101.49005550827
141835,42248.92984727086
141836,42400.27932044245
141837,43599.67217316071
141838,46422.24040114399
141839,46941.30886379631
141840,44429.5758540672
141841,44197.853252405235
141842,42308.214567810195
141843,42212.18247942899
141844,41362.119909098714
141845,40767.08354459442
141846,40090.39214483341
141847,39157.659179945615
141848,38061.182615458616
141849,38272.9639455579
141850,38102.00972869389
141851,38182.12058363916
141852,39066.20768900011
141853,39823.525436035816
141854,40544.60868636087
141855,40184.310492443066
141856,41180.04942440722
141857,42192.392755629786
141858,42832.48251983812
141859,45286.98454061034
141860,45304.849631016266
141861,45659.26269111771
141862,44417.46988382092
141863,43915.28850660111
141864,44364.656655364364
141865,44339.96377096832
141866,43454.109830080706
141867,41004.06644559963
141868,38567.53252111927
141869,37892.69490254714
141870,35858.091668691915
141871,34568.31440376104
141872,33457.5919955978
141873,35426.2469355591
141874,35032.43189115432
141875,35040.30914162308
141876,36667.620735983575
141877,38462.21856687608
141878,40585.28075302471
141879,43386.25678135322
141880,44603.03762659791
141881,45574.66742429155
141882,46953.1500738285
141883,46644.484478699604
141884,45728.616036549356
141885,46650.940774406285
141886,49329.16551782048
141887,48746.87562246935
141888,46279.66868039637
141889,45681.56542873428
141890,44456.707968348506
141891,44371.487865092866
141892,43943.2007804338
141893,43397.62620236141
141894,41844.078563335934
141895,40142.54387316143
141896,38904.31876066278
141897,39066.039082135845
141898,39232.11008619394
141899,39332.553059032725
141900,39550.15394964635
141901,40139.11153703326
141902,39993.649843371044
141903,39975.37948874357
141904,39812.83080625659
141905,40939.21405507255
141906,41234.57119984486
141907,44054.0152041434
141908,43804.71649014999
141909,43290.772449955344
141910,42123.01535685527
141911,41793.61526563522
141912,42778.07328591737
141913,43376.277601222544
141914,43383.27621719185
141915,41747.22637782922
141916,41100.16381747935
141917,39950.25603712346
141918,37269.295037662225
141919,36403.468188051294
141920,35878.10683235992
141921,35008.96498615751
141922,35305.94869476757
141923,35802.83113587277
141924,36750.78509790294
141925,38254.83369240146
141926,40097.976990961986
141927,43173.95157957055
141928,44725.646605837544
141929,45323.25170626923
141930,46884.54819886869
141931,46561.46303457221
141932,45089.40746617646
141933,45486.21668345035
141934,47576.61314066471
141935,46753.765675215676
141936,44193.74621757556
141937,43635.95087911145
141938,41640.29388753306
141939,41954.31396449315
141940,41743.89017205233
141941,41105.14753326364
141942,39664.49251728231
141943,38558.82698245473
141944,37649.1262146117
141945,37371.87382469228
141946,37333.25166248818
141947,37881.67444452716
141948,38909.308590578396
141949,41370.107467491136
141950,42455.05745998542
141951,41696.87409544365
141952,43517.700180996784
141953,46556.21893191026
141954,48522.98405562382
141955,47223.299163392985
141956,46429.374289792584
141957,44680.48590613509
141958,43800.12806298363
141959,43134.80482675624
141960,43121.42425514171
141961,42866.46888587236
141962,42984.109495590186
141963,42162.53492097135
141964,41618.213266169594
141965,41073.67222787888
141966,40074.130358027185
141967,39754.30270280224
141968,37736.465537030184
141969,36891.74838599895
141970,36833.24321692517
141971,37555.572498067406
141972,38295.84604024
141973,40204.36067310038
141974,43538.853921594266
141975,45122.453931818876
141976,46729.335244835536
141977,47512.10472819394
141978,48342.79159248326
141979,48496.92128889088
141980,46435.35270434191
141981,46787.371855025216
141982,48951.557134879076
141983,47363.042915013415
141984,46970.26350790216
141985,46087.11850482244
141986,43863.96533159942
141987,43663.40578785928
141988,43489.94878127144
141989,43097.67381462362
141990,42076.97406031405
141991,40933.34314442251
141992,39590.87030176827
141993,39349.764408562405
141994,39407.61814787604
141995,40159.93605175953
141996,40870.211986189664
141997,42632.67602732112
141998,43442.475067499894
141999,43261.539132561156
142000,44700.05813293574
142001,47217.441429913066
142002,48963.82401011356
142003,49013.1397990674
142004,48371.31882147395
142005,47458.425882179865
142006,46695.15882793912
142007,46972.11685348185
142008,47420.81082683999
142009,47161.08374005224
142010,47305.08769882808
142011,46106.48435871765
142012,45443.50411845461
142013,44783.84859721606
142014,43431.63051246076
142015,42777.893165353285
142016,40868.42092051744
142017,40293.52077918418
142018,40343.11412345977
142019,41595.46410609665
142020,42762.91439346826
142021,43827.300666309566
142022,46662.719038127965
142023,48612.57371121048
142024,49298.954371751395
142025,49685.29348819431
142026,50022.662283660335
142027,50444.099526040154
142028,48952.96082719977
142029,49664.8668528802
142030,52188.459893104846
142031,51650.2187356897
142032,50085.901980751514
142033,49139.581939880125
142034,47342.7083567164
142035,47013.82401019348
142036,46440.380884231905
142037,45243.25763850017
142038,43617.260593959334
142039,42665.27917929311
142040,41722.87629250488
142041,41555.93764700562
142042,41673.08354026408
142043,42499.53803796223
142044,43052.27550797924
142045,45356.10639726883
142046,45771.66242622021
142047,46314.642970134
142048,48351.545440914546
142049,50573.95060727548
142050,51944.5156395349
142051,51337.24723919949
142052,50775.9334424413
142053,50098.799584858585
142054,48664.546913667466
142055,48664.67988847338
142056,48483.53232904389
142057,48263.21313691592
142058,48112.29145698795
142059,46545.330995106466
142060,45194.81993158873
142061,44644.72311223925
142062,41877.58023000208
142063,42617.964536612475
142064,41083.158197003526
142065,40143.45516754031
142066,39909.412994053295
142067,40178.312240254585
142068,41434.844943925935
142069,43312.202727002325
142070,47624.282468213925
142071,48655.72475482119
142072,49342.948030513166
142073,49082.81237663606
142074,48746.15969091785
142075,49203.294555937326
142076,48129.58885430209
142077,48150.19651210375
142078,49921.338416159095
142079,49491.62898141238
142080,48366.24415960857
142081,47422.54484539581
142082,45163.57251716029
142083,44792.22872016729
142084,44202.877251949496
142085,43847.864844895084
142086,42500.05710131797
142087,41632.143551779016
142088,40483.940715968776
142089,40411.78931025929
142090,40361.87027664585
142091,41517.75489337712
142092,42709.73781229252
142093,45640.34030206183
142094,45955.8036538909
142095,46684.371895069286
142096,48355.8651201944
142097,48752.118591004866
142098,49323.32305048543
142099,47799.900745174076
142100,46852.75182711222
142101,45870.55911802116
142102,45106.04561387168
142103,45202.42263874282
142104,45270.22437020725
142105,44822.16317111335
142106,44532.28057568117
142107,41972.95823530821
142108,41420.9181645904
142109,41077.5840508086
142110,39271.14570205435
142111,37536.00212695604
142112,37370.19268921921
142113,36811.8660992468
142114,38815.88391672842
142115,39817.95876867261
142116,41109.238582259815
142117,42094.61266922644
142118,43565.70679160358
142119,44827.32660693395
142120,44927.120088081225
142121,44631.35275007847
142122,45135.15799607906
142123,44626.84893251824
142124,43447.82655112355
142125,43621.62850510642
142126,46238.65825522316
142127,45643.20222298335
142128,42444.76803715025
142129,40920.63104098596
142130,40304.83516302897
142131,39890.40306203896
142132,39359.04578011929
142133,38186.77512736611
142134,36294.87843037025
142135,35559.49752946015
142136,34887.33058517532
142137,34770.7107202387
142138,34817.924848884286
142139,35336.749719881635
142140,35823.56283924311
142141,35509.436230225816
142142,34313.5763579821
142143,36763.34134775189
142144,37798.99278865407
142145,40093.174253973826
142146,41831.83519264624
142147,45142.90192468456
142148,45786.50890255641
142149,45115.825591884175
142150,45264.303263992755
142151,45762.77723432879
142152,45298.17426020389
142153,45952.98163564686
142154,46404.95024331226
142155,44749.04586877905
142156,44173.39176377549
142157,41760.35679770851
142158,39370.34722227576
142159,39115.264636601736
142160,38699.44930948812
142161,38024.57698554746
142162,38329.539502268664
142163,37673.98610311966
142164,38565.499388065364
142165,39645.10330109598
142166,41873.79291849249
142167,42190.01793432551
142168,41784.261130597195
142169,41998.500978647455
142170,41969.540403793166
142171,41439.83184617843
142172,40794.84648136628
142173,41817.32580582617
142174,43968.341771230356
142175,44177.372255508744
142176,42388.822644033586
142177,41778.09894636556
142178,38876.438321133755
142179,38896.090424560025
142180,38216.33164488037
142181,37612.960766011056
142182,35931.87759755729
142183,35380.60409635975
142184,34131.34605149322
142185,34042.4087898931
142186,33715.35207668625
142187,33274.44396166023
142188,33754.01892385019
142189,33394.916864252584
142190,33865.59116012574
142191,34914.02766295174
142192,36463.080252297594
142193,38970.06190720158
142194,39917.995899492795
142195,42046.65602195312
142196,41959.78331799696
142197,42254.27114886992
142198,41863.890824058224
142199,42482.66647156909
142200,43090.68382648517
142201,43857.941879950384
142202,43910.87299714468
142203,42264.55232881119
142204,40810.39278668382
142205,40192.5671215148
142206,36963.5898517381
142207,37026.21141282451
142208,37722.269764976954
142209,37335.627977631026
142210,37088.05536034457
142211,36928.86152365277
142212,37909.71836705878
142213,39808.187836498786
142214,41910.258517307135
142215,44204.58285616728
142216,44709.935230468895
142217,44665.31173195875
142218,45254.14539620066
142219,45637.36609012285
142220,44553.368595006694
142221,44671.95829436856
142222,47199.614255825916
142223,46385.463473646414
142224,44475.22374898377
142225,43618.15602283878
142226,41441.07065452453
142227,40994.84932489495
142228,40826.430508545134
142229,40823.34589190765
142230,39646.83310485677
142231,38962.567717051264
142232,38207.29975572659
142233,38433.36609965017
142234,38891.79719151477
142235,39820.7845678725
142236,40281.196570415814
142237,42551.79606009642
142238,43427.32413018425
142239,43231.16040706773
142240,43732.5823723036
142241,46823.63876780221
142242,49083.29231392264
142243,47918.22581414372
142244,46971.78406831074
142245,46221.17479398416
142246,45701.106304347566
142247,45698.68239976746
142248,46363.16314403305
142249,46554.175615350854
142250,46702.552368509685
142251,45881.29831094549
142252,45470.535469552735
142253,44762.56896813
142254,43374.510804629484
142255,43241.22988137236
142256,41110.25422691747
142257,39935.4077995071
142258,39942.54842702399
142259,40108.73224652564
142260,41594.40135583008
142261,42882.81756669721
142262,44674.34970125465
142263,46287.98513180595
142264,47015.88687496812
142265,47040.20700023755
142266,47372.99240237618
142267,47214.157321698614
142268,46048.058181188535
142269,45953.430531671474
142270,47996.574464087294
142271,47427.696148037925
142272,47892.668580483514
142273,47012.98397235223
142274,44368.8322222733
142275,43717.80818611078
142276,43223.488455641454
142277,42660.8716567094
142278,41247.86395251606
142279,40662.626871566135
142280,39805.61526874699
142281,39643.3897628795
142282,39572.41454105897
142283,40116.16688067767
142284,40608.241417784695
142285,42710.36562922068
142286,43746.9725671889
142287,43183.26862869987
142288,42993.07595878142
142289,45567.505458760446
142290,46437.07615350717
142291,45927.26454924996
142292,45737.94834772498
142293,45313.584672995705
142294,45006.78433430886
142295,44330.655723458185
142296,45127.677206765686
142297,44769.29482236829
142298,44838.77429013856
142299,43631.98952767561
142300,43104.93179456624
142301,42439.69086142163
142302,41126.13351404014
142303,40743.94613090682
142304,38657.762194856754
142305,38058.6500226692
142306,38550.265023890606
142307,38449.819991865814
142308,39345.9276310503
142309,41177.22638027414
142310,42435.46191984482
142311,43846.99499096167
142312,44207.41283501537
142313,43707.27784815857
142314,44392.39895830489
142315,44927.98622894461
142316,43892.589695313996
142317,44589.28694644975
142318,46924.55933394739
142319,46446.416139014014
142320,47344.2323499036
142321,46479.150664786044
142322,43630.77383138443
142323,43036.38704103905
142324,42698.89859110237
142325,42241.80932551689
142326,40956.51409650291
142327,40426.87894145377
142328,39625.8285343652
142329,39624.904270230996
142330,39753.61635422977
142331,40544.15184889483
142332,41037.11801000766
142333,42534.53237157355
142334,43545.874130133576
142335,44147.81782927237
142336,42791.38356218392
142337,45638.10602467531
142338,47221.596561156985
142339,47161.67423298656
142340,46413.58841931096
142341,45908.951152257905
142342,44874.765033533404
142343,43738.03463327396
142344,44529.132583197694
142345,43794.139949482174
142346,43367.70484516135
142347,41763.673269693
142348,40849.914184991685
142349,40092.9678461896
142350,38422.78100131903
142351,37448.81431832171
142352,35993.78390106876
142353,34719.62714990261
142354,35220.19342140787
142355,35631.954107532445
142356,36475.89568793529
142357,38120.856321972984
142358,40083.59751886474
142359,42055.35073738421
142360,42250.7174640972
142361,42460.65602118991
142362,43390.79833262693
142363,43591.41767249962
142364,42751.96064907494
142365,43473.0137080089
142366,45767.244989557425
142367,45220.164187758346
142368,46312.4715387306
142369,45279.44952667109
142370,42799.31582504609
142371,42370.460472437306
142372,42091.748937749384
142373,41557.45341423715
142374,40491.54038799985
142375,39694.73991563125
142376,38843.992962644064
142377,38691.58691303129
142378,38784.39906606674
142379,39495.160056242436
142380,40018.97467299645
142381,42167.70809997344
142382,43377.03570428676
142383,43448.680304431866
142384,42133.537221585706
142385,45155.66813758545
142386,45912.17162067084
142387,45876.91950364969
142388,45938.6313161907
142389,45220.94001315381
142390,45000.13701259661
142391,45268.4988995223
142392,45606.21103556246
142393,45601.62644939192
142394,44402.881286429125
142395,42392.574397561795
142396,41852.17975635163
142397,40928.814363195735
142398,39540.78146221327
142399,39061.76878564934
142400,38041.24635322984
142401,36408.56540778691
142402,37180.23520899756
142403,37396.156847303646
142404,38828.350169614794
142405,39799.850959204756
142406,41464.489182032696
142407,42351.11268107236
142408,42190.82454580868
142409,41773.21666655474
142410,42411.763098322575
142411,42503.608882996356
142412,41501.50675341986
142413,42302.14024054535
142414,44474.984493579475
142415,43924.850130190534
142416,45810.03898450532
142417,44999.04032835096
142418,42478.26136953183
142419,41982.978708085364
142420,41819.06105130413
142421,41795.61327452958
142422,40374.15465094702
142423,39980.58674912902
142424,38789.70543056018
142425,38565.532219848246
142426,38496.332382422894
142427,39441.60046789969
142428,39968.74879030561
142429,42185.769282574525
142430,43446.09566300856
142431,43333.567045256976
142432,42643.89168334054
142433,45500.718880480985
142434,46985.49936352482
142435,47115.68234012997
142436,47060.25491761696
142437,46295.12121920302
142438,45991.89684622487
142439,45692.022436883184
142440,45874.85121051269
142441,45807.681374679596
142442,45480.66317154874
142443,44001.694681541885
142444,43268.79134246677
142445,42162.013443442185
142446,41206.73713226005
142447,40816.61622172433
142448,38345.94136825138
142449,36864.24330878332
142450,36328.425518096294
142451,36365.80638394606
142452,36954.07293045617
142453,38090.76284182674
142454,40472.518688212935
142455,41827.572316262645
142456,42835.759771278776
142457,42423.52011743849
142458,42759.77513761432
142459,42744.050695765334
142460,42626.085908088484
142461,43186.71053413258
142462,45464.33769786032
142463,45290.155809161566
142464,47499.783655715284
142465,46945.667868162855
142466,44366.038767928214
142467,43772.85516695508
142468,42712.23478236049
142469,42504.69716947856
142470,40964.808013975126
142471,40316.65126355421
142472,39015.926600078616
142473,38593.65727317544
142474,38440.256211556996
142475,38840.227830072006
142476,38723.659579892665
142477,37361.81417281974
142478,36746.5852944678
142479,35306.5011369806
142480,37657.62812606541
142481,39862.48823824942
142482,41711.12455942801
142483,42135.352498818014
142484,42321.78412261033
142485,41504.541429798905
142486,40632.997399957225
142487,41333.35204361532
142488,41647.93499549882
142489,42002.55897129014
142490,42530.56985937598
142491,40629.529230518565
142492,38884.80164826704
142493,37719.051098175056
142494,36741.70303979698
142495,34780.31875255391
142496,34621.11578044131
142497,34245.494980416996
142498,33623.83802344801
142499,33245.205830977735
142500,34046.20008056002
142501,36075.389851772125
142502,39116.91452502301
142503,41544.14660105668
142504,42264.11245953188
142505,42665.788060633146
142506,43052.63980192917
142507,43174.65652261891
142508,42605.82577210208
142509,43458.1020735102
142510,46414.24720847162
142511,46669.49580977704
142512,46100.73055101729
142513,45042.37863674722
142514,42546.800238204356
142515,42163.31722117971
142516,40910.69229933785
142517,40537.996856326536
142518,39258.6283071631
142519,38916.66782276332
142520,38190.88746623531
142521,38125.977134823675
142522,38364.07138700743
142523,38689.03851236367
142524,38823.23757908333
142525,37822.00152167397
142526,35824.456551224954
142527,35966.88509129926
142528,38452.79161786915
142529,39961.80824537066
142530,39712.43070364869
142531,40405.77393233495
142532,41262.360694288116
142533,41626.38657241986
142534,41082.809529753344
142535,40981.3920817399
142536,41189.75639953246
142537,42041.97075294535
142538,42270.456149735175
142539,40384.2842673985
142540,38481.7819500001
142541,37125.714867977
142542,35519.89304351087
142543,34183.61459914485
142544,33710.09331235129
142545,33459.89926988782
142546,33980.02868773442
142547,33957.46740675007
142548,35011.74384490513
142549,36665.29122644155
142550,40320.5765467538
142551,42450.939817883
142552,44497.51886983325
142553,45284.45393750385
142554,46056.23785451257
142555,45996.108029731746
142556,44999.27910348773
142557,45705.93882444208
142558,48568.86257084369
142559,47938.08364943165
142560,46644.87269542561
142561,46433.88621897602
142562,43881.191590028495
142563,43561.70082132213
142564,42618.396728820975
142565,42854.211797544434
142566,41783.57305676249
142567,41101.57117623121
142568,40062.95161418651
142569,40015.835633615556
142570,40445.16168082334
142571,40887.527696698155
142572,41987.55642097711
142573,44591.56452849752
142574,45942.678980543795
142575,45880.85530649888
142576,45600.823091707316
142577,46536.17440616088
142578,46151.730841173834
142579,45646.744296288154
142580,45462.271337674574
142581,45125.455053059006
142582,43913.094713597966
142583,43984.07153266948
142584,44463.95447606893
142585,44915.15867985161
142586,44924.7218205932
142587,43158.986115359396
142588,42511.1751033715
142589,41833.26047831634
142590,40850.04825592008
142591,38870.96670401128
142592,38093.598797727806
142593,37378.35885365994
142594,36947.8960842881
142595,36546.68260960394
142596,37246.91209760917
142597,39048.82467652634
142598,42134.47609245072
142599,43968.65390634215
142600,44533.35679091346
142601,44616.18947818079
142602,45828.0165088803
142603,45714.47137750474
142604,44600.93177545648
142605,45122.64471316609
142606,46753.03606024962
142607,46425.604145761325
142608,47712.81069535665
142609,46673.886627308726
142610,43530.50693707453
142611,43533.52655045632
142612,42730.05204373433
142613,42624.10473897568
142614,41722.184016057385
142615,40513.9363707423
142616,38888.0624416562
142617,38417.407263454275
142618,38635.85069171757
142619,39279.913000275716
142620,40757.61795292001
142621,43817.322017856946
142622,45521.1880771586
142623,45650.28760758708
142624,44236.73585255339
142625,45440.03270683413
142626,45107.48620776726
142627,44647.07269536204
142628,43866.34702832706
142629,43304.274720288005
142630,43131.24747109976
142631,42943.10970504685
142632,44122.27774359435
142633,44188.990664071265
142634,44463.32132885585
142635,43177.28972675633
142636,42350.24879781716
142637,41644.406056302796
142638,41020.80908877507
142639,39410.48282199349
142640,38681.037592237684
142641,38705.73288747861
142642,38604.99185977595
142643,38285.519532389124
142644,38751.83169651481
142645,39925.64981107695
142646,42676.983273929414
142647,43586.93166583449
142648,43870.37004694105
142649,42847.490822415915
142650,43562.56909068954
142651,43703.71502694617
142652,42658.39540694584
142653,42870.556989783014
142654,45311.466314309066
142655,44636.68102170218
142656,46648.73903043933
142657,45277.18243598648
142658,42967.32117472713
142659,42918.113745134615
142660,42455.06522816693
142661,41737.771871502475
142662,40099.50430385619
142663,39720.76087730328
142664,38858.387542560806
142665,38694.43222276228
142666,38802.91462300453
142667,39340.65935272313
142668,40612.33761846865
142669,43787.230143604545
142670,43173.62277540429
142671,42018.593805631856
142672,42905.576623655244
142673,44522.25134412633
142674,43396.23078248862
142675,44146.57379448648
142676,43636.89885786082
142677,43037.029809552034
142678,42877.95862490764
142679,42925.997412150726
142680,43492.64028490537
142681,43216.05954242878
142682,42928.899080001924
142683,40827.79417137122
142684,40086.80076033943
142685,39258.27012849353
142686,38125.55563279672
142687,37013.3963768381
142688,36627.02346032932
142689,35909.48433688086
142690,35453.36640666236
142691,34518.68404072737
142692,35575.34599777757
142693,36491.57515937348
142694,39790.11158112995
142695,40851.67849347653
142696,40819.57630696348
142697,39607.010042581496
142698,40464.1701876382
142699,40689.74402370225
142700,39563.90886191142
142701,40086.00858398069
142702,41891.73978362059
142703,41141.98649373116
142704,42799.545417316906
142705,41483.042251355786
142706,38542.362461336554
142707,38173.434637414044
142708,37758.62836292496
142709,37090.201473225134
142710,35558.072035122044
142711,34765.56211450722
142712,34121.566691269734
142713,33985.340943046685
142714,34107.73294104129
142715,34722.383298461646
142716,36010.826746622115
142717,39303.04674545882
142718,41533.78369349835
142719,41220.01645352194
142720,40029.85077135815
142721,42605.95405970612
142722,42139.22150515817
142723,42047.10839598282
142724,40640.798642170266
142725,39525.69038664161
142726,39507.598033765054
142727,39570.18056008842
142728,40156.417415953634
142729,39845.74959820522
142730,39494.53751510944
142731,37554.007021939615
142732,36642.98623232536
142733,35313.99994970953
142734,34195.73384547616
142735,32957.57139490552
142736,32864.83388929719
142737,32411.178113596492
142738,32399.1530967565
142739,32576.39632164218
142740,33590.8870145793
142741,34386.81754651702
142742,36621.190700143416
142743,38153.62426023276
142744,38825.329948723156
142745,38209.49798204476
142746,39516.5393443662
142747,39583.4222745335
142748,38654.356662095364
142749,39391.169923599344
142750,41411.662635144094
142751,40861.32891992669
142752,42658.66978951213
142753,41349.28009195326
142754,38677.59348115121
142755,38285.16949855153
142756,37733.721628764906
142757,37858.8092310514
142758,36223.15069203563
142759,35645.85968246753
142760,34488.64218996322
142761,34573.148732193484
142762,34819.049964562524
142763,35559.53895126401
142764,36769.09170653971
142765,40293.979092948895
142766,39155.48777366598
142767,38757.26420757766
142768,40377.175639387926
142769,41546.55758007902
142770,40540.49645408112
142771,40982.352845041394
142772,40322.46986951621
142773,39197.079653291126
142774,39106.44238950842
142775,38868.307074967226
142776,38704.13186698115
142777,38413.11821887146
142778,38270.10378228337
142779,36578.94446544677
142780,35808.53808409624
142781,35221.93973361392
142782,34237.29701136798
142783,32664.077230191335
142784,32430.03080695782
142785,32206.701527150384
142786,31967.254416734526
142787,32036.912580846398
142788,32956.9636674351
142789,33858.24767945154
142790,35600.36572476207
142791,37109.138038567595
142792,37976.99034459958
142793,37818.4014974565
142794,39332.93206418841
142795,39123.54921591772
142796,38020.21002566413
142797,38351.0382204174
142798,40507.96099314704
142799,40292.30200388416
142800,41413.68062445355
142801,40089.610713350776
142802,38203.65564512811
142803,37827.30116670184
142804,36896.064038139964
142805,36825.88312108254
142806,35022.34650702345
142807,34493.054653624946
142808,33710.33792508006
142809,32666.64864270848
142810,32488.958127283426
142811,32464.223792945908
142812,32756.60577516339
142813,31996.339994824048
142814,31595.585391853616
142815,32333.97798477332
142816,32520.515547565803
142817,32955.8027451286
142818,33106.21005349396
142819,33401.54700264189
142820,33180.9794444292
142821,33461.868138856495
142822,33627.53678469632
142823,33721.550635400985
142824,34642.5649350654
142825,34931.00549208246
142826,35016.619542705615
142827,33012.870330699036
142828,31280.204275906966
142829,30184.184036267045
142830,29491.366124163542
142831,28541.628639363407
142832,28742.709865886336
142833,28288.25011513688
142834,27973.0240575702
142835,28288.924649839017
142836,29301.181200255414
142837,30106.07691340073
142838,32138.55706468183
142839,33030.140374755014
142840,33437.504030636366
142841,33390.251599767085
142842,33804.48813083818
142843,34517.50744278591
142844,34229.00346160939
142845,35223.41619538104
142846,38016.5871538505
142847,38751.936748411026
142848,38625.85186639674
142849,37295.24152567631
142850,34260.67169052188
142851,34183.891741366315
142852,33417.39261790676
142853,32905.02044980382
142854,30743.632964564276
142855,29884.235271784262
142856,29040.403924994756
142857,28573.079142220085
142858,28402.288197412687
142859,28381.66621984245
142860,28086.239607258984
142861,28228.468119845642
142862,28271.628008943397
142863,28025.01837207812
142864,29947.72902503385
142865,31046.161266798863
142866,29984.68628041009
142867,31196.902405422046
142868,30683.139324637323
142869,30438.151847749163
142870,30396.235539259338
142871,30805.492668780204
142872,32100.559914248624
142873,32770.85110999145
142874,33183.42848715298
142875,29983.23451913973
142876,28378.049491632486
142877,27643.122152200256
142878,26495.1098814632
142879,25780.033745796714
142880,24771.397616713686
142881,24508.448549218272
142882,25129.523548380323
142883,25979.39212885967
142884,26886.01753056875
142885,29196.0419825523
142886,31396.759031101778
142887,33101.45306241994
142888,33774.453035380735
142889,34338.68255592178
142890,35189.86910887629
142891,35382.84491900543
142892,35064.96680038761
142893,35670.12456338545
142894,37892.38485840969
142895,37949.61055341357
142896,37901.56708227448
142897,36861.59372808211
142898,34753.4405235392
142899,34810.20495062251
142900,33787.11962696207
142901,34385.661549493714
142902,32448.435026785894
142903,31541.364026115134
142904,30705.365170261488
142905,30575.22728832899
142906,30925.946812030932
142907,32150.788077970567
142908,33207.25652040203
142909,34736.681723960624
142910,35704.98625782697
142911,36513.098529490926
142912,36261.81982919671
142913,37844.238461521396
142914,37995.73410172923
142915,38750.72129778488
142916,38595.50718201851
142917,38502.33044459459
142918,38866.80895130245
142919,39145.852646131905
142920,40479.75998390304
142921,40235.066971237866
142922,40796.85104477457
142923,38918.48272693112
142924,38373.32191170113
142925,37656.55629415702
142926,36460.706505578644
142927,34612.22401768597
142928,34246.83966338455
142929,33640.32964895293
142930,33734.75474356943
142931,33570.321202853105
142932,34292.93265266169
142933,35201.281948901866
142934,37466.54934923614
142935,38789.676216400665
142936,39009.78291543421
142937,38691.46805276447
142938,39194.332635740255
142939,38980.53447156397
142940,38302.92758182803
142941,38830.16181788533
142942,41400.63527799236
142943,41437.96397313061
142944,42237.313995821896
142945,41519.294360395
142946,39749.004155525465
142947,39307.823160970496
142948,38894.25356674085
142949,38621.429219540616
142950,36994.18715234853
142951,36351.79444477288
142952,35943.10003835577
142953,36110.756500354124
142954,36410.072592459845
142955,37705.14366845711
142956,38787.951836190994
142957,42479.59844410671
142958,41525.51245799844
142959,41522.83290544033
142960,42621.48400325946
142961,44512.97352862639
142962,43753.448732853954
142963,44562.283561584176
142964,44123.13951918867
142965,43577.07063748684
142966,42952.83604308128
142967,43393.1692783953
142968,44170.802525205014
142969,44040.81198417864
142970,43784.876191503965
142971,42263.54529426776
142972,41429.7568758908
142973,40557.007336289505
142974,39543.02568084582
142975,38492.94661058536
142976,37877.73034938687
142977,37623.02567973751
142978,37555.232079898364
142979,37746.68130877841
142980,38406.914704679264
142981,39804.8227889352
142982,41681.66054671663
142983,42410.80305470459
142984,42704.3589036321
142985,42158.29467937742
142986,42064.89132409662
142987,42158.18779652207
142988,41610.3601429716
142989,42119.40348532013
142990,44656.32432878147
142991,44152.19107727284
142992,45438.57148562659
142993,44248.427163418295
142994,43011.940555357454
142995,42519.55758960493
142996,42074.02411380254
142997,42127.53984018133
142998,40453.17755374442
142999,39753.19267862217
143000,38119.649695047825
143001,37752.088585311074
143002,37541.92135544327
143003,38770.15131252608
143004,40086.309144303574
143005,40596.512696772115
143006,41237.10368351106
143007,40574.77626472326
143008,43325.63987614816
143009,44648.94226425189
143010,43657.625848810065
143011,44472.353009306134
143012,44181.310863930266
143013,43937.71642921383
143014,44048.35448500308
143015,44254.61361438854
143016,45023.05373606509
143017,45018.0597941073
143018,45032.11041929884
143019,43067.62223565838
143020,41895.06020821841
143021,40954.537954342806
143022,39462.362819708724
143023,37901.8519270692
143024,37297.028671161934
143025,37404.32509389852
143026,37847.8752473395
143027,38106.13844783737
143028,39091.71477152648
143029,39882.8241223491
143030,42391.36317382375
143031,43328.87783403934
143032,43245.47733426134
143033,42564.89329654161
143034,43457.51712629546
143035,43453.444521908044
143036,42449.83020143651
143037,42411.42747558974
143038,44274.24678348621
143039,43600.41946169289
143040,44231.19572506986
143041,43146.16438417829
143042,41010.697462916985
143043,40830.67977068783
143044,40706.560498001636
143045,40214.428187243946
143046,38565.07078322457
143047,37531.95808045856
143048,36602.145547468856
143049,36623.94454310104
143050,36240.99230378069
143051,36822.708731340914
143052,37960.06470815673
143053,41275.392766993726
143054,42153.299116424016
143055,43295.828220543764
143056,42994.76424868368
143057,44324.297906556065
143058,45300.98893324116
143059,45768.93125719295
143060,45374.413974546405
143061,45400.73308877112
143062,45680.596499292835
143063,45811.330419949954
143064,46665.78054921765
143065,46711.84111983244
143066,46570.808212597614
143067,45396.46525546666
143068,44756.92465991394
143069,43742.257935864385
143070,41951.076169083266
143071,42182.502680608835
143072,40917.760655929786
143073,39285.80686486557
143074,39309.98224852969
143075,38727.580121157196
143076,39377.85142873012
143077,40757.6748238579
143078,43508.35548947439
143079,44512.36827416517
143080,45800.791037911935
143081,45451.16273705982
143082,45314.87987134011
143083,45180.12109223542
143084,44163.23566695198
143085,44175.07318523453
143086,45873.25610977381
143087,45051.85501556284
143088,46711.2926032797
143089,46387.84575496231
143090,43453.84652047296
143091,42884.03551236712
143092,42372.56845536172
143093,41779.472386138536
143094,40332.09017916985
143095,39767.84595287984
143096,38733.914960383896
143097,38287.88855493679
143098,38235.15438715788
143099,39308.066311837516
143100,40257.23412761428
143101,43242.68463637047
143102,45686.29396160063
143103,46539.8479675119
143104,45173.29295338948
143105,46714.98964164651
143106,46200.560515199264
143107,46860.64708692786
143108,47434.77054629041
143109,47499.00279927904
143110,46495.11535012565
143111,46844.190170053495
143112,47485.29097624542
143113,47520.069173136144
143114,47607.70048192025
143115,46496.00124922228
143116,45326.80329189053
143117,44430.2479660192
143118,43219.528507006486
143119,42961.456196735344
143120,41282.63889052016
143121,40563.258816172405
143122,40335.282032906034
143123,40219.83924710537
143124,40687.60541762313
143125,41836.85730934808
143126,43605.40174839453
143127,45501.27207464943
143128,45647.63874136726
143129,45474.011939945005
143130,45310.721695819746
143131,45258.14669025281
143132,44340.422401141244
143133,44664.44433289952
143134,46555.00592097905
143135,46423.63851717872
143136,47828.87223117831
143137,46921.55794287126
143138,44038.522064589706
143139,43479.1737581163
143140,42446.2670297509
143141,41893.26191569423
143142,40138.91227579417
143143,39321.447919660706
143144,38192.072665585314
143145,37850.57086047486
143146,37737.509373918394
143147,37649.929234945215
143148,37768.621127258855
143149,38062.45373814767
143150,38717.68918438123
143151,39159.29376216314
143152,41043.388977898045
143153,41184.971566514985
143154,41527.908815971525
143155,43421.62739737343
143156,44039.22660131932
143157,44626.307655788296
143158,44128.87590261058
143159,44173.834598860536
143160,44628.576518650974
143161,45484.09242223512
143162,46087.18200756651
143163,44552.82038824074
143164,43698.800637126595
143165,42247.42193500101
143166,40958.19518970538
143167,38572.714653919385
143168,38235.3953035287
143169,37329.18994802566
143170,36921.98811210293
143171,36809.36079453794
143172,37878.346595114825
143173,39595.892450864805
143174,41953.77425113206
143175,43889.88737783059
143176,44983.49793497135
143177,45313.78198870205
143178,44577.116404892135
143179,44699.6927105897
143180,44163.60468523325
143181,45156.938738244164
143182,47498.23120523749
143183,47885.280114034256
143184,46116.02743731385
143185,44890.62825413872
143186,41598.27205202765
143187,41710.920372448985
143188,40633.66251657985
143189,41351.76826047598
143190,39963.49441498589
143191,39425.52209379909
143192,38674.438412470794
143193,37750.0311998705
143194,36466.62332548297
143195,36424.99709988193
143196,35947.30495145956
143197,36882.05749517525
143198,36690.50667114053
143199,37350.01257040274
143200,38415.46554551122
143201,38467.289959839596
143202,38706.63540035073
143203,40373.1946173226
143204,40914.1276625102
143205,40755.056583775135
143206,40616.6032962982
143207,40981.3024980803
143208,41931.70788567118
143209,41971.58943467345
143210,42305.95559029359
143211,40548.554965216965
143212,39385.75767671596
143213,38149.67666140852
143214,37182.00257807832
143215,34644.35866928079
143216,34426.05604018605
143217,33993.469198420666
143218,33904.44568784117
143219,34194.44056017888
143220,35251.868425949455
143221,37438.69666180812
143222,40879.53547106096
143223,43200.642811170765
143224,45080.99269623395
143225,46131.94901852795
143226,46724.19714627148
143227,47229.730820503006
143228,47023.9944820393
143229,48126.3419035186
143230,50483.97411068832
143231,50042.70251267648
143232,49803.078261767965
143233,48619.875172968044
143234,46176.61796630227
143235,45674.67976515672
143236,44948.95998454566
143237,44775.88017543318
143238,43099.130720463036
143239,42458.23073877001
143240,41426.54382173553
143241,40813.12896081705
143242,40704.21053658773
143243,41593.87723530157
143244,42450.448070709164
143245,44666.40433764361
143246,45378.79636288679
143247,46581.479885737266
143248,44391.781759696496
143249,46168.38362220209
143250,44870.44891951847
143251,44951.335069118635
143252,43606.91352551906
143253,42743.14771255168
143254,41949.65363859151
143255,42013.64212104796
143256,42250.9700767477
143257,42093.068598269754
143258,42080.47837537316
143259,40018.680440840966
143260,38726.06296897659
143261,38180.590317971626
143262,37204.33837197809
143263,35357.909542240835
143264,34985.542982097686
143265,34170.66456733863
143266,34178.39566921438
143267,33944.356539106106
143268,34414.26976333499
143269,34730.907552193334
143270,36776.70554180474
143271,38104.51072242437
143272,38291.1826130053
143273,37606.88334899357
143274,38243.687002453116
143275,37607.18504641647
143276,36466.93776465456
143277,36375.48362853119
143278,38365.36832479403
143279,36987.006145193845
143280,38152.951464209225
143281,37122.931148493626
143282,34724.79527166444
143283,34179.39650440081
143284,33438.28257598222
143285,32655.26162985603
143286,30875.422867840403
143287,30174.839814531
143288,29167.604407781808
143289,28266.75686809615
143290,27687.892053171076
143291,28690.69693907528
143292,29114.725868615948
143293,30814.154072928774
143294,30531.119415191926
143295,30903.630456881256
143296,33317.40813088424
143297,34362.49758352116
143298,34591.71792543046
143299,35015.48409558811
143300,34783.92465265047
143301,34578.218384931286
143302,35006.629458890784
143303,35667.17884872252
143304,36330.136073165944
143305,36822.72420977428
143306,36883.27114933678
143307,35499.524076750524
143308,34870.17193994319
143309,34557.13788405861
143310,33881.761773400714
143311,32293.07621024655
143312,32292.021019890115
143313,31924.2987052867
143314,32048.76022617107
143315,31974.114154785806
143316,32903.26960392468
143317,33898.61384369722
143318,36086.41197250673
143319,37123.825511499206
143320,37605.140103951904
143321,37323.60504854487
143322,38614.22006944625
143323,38799.798199378594
143324,38111.85716286728
143325,38669.10108878229
143326,41087.23791045613
143327,40292.165569112134
143328,41431.279589329766
143329,40666.67509641739
143330,38118.84624914518
143331,37640.738068374034
143332,37329.1866471405
143333,36774.025517775255
143334,35120.2092898887
143335,34487.97684316337
143336,33419.72106877238
143337,33379.16574220921
143338,33398.25571622378
143339,34548.47735925536
143340,35319.47372591568
143341,38814.128635509194
143342,38946.41789671216
143343,38944.84392412031
143344,38535.75091802421
143345,40038.858328938695
143346,39025.34800839645
143347,39046.21799985996
143348,39393.90515522923
143349,38486.5502198157
143350,38038.610478908144
143351,38136.93302534943
143352,38065.24582591904
143353,37808.3768661638
143354,38026.269160380856
143355,36700.002522704395
143356,36069.97529882584
143357,35438.38475318465
143358,34583.514268880564
143359,34265.26399029458
143360,34104.617555694065
143361,33405.79705673331
143362,33783.15446011147
143363,34438.68487102565
143364,36084.284497301145
143365,37265.76725174327
143366,39805.76592727457
143367,42038.1427759752
143368,43184.78190169286
143369,43547.61510877853
143370,43745.533303266144
143371,43936.81282306951
143372,43038.549997293725
143373,43119.73331839907
143374,44983.862494280576
143375,44289.82463095344
143376,44830.743648156444
143377,44630.288279253204
143378,41718.168353793546
143379,41417.44300666619
143380,41301.27812710834
143381,40723.56264533941
143382,39273.02359489804
143383,38175.88645673139
143384,37214.61730985081
143385,36706.593232040184
143386,36265.581664465324
143387,37525.129184799676
143388,38481.43100727172
143389,41779.21444690198
143390,40876.81665745594
143391,41473.62854452948
143392,41301.884097727045
143393,43531.729188069694
143394,43616.45248993461
143395,43686.292824836295
143396,42570.927575838956
143397,42330.1291625805
143398,42624.03033090913
143399,42516.671806070044
143400,43250.57447195749
143401,43202.956299939615
143402,43087.749270930675
143403,41924.449118545985
143404,41157.22597708811
143405,40141.22214739017
143406,38530.85273132355
143407,39023.47805111725
143408,38152.59959364949
143409,37267.73818329023
143410,37296.78040596482
143411,37381.35162296689
143412,37615.21487005612
143413,38885.670182820744
143414,40262.06277147446
143415,41551.28663104102
143416,41344.66726880519
143417,40570.930037178405
143418,41543.99143194995
143419,41870.59459020326
143420,41293.81098092114
143421,41466.08060174671
143422,44027.30305849601
143423,43293.950665015655
143424,43728.17991510564
143425,42172.05787259338
143426,40444.132802137996
143427,39818.66526008456
143428,39057.99671936417
143429,37997.179525350366
143430,36544.867358611074
143431,35941.02560057716
143432,34958.67941924972
143433,35047.1167522442
143434,34962.17399444292
143435,36516.1238806247
143436,37767.022514023585
143437,39843.00617261095
143438,40496.468073986995
143439,40703.50980360815
143440,41477.607017875875
143441,42930.11402768986
143442,43113.93493908854
143443,42995.169615216044
143444,42123.772628515566
143445,41727.27212394009
143446,41799.324523226926
143447,41710.2184843736
143448,42581.74546378736
143449,42698.750060907536
143450,42701.812325445324
143451,40872.338324684424
143452,40097.213459762315
143453,39215.20201434942
143454,38196.18821424002
143455,36606.67814677594
143456,36632.965609960454
143457,36732.99961719492
143458,36713.48150679242
143459,36702.89492230738
143460,37493.82501634073
143461,38813.094741458124
143462,41108.37562401524
143463,41952.82141264566
143464,42955.210522255446
143465,42374.116307264754
143466,43195.56266183593
143467,43141.69888529542
143468,42347.62389363825
143469,42795.207664890506
143470,44600.6118195146
143471,44190.85902002671
143472,45350.444325263896
143473,43501.0349340869
143474,40613.01746089026
143475,39463.5374383295
143476,38200.969966830286
143477,37573.59987865134
143478,35436.855082184564
143479,33876.44613747317
143480,32825.608178849085
143481,31872.807331914144
143482,31660.491360650158
143483,30863.342737625382
143484,30694.63975363584
143485,30474.23367251588
143486,30582.167559663503
143487,31343.274111325918
143488,31690.927966691463
143489,31622.767483519474
143490,31795.540387857258
143491,32219.63061101063
143492,30738.324928701084
143493,31218.406051235645
143494,30597.975715835528
143495,30566.685324689242
143496,31392.839557119172
143497,32211.10586306019
143498,32689.54524186994
143499,30842.36055219876
143500,29141.92171452898
143501,28299.520618910756
143502,27878.39305815535
143503,27671.07207229091
143504,28232.117527575345
143505,28364.71549808282
143506,28382.660150899494
143507,29660.930395890653
143508,30906.50112119724
143509,31847.86269664457
143510,33798.833215568266
143511,35104.88782157252
143512,35236.08106271236
143513,35281.03098408749
143514,35464.67484894351
143515,35318.100579082966
143516,34426.907973031804
143517,34923.41180729432
143518,37161.8223464892
143519,36717.69749655462
143520,37657.107063130854
143521,35339.827545846165
143522,32555.45003249619
143523,31709.250226895056
143524,30664.50477201756
143525,30134.13818388894
143526,28307.489292693994
143527,27004.656193215407
143528,26215.102791221823
143529,26272.996063824907
143530,26344.828362425513
143531,26557.713531790392
143532,26562.09763468143
143533,26299.46661810065
143534,25784.496895286073
143535,25475.634205673006
143536,26293.458163117575
143537,26619.576124510568
143538,26559.871945097882
143539,27177.5218170387
143540,26897.887729842612
143541,27306.900738957764
143542,27563.751957310826
143543,27518.41033326918
143544,28393.77919167859
143545,28904.844360015115
143546,29072.334942722046
143547,27318.611640092928
143548,26084.84533447565
143549,25463.00348740258
143550,24548.211220772184
143551,24258.32018066547
143552,25013.683163147707
143553,25573.678744345656
143554,26668.723676859914
143555,28030.82922174526
143556,28973.554824546507
143557,30236.72642731184
143558,31545.442609445603
143559,32750.05876659091
143560,33162.75449012683
143561,33486.026212761135
143562,33946.19770586516
143563,33361.22233836819
143564,33398.200628467384
143565,34017.21282461506
143566,36679.77569163341
143567,36379.07874977797
143568,36763.73180496484
143569,34945.02164996686
143570,31830.626012969507
143571,30853.258518645678
143572,30183.659472329768
143573,29626.996139013136
143574,28810.39016619529
143575,28115.122358370518
143576,27874.784953250313
143577,27866.323858832675
143578,28604.349931051107
143579,29702.256926214257
143580,30863.121744115437
143581,32602.647711178943
143582,34865.393844456485
143583,36812.29315965983
143584,37844.18333471943
143585,37106.85489912001
143586,37149.06922022325
143587,39200.47029557634
143588,39674.93188958903
143589,39692.569235262075
143590,40333.43508898979
143591,40788.88066623747
143592,42124.80962272032
143593,42271.48032886062
143594,42499.805955034586
143595,41168.28575031148
143596,40696.69567621601
143597,40331.87502821825
143598,39454.034429993444
143599,38323.38406368456
143600,38098.84824541815
143601,38524.22635975877
143602,38480.02862350114
143603,38708.04027125642
143604,39171.17233732012
143605,40531.66480678467
143606,42785.983639098544
143607,43776.69542131102
143608,43709.41386796721
143609,43178.876759600746
143610,43572.46458573322
143611,43094.99151944125
143612,42045.51387387568
143613,42279.24761193399
143614,43317.25803946805
143615,42396.309919930776
143616,42912.59957321489
143617,42084.505025503226
143618,39132.644105157815
143619,38965.5500486467
143620,38350.30832383134
143621,38113.65125199275
143622,37343.915954692726
143623,36451.34390999707
143624,35825.382475396706
143625,35439.44889039238
143626,35524.8650899992
143627,36909.8845043563
143628,37371.260728448004
143629,38273.12207788929
143630,39324.840373089704
143631,41260.832481596066
143632,43269.798234138434
143633,43949.31581869385
143634,44286.01757075585
143635,44018.35406342295
143636,42947.2883046345
143637,42802.13106122757
143638,42608.790540300375
143639,43092.95078999757
143640,43194.96733242921
143641,43294.17981009392
143642,43580.29757359491
143643,41917.844021348814
143644,41092.58670994747
143645,40319.36648725385
143646,39161.30902430701
143647,38034.49611883231
143648,37658.6012026943
143649,36328.37038229135
143650,35807.83161942416
143651,35517.523428877495
143652,36193.77817271814
143653,37357.39317615393
143654,40310.349727344845
143655,40897.65729414684
143656,40744.17850148148
143657,40273.229210353864
143658,40599.51918386203
143659,40608.197756663714
143660,40318.047115502115
143661,41003.10714509238
143662,42971.776786449154
143663,42481.25825545724
143664,43904.42341002721
143665,42625.783332348146
143666,39700.11665403145
143667,39168.9630852025
143668,38734.542570113386
143669,38116.47940788642
143670,36790.25511643044
143671,36407.4506200553
143672,36117.67027354368
143673,35680.051116592615
143674,35879.08229854337
143675,36997.716420136385
143676,38287.2422021082
143677,39843.17652160006
143678,41621.9074331829
143679,41399.794564453
143680,43366.59228442712
143681,44134.4667742887
143682,44094.00891136169
143683,44069.910350115366
143684,44026.13469914344
143685,43447.43695540176
143686,43457.06397100167
143687,43485.10333661329
143688,44755.88564477877
143689,44746.48736018412
143690,44867.96191254244
143691,43110.55338317382
143692,42607.81844172198
143693,41826.95907960065
143694,40927.10454960178
143695,38858.96257670504
143696,38342.387034200125
143697,38242.44942204173
143698,38026.903528459196
143699,37621.10753934523
143700,38165.245927542855
143701,39376.55638992798
143702,41767.54316422926
143703,42750.854065104024
143704,42615.77726059452
143705,41652.884340231525
143706,41678.270857187985
143707,41565.26054044154
143708,40504.11429991135
143709,40269.52069115363
143710,41926.62408563999
143711,41228.21050479684
143712,42353.555173615634
143713,40867.33495363087
143714,37598.57185318825
143715,37328.693017964186
143716,37073.67399797852
143717,36406.53081065878
143718,34821.556748251205
143719,33816.573189720555
143720,33214.09540541524
143721,32735.349248186525
143722,32825.44818714377
143723,32838.073320312804
143724,33008.1882288063
143725,32131.10670344806
143726,32327.170870395443
143727,33051.20539187164
143728,34054.3434064441
143729,34891.83888785253
143730,36194.96674242459
143731,37492.40339254382
143732,37747.994159788526
143733,38269.64672411174
143734,38380.803476963454
143735,38551.81624447514
143736,39000.99844013151
143737,39771.68419571202
143738,39486.733329907256
143739,37500.71372292541
143740,35118.84353416753
143741,33532.85738203847
143742,32469.16245784107
143743,32613.127037970924
143744,32817.936408780486
143745,32757.86102794611
143746,33551.82558935097
143747,33673.24866083229
143748,34806.747690259595
143749,36500.988261010796
143750,39528.279438440746
143751,40322.84635461181
143752,40634.57611073717
143753,40723.64085366365
143754,40337.11204629726
143755,41205.7630115465
143756,40408.51912977558
143757,40909.5970910998
143758,43536.64267746251
143759,43117.321658566914
143760,44026.38969384234
143761,42517.486057573675
143762,40685.84653909536
143763,40020.48472162326
143764,39155.90758925233
143765,38260.996210923295
143766,36624.28392011183
143767,36381.88878909313
143768,35845.43047395457
143769,34695.60134718446
143770,34574.949824936986
143771,35867.44586629428
143772,36034.981956066455
143773,38351.07591873385
143774,38583.134538205035
143775,39154.6376221172
143776,41002.56558322092
143777,43478.144666288346
143778,43351.75175677407
143779,43685.379776313195
143780,43281.40375522181
143781,42431.600151661645
143782,42355.088587370774
143783,42814.584792880785
143784,43757.53831215912
143785,43839.87320254064
143786,44020.92902453485
143787,42259.49616968324
143788,41126.963014387584
143789,40497.604077143675
143790,39674.59062357123
143791,37172.37906886701
143792,36914.38108701924
143793,35307.92083192247
143794,35053.750764625154
143795,34957.07161250821
143796,36155.213183303706
143797,38226.35857735738
143798,40186.53465910755
143799,41431.07590175545
143800,41614.342830676105
143801,40984.69991195396
143802,41808.757931647895
143803,41153.52294121016
143804,40399.20680735591
143805,40640.25829164647
143806,42746.75453368192
143807,41990.13095385267
143808,43030.68888017941
143809,41605.54466500364
143810,38661.54056876778
143811,37858.3541317092
143812,36893.19461538123
143813,36192.90490268922
143814,34631.48834225743
143815,33116.288383911204
143816,32282.585572338103
143817,32079.189541644915
143818,31630.547294590273
143819,31663.04552844336
143820,31734.799597260433
143821,32166.471254689684
143822,32507.449680075915
143823,33224.23296466689
143824,35365.4251293267
143825,36549.28056449927
143826,36895.60505117534
143827,39101.15793441902
143828,38610.17296622513
143829,38308.52598821659
143830,37246.1406580903
143831,36404.52424967622
143832,37712.972589183795
143833,38447.72216348307
143834,38646.61499007345
143835,36815.374058577996
143836,33796.9953937261
143837,32060.444722020875
143838,31242.399972057807
143839,30472.3036116535
143840,30359.874401855977
143841,29851.363247571877
143842,30291.5333348286
143843,30869.798198189274
143844,31611.859223784362
143845,32560.505239762173
143846,34765.13828938461
143847,36132.215074532076
143848,37869.68238372752
143849,37242.29167307397
143850,38562.414730378645
143851,38363.443413437824
143852,37861.08586410921
143853,38663.60443505713
143854,40638.100277624864
143855,40538.79344260076
143856,40923.24834656705
143857,39485.94896388146
143858,36388.7547853362
143859,35831.358357635494
143860,34986.55792933641
143861,34459.99449396111
143862,32596.71697620015
143863,31461.702752845806
143864,30484.30204345514
143865,29287.132430242684
143866,28970.999430863147
143867,28556.549267016908
143868,28970.251450427564
143869,28845.991577378045
143870,27754.606721096145
143871,28549.045951720676
143872,28920.372082420723
143873,29651.068158411254
143874,29964.262605565556
143875,31955.81367786837
143876,32241.62832867065
143877,32534.62265467507
143878,32563.26531585505
143879,32158.61192946413
143880,33258.7284376513
143881,33886.321660781476
143882,34279.05992511115
143883,32109.847260981827
143884,29570.698692310918
143885,28093.541788387927
143886,26350.19676269975
143887,27212.86282476312
143888,26868.453513822365
143889,27189.327382377895
143890,27576.24065790482
143891,28819.63350717657
143892,29798.253744128633
143893,30916.459970606982
143894,32582.906231001827
143895,33850.77542781703
143896,34774.90377126474
143897,35143.122152029035
143898,35469.436320694775
143899,35237.03440438474
143900,34588.20557472286
143901,34632.89088181504
143902,37018.93029812646
143903,36321.97749719726
143904,35951.99854903108
143905,34387.84248418042
143906,31000.246327616947
143907,30388.476753107716
143908,29856.520822506354
143909,29127.380552664697
143910,27784.127426505067
143911,27020.708604825893
143912,26402.441349334924
143913,26118.251122288806
143914,26279.48128991564
143915,27663.734674935633
143916,28537.265958348806
143917,29671.588616626213
143918,31189.76740896483
143919,33332.12132455385
143920,34144.253809978385
143921,34985.29760496461
143922,34538.5572303879
143923,36103.28492189778
143924,36534.62723122942
143925,36268.046116733625
143926,36169.20852346559
143927,36368.02708554198
143928,37580.820322012165
143929,38089.48779876376
143930,37979.43330398128
143931,36640.110261020694
143932,36668.7009138213
143933,35928.846065887694
143934,35427.84184051468
143935,32706.311734174094
143936,31772.063294863154
143937,30279.283422126617
143938,30263.715866762905
143939,30347.14888686852
143940,30844.202119999456
143941,32246.267409144817
143942,35109.749762364474
143943,36951.60761271925
143944,37590.6837559296
143945,38440.06412032254
143946,39222.023785930935
143947,38855.83686613745
143948,38992.816110030064
143949,39449.91362619479
143950,41465.66141008356
143951,41051.08286316365
143952,42315.895650503924
143953,40820.7296741333
143954,38038.780702386655
143955,37719.04403291253
143956,37551.71636582084
143957,37176.62487649771
143958,36104.83130112576
143959,35569.154278453636
143960,34959.302014408
143961,34533.074349513794
143962,34672.9003000241
143963,35975.971833356845
143964,36538.38282889172
143965,38160.139232549554
143966,39258.29112961701
143967,42326.051237026
143968,44351.76496383914
143969,45636.869400563526
143970,45185.25428787132
143971,45889.14700367145
143972,45436.996088841086
143973,44933.33036388747
143974,44413.265114847774
143975,44451.80114055474
143976,45464.23410071934
143977,45137.71170267537
143978,45476.53135963781
143979,43759.04816788082
143980,43314.87742864578
143981,43013.381596845684
143982,42371.00019951546
143983,39810.71534660291
143984,39260.634687054124
143985,38969.93741096963
143986,38734.21494559908
143987,38371.66289369891
143988,38759.81657009275
143989,40781.82872390127
143990,43168.67875341473
143991,43594.32450560601
143992,43935.92698563838
143993,42720.79670473578
143994,42509.38080198102
143995,42398.44794977657
143996,42135.417867915814
143997,42325.61737637969
143998,44610.44811245862
143999,43869.19240088252
144000,44193.53105595933
144001,42343.13732634673
144002,40077.64615488105
144003,39442.372399754066
144004,39032.33260679202
144005,38122.38760627096
144006,36801.97832542719
144007,35861.9275780859
144008,34282.125262838264
144009,33933.62264089918
144010,33866.527839356146
144011,35420.71645896145
144012,36418.407854797384
144013,37962.951942320586
144014,38525.87284862544
144015,41164.58435985825
144016,43252.18048770687
144017,43933.92647273365
144018,44112.49997143027
144019,43943.07949972996
144020,43547.465641634815
144021,42566.10853047223
144022,41760.388033883515
144023,41845.695148980514
144024,41478.67088543772
144025,41044.34548801701
144026,40889.044161687234
144027,39173.55172859077
144028,38604.52790047967
144029,38016.85648286974
144030,37236.689958766205
144031,35149.76412526441
144032,35073.30590850763
144033,34471.39257845048
144034,34500.48274185989
144035,35250.04203508183
144036,36562.98427885326
144037,38103.835561283835
144038,41031.58767241703
144039,42531.71806088061
144040,42922.77896078713
144041,42185.476890475526
144042,42432.44875851469
144043,42202.424788841075
144044,41841.19147840934
144045,42587.53627336714
144046,44645.86068903057
144047,44357.53360273167
144048,45614.87608292648
144049,44330.51679048096
144050,41471.128176910075
144051,40795.55362695074
144052,40270.60321460392
144053,39469.678663156614
144054,38216.24357229734
144055,37474.05207282706
144056,37014.2557955499
144057,36462.62163044024
144058,36599.702009931556
144059,37765.93965964175
144060,38536.89794931783
144061,39838.29171695025
144062,40714.624998118736
144063,42035.653932998226
144064,43290.1799705967
144065,43834.86126737858
144066,43150.5313564773
144067,43689.75204153249
144068,43602.10530367211
144069,43018.071795929405
144070,42608.81829855281
144071,42164.817366712596
144072,42531.066054747025
144073,42099.16911049836
144074,41510.858685485626
144075,39775.7540351864
144076,38904.32834483717
144077,38246.49437842743
144078,37446.95369836953
144079,36251.48639764455
144080,36711.19789938447
144081,36211.447154531095
144082,36091.196698269516
144083,36490.53200688421
144084,37203.820568905736
144085,37637.17918908917
144086,38835.244091653476
144087,38886.17051206917
144088,38769.28006567984
144089,37836.06128311923
144090,37496.38560200421
144091,37449.9074549741
144092,37521.373242870366
144093,37870.362936010475
144094,39778.46585712413
144095,39285.053099178505
144096,38940.93524350325
144097,36849.222227729806
144098,35181.63053039365
144099,34642.09500897817
144100,33934.29595146909
144101,33191.34147451843
144102,31504.996959303066
144103,30564.849814995818
144104,29739.980286334638
144105,29540.926497660286
144106,29563.88876531646
144107,30938.680200189072
144108,31604.779838661758
144109,32901.77101630275
144110,34047.916614910886
144111,35407.076767797895
144112,35820.22110758087
144113,35837.65574413223
144114,36771.27949610072
144115,38453.52773959154
144116,37212.335533342804
144117,36319.99682510402
144118,36374.5702363257
144119,36222.00235569093
144120,37200.99371137642
144121,37233.071466219815
144122,37476.66684490411
144123,35774.32171531224
144124,35224.376363064584
144125,34769.25065996625
144126,34515.292935889076
144127,31796.46339539427
144128,31273.408277331346
144129,30456.219714487634
144130,30455.51006967965
144131,30664.53029767934
144132,31517.75541153576
144133,32494.392124548584
144134,34702.60763652056
144135,35095.806224286775
144136,36153.18688842932
144137,35037.31510334143
144138,35878.83444591691
144139,35819.43641217579
144140,35251.268477130536
144141,35843.46105828295
144142,37655.85418764631
144143,37244.87655897088
144144,38492.388832205346
144145,36799.58965877801
144146,33432.61802435314
144147,32844.91626399699
144148,32152.506306438212
144149,31785.230090693953
144150,30297.114603326405
144151,29021.790242426516
144152,28303.952337793875
144153,27810.296007185967
144154,27727.74813707001
144155,27841.99767586107
144156,28064.32978291793
144157,28824.003912547643
144158,28562.933559454526
144159,30041.74983999789
144160,31510.713626294557
144161,32714.980339341506
144162,32919.52602377508
144163,33527.004652673335
144164,34401.66485887581
144165,35131.502350028735
144166,34882.83352430877
144167,33976.640000595886
144168,34890.114782327975
144169,35418.7642845363
144170,35707.4558322372
144171,33870.21694361173
144172,31490.028607599754
144173,30462.77603009082
144174,29480.000958396588
144175,29079.7160407263
144176,28058.88068086835
144177,27896.522999199085
144178,28361.65006528051
144179,28498.726653940055
144180,29239.403646731844
144181,31336.964049606948
144182,33639.79920188206
144183,35408.432405974316
144184,37277.90320367058
144185,37879.44920293847
144186,38338.1976679917
144187,38638.61691574987
144188,38189.011783180445
144189,39043.44564820871
144190,41744.85579864472
144191,41275.974489531414
144192,40511.148772856264
144193,39663.24349586347
144194,36575.379325963324
144195,35894.36562141517
144196,35134.46241658449
144197,34845.04997138
144198,33660.66332854648
144199,32118.407255837374
144200,30819.683974702202
144201,30525.628761258104
144202,30270.200602087887
144203,29698.181855724495
144204,29607.000058322417
144205,29992.588722912566
144206,29694.96121215941
144207,29798.19294776578
144208,32003.919820254134
144209,32691.842231991614
144210,30982.726159944476
144211,32879.899455165985
144212,33004.01963548412
144213,32457.038513628286
144214,32417.66466914523
144215,32832.21748707935
144216,34359.853908589364
144217,34756.67372858606
144218,34865.45944535243
144219,32859.24348957397
144220,30554.891730874213
144221,29343.180064269614
144222,28283.39189181487
144223,27880.966929573915
144224,27527.857023196775
144225,26667.45618941905
144226,26765.368474981544
144227,27893.756221190135
144228,28951.842659517763
144229,30189.35689162196
144230,31639.54907884917
144231,32543.681565239138
144232,33750.44479623295
144233,35002.16644287608
144234,36489.978134500576
144235,36271.060652152
144236,35282.51927266829
144237,35963.95614941854
144238,38320.413927783775
144239,37683.146065977286
144240,38638.36646392642
144241,37895.98892952687
144242,35365.92061885419
144243,34710.78599380934
144244,34032.49086904527
144245,33815.692278212344
144246,32036.753344211167
144247,31212.497127098122
144248,30863.17151928303
144249,30981.674627027758
144250,31178.03474895969
144251,31386.238611140892
144252,31313.842762723634
144253,31804.29156475833
144254,31123.426018171376
144255,31349.846684714867
144256,33051.710673141206
144257,33347.16439849215
144258,31831.060398203655
144259,33236.734356758614
144260,34553.47809735339
144261,35707.8895188934
144262,34539.1195419698
144263,34499.71116327752
144264,36122.23102196518
144265,36216.98973813
144266,37226.27405771066
144267,35978.73017990858
144268,34384.68003244421
144269,32367.62889612379
144270,31356.055307973256
144271,29583.033963491784
144272,28565.855044749034
144273,28018.486946781843
144274,28497.46338454338
144275,28462.301097431402
144276,28925.870143533197
144277,30348.020085551732
144278,32860.42725062159
144279,34214.36402601523
144280,34899.86453628735
144281,35378.38428748911
144282,36427.559944631466
144283,35926.971262062565
144284,35792.764338208435
144285,36520.11265407047
144286,39004.52753179564
144287,38430.52850461131
144288,40061.429480515224
144289,38870.92804304332
144290,35906.513788545286
144291,35019.76043996766
144292,34088.486994395105
144293,33113.36261646041
144294,31708.78746526332
144295,31280.15206679948
144296,30948.681612655648
144297,29894.22953332729
144298,30216.52727960537
144299,31709.848354058497
144300,32579.451287694763
144301,34145.62602008361
144302,34744.31340750009
144303,36298.89958211163
144304,37638.84091713628
144305,38335.90188664638
144306,37623.31072233168
144307,38691.36821853926
144308,37950.02104458795
144309,36704.47845535343
144310,36478.779483472965
144311,36468.56423618345
144312,37194.46270210951
144313,37140.62132240477
144314,37340.56565153992
144315,35890.83604999827
144316,35746.17507982405
144317,35065.296208142725
144318,34575.90783235745
144319,32474.50024180064
144320,32653.927457360776
144321,31532.713430066775
144322,31877.563249949726
144323,32056.1778498266
144324,33038.634243917564
144325,34338.815717056874
144326,36759.26877633615
144327,38318.85815044275
144328,39323.83028631162
144329,39426.084354614315
144330,40244.58875433509
144331,39962.58236601786
144332,39447.31767181759
144333,40157.10650915898
144334,42248.371268441304
144335,41659.887318879126
144336,42598.970942958214
144337,41075.90255299743
144338,37602.115160174755
144339,37045.705191936744
144340,36045.11448825536
144341,35575.747923671
144342,34028.92382601685
144343,33089.36364040527
144344,32689.985433363156
144345,32499.236997640804
144346,32968.02257859689
144347,34702.55226034435
144348,35289.275809788654
144349,36162.227128050414
144350,37635.453523280645
144351,40449.51605515493
144352,41764.5903373496
144353,43123.457092285535
144354,42614.20488850719
144355,43621.20382627978
144356,42854.11417396128
144357,42651.06522372892
144358,41926.461327613506
144359,42087.8821604089
144360,43017.33439099151
144361,42780.89730103629
144362,42781.45194993373
144363,41134.06640182815
144364,40624.25103369747
144365,40048.13733059468
144366,39436.306079445116
144367,37751.92402076751
144368,37960.986566388965
144369,37672.64365453897
144370,38062.12464749183
144371,37772.527562844334
144372,38056.59523238617
144373,39811.63580826651
144374,41667.53138275563
144375,42785.14696989665
144376,42991.853406549475
144377,42677.92343782691
144378,42415.80575604932
144379,41902.45466704718
144380,41604.37538439769
144381,42591.325003884864
144382,44765.571429933385
144383,44274.85789000546
144384,45340.30206211804
144385,43920.518030079475
144386,40606.53485326114
144387,39978.015290111965
144388,39045.1435985283
144389,38595.722085938556
144390,37489.46558445362
144391,36775.48309670607
144392,35864.04825146843
144393,35517.80335765157
144394,35220.75409411475
144395,36185.80894697072
144396,36985.065618436274
144397,38540.61813118967
144398,39579.114274476815
144399,41117.30264642924
144400,41063.82288934105
144401,42213.563872495164
144402,42863.52948660183
144403,44040.487653735436
144404,43457.76509083037
144405,42733.260325198906
144406,42679.842683211136
144407,42569.43551965953
144408,43255.78390805141
144409,43064.410959917994
144410,42994.423439904116
144411,41903.66742587088
144412,41252.15646929755
144413,40544.55086693667
144414,39902.28342686538
144415,38900.864167652144
144416,38566.47103202428
144417,37829.02412369059
144418,37519.02529278181
144419,37487.77897380217
144420,38014.44044551548
144421,38502.411000501364
144422,40410.395766982096
144423,41577.344312251436
144424,42238.645783022665
144425,41280.47654498154
144426,41425.470034270336
144427,41645.43919140333
144428,41508.98109746188
144429,42339.95501666242
144430,44004.30355343161
144431,43304.94298236749
144432,42971.49719745494
144433,40969.550608824524
144434,38648.39256318788
144435,38419.337812968144
144436,37641.89284743921
144437,37192.01663817038
144438,36169.54609359456
144439,34876.2570577939
144440,33747.616665279485
144441,33065.8196350641
144442,32977.22002668683
144443,34392.20993129462
144444,34981.742134742824
144445,35878.3419552565
144446,37725.59492072171
144447,39399.975357802265
144448,39748.89324552453
144449,40370.352641219
144450,41168.52768087228
144451,41835.55584010527
144452,41115.28561373228
144453,40900.84219051192
144454,40811.922217601415
144455,41385.5335030993
144456,42220.29957013552
144457,41975.25374330417
144458,42210.49257744125
144459,40898.8127834687
144460,40224.785771971394
144461,39962.672298503334
144462,39097.966269126824
144463,37991.9094521315
144464,37707.17294013333
144465,36937.562343966085
144466,36677.53093264003
144467,36654.813157531455
144468,37391.508114781565
144469,38225.48640059962
144470,39528.000264608476
144471,39904.87287512123
144472,40033.89283453486
144473,39545.04051065349
144474,39435.04057822066
144475,39158.56061918817
144476,38721.00238611968
144477,39576.22136992574
144478,41323.32680273737
144479,40778.95931046513
144480,41146.29769598609
144481,39390.075653970336
144482,36774.1631857035
144483,36120.75097982411
144484,35425.48202113977
144485,35211.110187869956
144486,33884.66685179631
144487,32915.844130937156
144488,31973.09479050913
144489,31745.40462532669
144490,31751.45724775512
144491,31766.963485980825
144492,31712.74682018033
144493,31985.796407816997
144494,31993.513738681042
144495,32501.64162097632
144496,33460.138456263456
144497,33556.83112297639
144498,34284.02783352822
144499,34595.87071163288
144500,34676.315804465805
144501,35292.323933681
144502,35225.406272987864
144503,35392.56950329756
144504,36020.19860226648
144505,36861.81987243144
144506,37370.932726450985
144507,35761.17717041076
144508,34095.05041132735
144509,33279.167959850914
144510,32503.995613991974
144511,31970.56652858687
144512,31549.889403414152
144513,31650.559932480115
144514,31548.368365191476
144515,31122.267769880407
144516,31442.18284966399
144517,32505.548135322835
144518,33597.32404571517
144519,34172.239870075246
144520,34277.7478436725
144521,33619.06648152839
144522,33556.76162082872
144523,33355.034113204485
144524,33162.38563421074
144525,34086.81140493801
144526,37131.631209916166
144527,36362.7526142873
144528,37714.20786519976
144529,35408.42229840992
144530,32584.200174213773
144531,32018.71507640198
144532,31433.037914396355
144533,30855.000165628022
144534,29089.350940850018
144535,27929.789736477796
144536,27139.170166954314
144537,26919.915345681766
144538,27154.391648382698
144539,26753.933401947324
144540,27134.90344896697
144541,27769.925115668844
144542,27929.748166274832
144543,28328.718124863655
144544,29043.04797729081
144545,30146.57020852803
144546,30718.374431188568
144547,31096.06456878523
144548,31243.524546677287
144549,30924.54316183008
144550,31139.513232788788
144551,31662.905631114852
144552,32545.36731850945
144553,33281.67594645117
144554,33885.72249854583
144555,31931.012454544383
144556,30251.42379223279
144557,29612.466405274452
144558,28552.725566875855
144559,28484.655917760974
144560,28193.459053348866
144561,28078.52909251427
144562,28419.742039839686
144563,28438.60512914699
144564,28960.92907054056
144565,30338.66285007608
144566,32440.471774385358
144567,33740.810581015445
144568,34533.51291487572
144569,34770.87885363714
144570,34819.93874903181
144571,35127.5929093071
144572,35454.98522408617
144573,36476.3860620805
144574,38888.75705699423
144575,38853.590702248664
144576,38795.07713808616
144577,37175.132131469414
144578,34468.7278601663
144579,33997.07957067146
144580,33279.33206966022
144581,32878.42369360845
144582,32211.547263060795
144583,31481.941284467917
144584,30686.675328087935
144585,30909.816830666747
144586,30887.644832168913
144587,31868.73781088422
144588,32891.368913709564
144589,34441.94455365041
144590,36569.09008834724
144591,38339.91848308569
144592,39024.430865384216
144593,39987.0774389997
144594,40664.742023257975
144595,41310.7005955668
144596,40491.93185616728
144597,39967.36335056795
144598,39419.74334074809
144599,39408.69737123467
144600,39698.29305867097
144601,39780.17492738909
144602,40133.309815612476
144603,39370.34516293341
144604,39212.956889241614
144605,38939.81227194726
144606,38395.0930506352
144607,37034.1003029892
144608,36862.89877607468
144609,36201.30942419415
144610,36190.88598264623
144611,36106.71992597483
144612,36979.7600848709
144613,37891.911791436236
144614,39377.19967547842
144615,40369.87969714464
144616,40462.567644396586
144617,40408.97077075203
144618,39574.665882293004
144619,39230.80317005498
144620,38844.7469364233
144621,39597.23593561072
144622,41567.81998971069
144623,40786.38209650343
144624,40515.47067613147
144625,38304.69822851408
144626,35879.52893779103
144627,35329.01445827644
144628,35055.249540312114
144629,34466.5422858598
144630,32676.848755919913
144631,31938.44487395315
144632,31494.36199089335
144633,31554.5975408447
144634,32072.047261847627
144635,32838.82734246222
144636,33603.15848900271
144637,35436.543004583495
144638,37320.53029581058
144639,39425.40894463877
144640,40416.690719909144
144641,41530.632934990346
144642,41809.49707311053
144643,42126.12270239863
144644,42004.662096915825
144645,41514.01031299178
144646,40898.81157507758
144647,41324.00245884135
144648,41652.42804974372
144649,41683.37436923922
144650,42117.299002632266
144651,41417.49898219187
144652,41342.00009414633
144653,41328.33060457573
144654,40728.81509990841
144655,39703.28729957348
144656,39330.621060563455
144657,39125.23505828822
144658,38822.026207611365
144659,38772.21778296388
144660,39755.232901656964
144661,40498.911916839876
144662,41913.1920583436
144663,42503.03435109803
144664,42475.65945676843
144665,41763.52298360529
144666,41195.890264649504
144667,40812.35552271497
144668,40323.2175424022
144669,41074.43010553269
144670,43233.53732778972
144671,42752.10786907292
144672,42331.54772628559
144673,40156.43201212251
144674,37828.701362582535
144675,37371.0454266914
144676,36852.04503207206
144677,36123.609648672784
144678,34378.475067988904
144679,33656.32043645846
144680,33159.65117418946
144681,32889.30632364081
144682,32996.32188620348
144683,33898.145962558
144684,34768.38017852913
144685,36545.71382165538
144686,38036.055135471375
144687,40164.41508154501
144688,41318.99665962892
144689,42274.94763664446
144690,42933.301101380304
144691,43702.62729999123
144692,43294.98509341416
144693,43000.82815742694
144694,42717.94376294621
144695,43661.088320934956
144696,44277.37909816388
144697,44319.563478765616
144698,44368.09088911792
144699,43024.975315210606
144700,42308.43857687421
144701,41987.20809411573
144702,41568.39519289499
144703,40369.8349604195
144704,39945.68437789702
144705,39773.28858730156
144706,39608.965751591604
144707,39565.97695328415
144708,40060.55216034136
144709,41198.02611028157
144710,42963.19822853607
144711,43692.70557129745
144712,43342.299376413284
144713,42779.65342964415
144714,42650.149482795605
144715,42429.230618251764
144716,42073.228964960035
144717,42828.110107575616
144718,44963.70720789
144719,44080.2216626702
144720,43736.22800726911
144721,41664.51856095368
144722,39534.898644533976
144723,39044.68688155801
144724,38298.839183657976
144725,37594.670271137766
144726,35929.02011323296
144727,34978.31095882696
144728,34262.08426594641
144729,34090.853979813255
144730,34151.20255344019
144731,34868.07796231128
144732,35847.54037348307
144733,37464.375545564115
144734,39084.177228142355
144735,40935.52034032726
144736,41617.7865509552
144737,42571.728104569804
144738,43319.398069574105
144739,43995.33292419366
144740,43715.69635003945
144741,43416.55285347642
144742,43186.37247292694
144743,43746.735938136095
144744,44351.72415892232
144745,44433.38570341819
144746,44770.48654534697
144747,44183.19283332628
144748,43840.43932926767
144749,43653.66416984157
144750,42826.55849796516
144751,41922.69786416103
144752,41629.124092702754
144753,40851.34389070531
144754,40793.867808491945
144755,40268.92902363627
144756,40962.65761740442
144757,41718.24538540543
144758,43149.35629860874
144759,43353.79327343675
144760,43226.90440703475
144761,42555.239592736965
144762,41981.18308677072
144763,41650.90516619539
144764,41202.5967775828
144765,41811.92934730455
144766,44132.82076554689
144767,43335.01714747912
144768,42579.25486949633
144769,40583.00951185367
144770,38271.04624815378
144771,37886.956716869565
144772,37135.950796820274
144773,36586.05918057806
144774,34886.271048273746
144775,34245.3926823109
144776,33766.215404588154
144777,33784.19602262232
144778,33975.217093061
144779,34830.97246310533
144780,35798.97574106026
144781,37336.19622644265
144782,38846.554880608244
144783,40824.35158231827
144784,41558.40084043584
144785,42436.77493687234
144786,43212.43417593724
144787,44214.03977932951
144788,43842.98821726758
144789,43495.9065383135
144790,43384.19143188072
144791,44059.886456389446
144792,44745.416174481456
144793,44805.4206081133
144794,45002.96167486875
144795,43738.27615300347
144796,43275.17428111684
144797,42880.25595356084
144798,42062.318842898705
144799,40554.74205555932
144800,40581.29764747625
144801,39810.718884617396
144802,39692.14708257142
144803,39529.77542708859
144804,39545.79884056975
144805,40087.28349454097
144806,41314.52950311507
144807,41350.02177618735
144808,41333.712693955466
144809,40327.65065907654
144810,39670.48806106813
144811,39519.672887918445
144812,39179.875124577826
144813,40171.467080850154
144814,42135.32787648716
144815,41541.29435217561
144816,41276.86382175939
144817,39211.580435624026
144818,36390.32667351271
144819,35362.17754271889
144820,34344.889664298986
144821,33705.33334571544
144822,32058.680726870036
144823,31121.829920558346
144824,30414.36087521821
144825,30180.36831892062
144826,30281.837984587954
144827,30548.14124131685
144828,30613.535645076445
144829,31291.858991767647
144830,31545.087487950965
144831,32394.967257541477
144832,33378.36362560554
144833,33672.657465193784
144834,34485.61305406434
144835,34383.549117383016
144836,34660.34312664744
144837,35344.115511848395
144838,35479.81357159296
144839,36117.74253195429
144840,36862.85358163493
144841,37839.43479841019
144842,38173.86167639252
144843,36274.89619880735
144844,34583.65055370478
144845,33612.951116602264
144846,33173.94474129845
144847,32557.607583311357
144848,32163.082673051467
144849,31377.751550867055
144850,31182.713766608747
144851,31308.29530730668
144852,32072.988878570577
144853,33010.45349966085
144854,34580.1604617081
144855,35333.3883047444
144856,36207.59394953324
144857,36386.633083267545
144858,36340.814622698475
144859,35995.6091779445
144860,35538.32109390743
144861,36359.07841760716
144862,38787.53857389598
144863,38288.16399180138
144864,39060.70437974616
144865,37140.037763800465
144866,34567.03206145557
144867,33987.10921039715
144868,33724.115892536254
144869,33253.13326281966
144870,31689.341612124466
144871,30427.812593288236
144872,29573.45305677379
144873,29182.28381249179
144874,29126.354156241006
144875,28970.987550584592
144876,28789.489209005766
144877,29135.960393159447
144878,29097.81413883892
144879,29350.284511028032
144880,29737.800165725122
144881,30592.68252169319
144882,31299.369703237877
144883,32027.80235750079
144884,32124.341613641078
144885,32320.042974003154
144886,32829.47559417652
144887,33480.656874519256
144888,34654.096826282046
144889,35518.34536033115
144890,35898.75648998541
144891,34221.5239993487
144892,32857.32647469932
144893,32201.248448203798
144894,31316.18137372833
144895,30907.506163193422
144896,30330.479230801328
144897,30123.71718129072
144898,30013.698553214104
144899,30168.319951792626
144900,31110.480310752282
144901,32161.23328519779
144902,33841.87208974753
144903,34741.3506640988
144904,35445.496709065985
144905,35434.24183834523
144906,35409.687559482096
144907,35754.84653717007
144908,36045.19732668043
144909,37389.33185487849
144910,40549.19257218942
144911,39840.85946020053
144912,40465.969762918045
144913,38794.11558587681
144914,35962.61471720203
144915,35427.80400889106
144916,34572.176162464406
144917,33978.5388609377
144918,33157.36159414585
144919,32469.84855531675
144920,32163.527384457186
144921,32194.627787026624
144922,32644.502879663836
144923,33648.480456647834
144924,34629.46175709161
144925,36410.82804625337
144926,38454.61270664946
144927,40167.07132484552
144928,40947.28399384956
144929,41918.1117394686
144930,42509.74368502358
144931,43630.576484953686
144932,43343.356706150604
144933,42863.79130315652
144934,42825.069910856924
144935,43341.861700598376
144936,43847.81556219193
144937,43965.948230371796
144938,44201.07689014663
144939,43407.90757358435
144940,42976.642923912324
144941,42427.58798559003
144942,41808.7545109816
144943,40261.915033190264
144944,40099.198992219644
144945,39454.39235257294
144946,39325.36350888479
144947,38935.07750860144
144948,39326.10890703599
144949,40538.318302643944
144950,42393.27022399255
144951,43022.93206879522
144952,42788.46225025011
144953,42251.68036223136
144954,41672.963918068366
144955,41357.58290429388
144956,40793.581711846506
144957,41752.84583846862
144958,43898.400698515325
144959,43029.682273109494
144960,42684.60473650888
144961,40504.901217152066
144962,38155.23841185985
144963,37556.339670888665
144964,36978.570092505244
144965,36304.0970355318
144966,34613.025989968584
144967,34034.74411847381
144968,33692.62567156177
144969,33980.42065608318
144970,34240.23508881079
144971,35099.73657146757
144972,36023.61720895264
144973,37741.70080052845
144974,39244.73913193176
144975,40975.957415099874
144976,41741.15596494793
144977,42667.03902303414
144978,42979.74992854993
144979,44177.57971022526
144980,44002.90009153916
144981,43919.219726326504
144982,43553.740643717196
144983,44220.82150961109
144984,44613.17764532851
144985,44698.36321385446
144986,45124.5210736753
144987,44270.21801754365
144988,43921.31896751368
144989,43360.466332488264
144990,42821.09455200026
144991,41323.59411442853
144992,41084.82682500091
144993,40930.120247218896
144994,40592.455624031085
144995,40487.76004049908
144996,40968.79397741436
144997,41986.20996338544
144998,43561.33990814672
144999,43648.43303144575
145000,43500.59702230035
145001,42804.01555825368
145002,42441.31810569168
145003,42143.91696882878
145004,41859.58174537362
145005,42906.00470618221
145006,45254.55569391934
145007,44382.46486869774
145008,44433.403330890564
145009,42201.49014852874
145010,39963.15742855372
145011,39367.3254750653
145012,38655.29089278123
145013,37904.36308544852
145014,36215.838068653975
145015,35500.84566357797
145016,34927.95502213729
145017,34867.52563035248
145018,34943.018753033095
145019,35713.53323718877
145020,36562.31671811365
145021,38056.40928887792
145022,39450.99804778277
145023,41139.90654798151
145024,42315.767604200984
145025,42901.32418196637
145026,43310.02837984261
145027,44682.79210751354
145028,44498.2797692017
145029,44021.98596705221
145030,43929.038389919995
145031,44337.80359671372
145032,44782.29862278008
145033,45147.3849585445
145034,45071.93575948205
145035,44354.632038150114
145036,44119.595799063696
145037,44135.56659026546
145038,43623.71474558593
145039,41631.85836701191
145040,41440.10936708057
145041,40837.33022920882
145042,40650.493169238616
145043,40585.55120902007
145044,40997.41044398614
145045,42107.54201145821
145046,43609.5248383436
145047,44293.05803980428
145048,43984.20998598838
145049,43144.741738471224
145050,42675.253631455795
145051,42417.37061866161
145052,41957.81325155998
145053,42743.04538231209
145054,44737.640161740914
145055,43798.88274328107
145056,43851.76364302025
145057,41862.046350266115
145058,39622.31076429339
145059,38975.4476731042
145060,38338.93585841237
145061,37780.335721776915
145062,36202.599327670876
145063,35142.068088533786
145064,34434.6406929327
145065,34337.67637663188
145066,34430.464482025374
145067,35264.70793087042
145068,36137.93234375976
145069,37661.73432674284
145070,39380.62713864856
145071,41105.44758264271
145072,42513.36858542121
145073,43379.393531640984
145074,43919.82326131404
145075,44726.197736230984
145076,44745.71252587251
145077,44675.79330512499
145078,44817.42776582783
145079,45460.37478786921
145080,45882.88816550531
145081,46021.57329238452
145082,46184.07017750436
145083,45224.09362237695
145084,44692.74809083278
145085,44353.892981686404
145086,43886.27174580997
145087,42842.67349980802
145088,42570.88422161542
145089,41823.00986288084
145090,41848.80369748988
145091,41855.98394381796
145092,42519.29681692597
145093,43331.79551015395
145094,44624.25727307053
145095,44999.962922105755
145096,44964.488606739105
145097,43855.248431577755
145098,42826.12029529175
145099,42613.35140410267
145100,42115.699035233505
145101,43093.60126702922
145102,45022.81448796226
145103,44105.14702497708
145104,43541.00902905224
145105,41417.18464504903
145106,39283.74863025166
145107,38615.76401556427
145108,37810.105505256965
145109,37156.96346117952
145110,35449.320652557566
145111,34679.22064951401
145112,34161.37683987866
145113,34064.51778547789
145114,34124.154205845945
145115,34920.00010908188
145116,35852.26326243419
145117,37593.31573007697
145118,39023.209302048825
145119,41032.131092108764
145120,42811.77103080171
145121,43130.60301496496
145122,43460.88951320912
145123,44435.41764659346
145124,44203.529873137646
145125,43897.35158237224
145126,44008.735485193705
145127,44330.96405418484
145128,44216.294731712136
145129,44089.93630173147
145130,44423.58372204837
145131,43612.34011817527
145132,43184.97852196004
145133,43134.11560244635
145134,42563.958149328166
145135,41099.94293726893
145136,40871.923628086304
145137,40172.06786792748
145138,39958.65706586423
145139,39943.11279704305
145140,40696.949635212935
145141,41301.17180748324
145142,42780.41539139095
145143,42765.88712121131
145144,43080.987911820215
145145,42073.63242512064
145146,41230.26187768365
145147,41029.89217762883
145148,40637.98037859436
145149,41854.793681401265
145150,43439.86764385711
145151,42631.27161458432
145152,41625.23153553153
145153,39921.54192228124
145154,37391.09775476206
145155,36652.01525289129
145156,35972.71381522477
145157,35342.487248675025
145158,33906.868342759866
145159,32711.715441073597
145160,31699.38496457016
145161,31643.762001244588
145162,31585.314386676873
145163,31506.71197699456
145164,31541.501666397435
145165,32001.3204338933
145166,32407.626069698632
145167,33264.74737358906
145168,34597.77019924483
145169,34868.23517316894
145170,35423.93938229629
145171,35664.198636986155
145172,36054.15670298426
145173,36692.70755607976
145174,36851.98766376678
145175,37021.2049873648
145176,37173.02171701994
145177,37921.159502155395
145178,38005.82276413641
145179,36556.684600506036
145180,34817.175897743015
145181,33663.08399721254
145182,33387.368980616884
145183,33129.815694147605
145184,32997.884061482626
145185,32579.69743976732
145186,32546.3986479881
145187,33084.82502985043
145188,34134.49461982884
145189,34835.19688848715
145190,36604.00272045012
145191,36971.09605495547
145192,37161.73984292112
145193,36875.64021167204
145194,36866.84298917975
145195,36570.92195088174
145196,36428.61273228415
145197,37715.179825539424
145198,40029.5612516871
145199,39411.653930764405
145200,39943.204775431455
145201,37887.413587880634
145202,35354.09750670098
145203,34897.11907912819
145204,34337.63682757021
145205,33727.7560090061
145206,31951.97893244071
145207,30560.220267648758
145208,29514.787151069213
145209,29067.421824389956
145210,28897.00309646688
145211,28393.49437043692
145212,27979.983527100903
145213,28865.055324179473
145214,28931.39109439471
145215,29358.780190646135
145216,30293.806694916795
145217,30827.150501825017
145218,31526.10465952778
145219,32197.32304297506
145220,32337.34093691028
145221,32565.34002503419
145222,33106.01120361243
145223,33435.413536739754
145224,34156.480124327114
145225,34683.40967771181
145226,35005.169616452404
145227,33281.1955646366
145228,32065.092759912823
145229,31524.573263809532
145230,30791.850783395657
145231,30480.276468319793
145232,30215.75189478462
145233,30136.093267559496
145234,30317.564438771176
145235,30764.619854773693
145236,32094.27671163169
145237,33670.09365771643
145238,35681.43661951964
145239,36937.911267379655
145240,37610.04266212633
145241,37712.75502704391
145242,37797.96330327659
145243,37772.59582110266
145244,37874.13231203557
145245,39108.16823547935
145246,41388.9713719545
145247,40324.57366577444
145248,40599.01534409767
145249,39070.27936031499
145250,36446.348121234245
145251,36191.99698265425
145252,35527.38912758206
145253,35233.37183755628
145254,34455.97815869165
145255,33559.32182000194
145256,33258.819164165776
145257,33293.99764925996
145258,33570.235619690546
145259,34273.028390429805
145260,35136.966393541756
145261,36729.83707735063
145262,39035.55665005367
145263,41134.1400556407
145264,42702.77750693955
145265,42884.84411186165
145266,43779.122023254626
145267,44552.143671870814
145268,44058.1142055643
145269,43788.01051487183
145270,43881.958679932766
145271,44449.43806403461
145272,44889.71829488259
145273,44921.05079768751
145274,45155.744425050594
145275,44543.34888626338
145276,44179.84068101907
145277,43813.55952602339
145278,43224.02585869861
145279,41760.47778416226
145280,41478.84492349903
145281,40923.24330420805
145282,41021.906410883734
145283,40839.17383018067
145284,41511.84719650089
145285,42370.965209416434
145286,44035.31276704884
145287,44729.82747396879
145288,44439.28832558072
145289,43428.23079840807
145290,42699.53316134224
145291,42493.56903349632
145292,42219.9239467929
145293,43125.4473112418
145294,44880.76746124332
145295,43722.83271803145
145296,43409.338476929224
145297,41078.06778043898
145298,38855.48685406902
145299,38347.68104697412
145300,37937.670193971135
145301,37332.25851684653
145302,35618.81471768567
145303,34878.42598133618
145304,34370.422777131374
145305,34416.25621430119
145306,34807.809959420934
145307,35435.418871428636
145308,36420.319298429844
145309,37989.13221607181
145310,39926.79822948956
145311,42155.1298308639
145312,43832.14847078118
145313,44083.12042346181
145314,44468.24534886438
145315,45471.359904699864
145316,45179.45611280191
145317,44905.09060795999
145318,44711.286545514755
145319,45430.53886743218
145320,45887.0876343099
145321,45814.18222601733
145322,45919.06496509237
145323,45291.908750543145
145324,44905.678685169965
145325,44724.08683514647
145326,44527.145976872074
145327,43337.80001713353
145328,43140.07798388014
145329,42805.698259890494
145330,42702.76192134552
145331,42725.3743806826
145332,43385.76894379193
145333,44556.42435156822
145334,46015.82055095688
145335,46418.86790828923
145336,46351.71399542006
145337,45525.14511869031
145338,44431.74966871809
145339,44289.75530713629
145340,44022.35254467798
145341,45103.34701421163
145342,47103.25411782084
145343,46128.72900650199
145344,45145.29841541482
145345,43006.110701062775
145346,40862.58588018108
145347,40140.18752513219
145348,39220.31535289434
145349,38518.44389941625
145350,36650.59318470531
145351,35729.01481529326
145352,35284.30074734206
145353,34948.068511538186
145354,34738.05157415833
145355,35139.30438833225
145356,36199.75136068685
145357,37779.90681723936
145358,39809.61115075896
145359,42221.89445735937
145360,43831.31945531759
145361,44481.56822362717
145362,44988.64442133555
145363,45546.52207364681
145364,45252.48572324802
145365,45096.875737782786
145366,45351.5724597366
145367,45824.58508340422
145368,46392.937349689644
145369,46250.27406878149
145370,46352.82405736516
145371,45710.530299089434
145372,45390.075493566335
145373,45160.42660430015
145374,44920.48869602972
145375,43994.983404566665
145376,43740.55626460734
145377,43710.94951140102
145378,44063.143017141716
145379,44134.173291343744
145380,45027.53807206485
145381,45715.85422652854
145382,47087.71556371605
145383,47086.85724473101
145384,46611.22521462157
145385,45517.61817026083
145386,44052.128366074634
145387,43693.1505067765
145388,43126.50613096138
145389,43942.18720830069
145390,45892.88898163361
145391,44687.43834551891
145392,43937.660367472694
145393,41617.1230272977
145394,39481.148322168636
145395,38644.12584333819
145396,37768.27502880339
145397,36959.51840905439
145398,35531.01817781143
145399,34537.33165695093
145400,34087.15713874346
145401,33879.37476715186
145402,34086.09227840898
145403,34862.096146632684
145404,35590.12621202609
145405,37136.34080842051
145406,38379.62155723667
145407,40787.286101256934
145408,42457.87740962723
145409,43258.09092948505
145410,43258.27931636719
145411,44377.95385303126
145412,44780.47584088522
145413,44591.498072553244
145414,44615.229610524926
145415,45249.59355310134
145416,45914.35961678858
145417,46013.812848750946
145418,46503.30856428694
145419,45952.844520342995
145420,45621.079239764586
145421,45515.86316990238
145422,45446.55214693613
145423,43903.07845705945
145424,43675.730473611016
145425,43082.01472504664
145426,43153.12014809795
145427,42830.350937425705
145428,43326.891433926816
145429,43710.160783355284
145430,45174.63146821961
145431,45102.101769310575
145432,44602.65307707643
145433,43610.79201807707
145434,42221.12994443381
145435,41647.37435067021
145436,40968.093816471715
145437,41774.96301962559
145438,43962.24084132046
145439,43348.59149804874
145440,42637.831652379384
145441,40481.492708432364
145442,38572.03802390416
145443,38127.7032968645
145444,37409.440402679546
145445,37062.705720883394
145446,35463.97125820128
145447,34311.36527625996
145448,34108.98967036116
145449,34033.68185572853
145450,34069.90943095986
145451,34448.02141793379
145452,34974.87848507751
145453,36184.39901501433
145454,37849.68753243163
145455,40106.294622782014
145456,41997.761468942306
145457,42400.742566881716
145458,42669.73478141621
145459,43686.458911460584
145460,43676.67546151234
145461,43689.11380765252
145462,43423.07317838771
145463,43888.897831648275
145464,43787.402188828004
145465,43559.31135160079
145466,43525.34505302936
145467,42249.30202295531
145468,42173.30615690811
145469,42057.341719617114
145470,41660.499530287976
145471,40476.845159079865
145472,40373.04288290434
145473,39822.1212951958
145474,39709.21844229832
145475,40077.76496778056
145476,40382.35170719087
145477,41033.14376385667
145478,42211.84055885472
145479,41985.31559588946
145480,41703.98504839699
145481,41366.250817357926
145482,40723.08691963316
145483,40421.138923508894
145484,40079.5427523138
145485,41197.12607773427
145486,43003.176747666126
145487,41944.76265902166
145488,41712.296570699524
145489,39815.468224215416
145490,37269.51182892777
145491,36608.56756118336
145492,36017.876160658605
145493,35438.505541162944
145494,34243.93756552819
145495,33095.04021528609
145496,32355.76304474789
145497,32496.123827580137
145498,32682.355030939678
145499,32492.611449578617
145500,32354.68519386977
145501,32737.943498879253
145502,32937.29378651423
145503,33604.911630892624
145504,34791.434438815086
145505,35138.82577515479
145506,35852.97454601999
145507,36157.876334227716
145508,36856.215476858815
145509,37621.088761550294
145510,37838.08003351537
145511,38552.820317377
145512,39557.85966536416
145513,40329.24806016789
145514,40400.066873260235
145515,38730.28683620637
145516,36884.229857149796
145517,35653.5464611123
145518,34792.971141358816
145519,34432.698233519266
145520,34165.65646860765
145521,33753.649740458684
145522,33942.80162617243
145523,34379.45759177561
145524,34966.772004822495
145525,35803.67303554616
145526,37092.123525621355
145527,37401.99075363918
145528,37164.00568566242
145529,36727.56708553719
145530,36446.838843467376
145531,35931.47677815291
145532,36024.56365308391
145533,37082.80918604356
145534,39615.65120227287
145535,38904.00804615029
145536,39397.79831441117
145537,37219.368930118624
145538,34941.90332766975
145539,34408.44852899574
145540,34089.018013007444
145541,33685.35475959875
145542,32095.977100515356
145543,30738.62749096778
145544,30132.74458321517
145545,29764.329518183164
145546,29582.552605018416
145547,29057.775760877663
145548,28857.689140389608
145549,29366.74920384226
145550,29284.64351170862
145551,29431.24554090091
145552,30198.9421849452
145553,31056.596592589896
145554,32097.922604118554
145555,32911.879291429694
145556,33458.07890255437
145557,33964.66844851109
145558,34628.9485863064
145559,35463.17558787753
145560,36566.93674292909
145561,37230.08408035132
145562,37609.383915230675
145563,35985.70972646693
145564,34859.4825099861
145565,34088.053739490766
145566,33041.94781090229
145567,32407.180431281104
145568,31849.940376953233
145569,31076.22989134051
145570,31098.091284341113
145571,31240.60870619308
145572,31805.72296855806
145573,33172.74522888118
145574,35100.7282373059
145575,35708.964890680465
145576,35748.16432933135
145577,35606.49260139116
145578,36009.88210000368
145579,35761.30748978338
145580,35754.49141569546
145581,36890.80780520792
145582,39631.300186339475
145583,39132.479389056185
145584,40131.07394853493
145585,38165.40595396311
145586,35218.79298767407
145587,34713.38417778894
145588,34004.929550247376
145589,33826.34731787548
145590,33119.318102472775
145591,32050.970057655155
145592,31631.24727212684
145593,31703.416348375325
145594,32197.46539220986
145595,33313.859629348204
145596,34292.27570840063
145597,36509.52242902573
145598,38654.79862836214
145599,40531.80236955333
145600,42283.118665843824
145601,43033.61373179995
145602,43633.41558837177
145603,44581.00056653811
145604,44407.766331237624
145605,44158.760629747696
145606,43971.1058357654
145607,44484.31208895116
145608,44767.27061924199
145609,44711.015003884786
145610,45092.711924436786
145611,44263.73502649525
145612,43785.3918381075
145613,43571.72200057875
145614,42987.74955912548
145615,41334.871322068924
145616,40905.084741623345
145617,39937.70098012173
145618,39968.701955126024
145619,40034.11045322052
145620,40689.7757911338
145621,41190.009438678986
145622,42503.11756338108
145623,42145.09133133307
145624,41898.69829469521
145625,40800.930790870334
145626,40020.488984756295
145627,39541.70909491259
145628,39113.347181536534
145629,39964.88066510592
145630,42233.40361264736
145631,41447.745731921306
145632,41502.50325851554
145633,39143.46958049488
145634,36902.56884034336
145635,36531.70354584038
145636,36451.291621315075
145637,35911.50193668838
145638,34485.25705280488
145639,33439.463144807974
145640,32830.56639197126
145641,32486.610719088556
145642,32830.30611165396
145643,33732.50932722862
145644,34675.472852411214
145645,36493.14878666846
145646,38228.776257625366
145647,39928.7331609043
145648,41429.29571255877
145649,42142.57904626357
145650,42839.696615821165
145651,43724.10023537098
145652,43920.49431563159
145653,43752.051786912896
145654,43718.437608456945
145655,44385.262159229766
145656,45181.14779698193
145657,45286.619933502574
145658,45475.520214013355
145659,44932.70769704748
145660,44595.90973674523
145661,44115.998372149974
145662,43576.22617539875
145663,42595.63915019664
145664,42103.80477756455
145665,41111.292240088966
145666,40636.869360969074
145667,40356.951589574615
145668,40980.25589881577
145669,41818.33596732546
145670,43170.74248373357
145671,43537.741161182785
145672,42925.131402109066
145673,41743.329095080095
145674,40168.50105227656
145675,39917.24374883444
145676,39679.08163176834
145677,40771.36572588687
145678,43201.1959931998
145679,42669.63129890217
145680,42830.67807378451
145681,40336.059530173916
145682,38171.79932024246
145683,37516.78739318182
145684,36886.34320309173
145685,36272.75637737327
145686,34483.29048583552
145687,33797.407121189375
145688,33491.86882187297
145689,33498.88096873134
145690,33554.552153241086
145691,34568.25864517191
145692,35615.944709216266
145693,37608.35241682642
145694,39228.63787201798
145695,40941.9106878702
145696,42244.82051388096
145697,43453.591598518295
145698,44356.4083770003
145699,45092.7566502115
145700,45466.199282047884
145701,45251.937444301955
145702,45064.590626323414
145703,46119.26638663049
145704,46999.45817307563
145705,46464.416842372135
145706,46687.11342064301
145707,45741.48286334962
145708,45226.30283829813
145709,44492.081721420764
145710,43523.38372502895
145711,42785.518512819304
145712,42318.036789467755
145713,41515.331265380104
145714,40968.9314788108
145715,41080.19921761293
145716,41398.53904126707
145717,42535.71052094627
145718,44157.30678298659
145719,44703.293994220265
145720,44596.37357157333
145721,43622.60431823147
145722,41662.4586494964
145723,41531.672366621184
145724,41083.96219534628
145725,42058.99204889618
145726,44186.62856734241
145727,43512.04237910347
145728,43358.25862576171
145729,40945.58963243385
145730,38700.05495236294
145731,38001.67421439299
145732,37400.36031486671
145733,36857.94262707392
145734,35115.331640916535
145735,34313.022422269576
145736,33751.872460711034
145737,33731.91354362067
145738,33859.95477792865
145739,34885.74813634479
145740,35820.11081927674
145741,37777.158205198844
145742,39448.62895115557
145743,41714.2004392953
145744,42923.238845240194
145745,43897.205058976244
145746,44201.48295592765
145747,45056.7427702391
145748,44922.12596044961
145749,44910.23909871088
145750,44715.94730317863
145751,45078.2719725092
145752,45430.993100304724
145753,45579.241144120315
145754,45591.60414166828
145755,44696.97238647294
145756,44158.832265763034
145757,43744.41960649104
145758,43101.94009443744
145759,41690.05982228577
145760,41284.58571037554
145761,40468.85976752383
145762,40077.08340150418
145763,40054.398353100994
145764,40873.67421183381
145765,41627.44523984094
145766,43144.34521495738
145767,43797.17079283084
145768,43971.29585393596
145769,42965.165331884346
145770,41794.30253963344
145771,41459.813551791245
145772,40870.66301515162
145773,42047.31379053254
145774,44487.534152758446
145775,43844.7423012472
145776,42930.215632543106
145777,40576.88952928387
145778,38499.95640372706
145779,37924.789381459814
145780,37195.59581549657
145781,36582.81714221791
145782,35094.07131905711
145783,34070.766559876385
145784,33445.44981278471
145785,32946.87795195158
145786,33228.07626685499
145787,34464.35910413393
145788,35294.32440239967
145789,37314.1727640827
145790,39100.24215673884
145791,41539.86072658297
145792,42822.291606288556
145793,43768.01801406008
145794,44293.3870062675
145795,44949.71311381733
145796,44917.17845251719
145797,44814.100450310754
145798,44622.892622067884
145799,44978.72709854656
145800,45054.0867943347
145801,45111.301493346684
145802,45376.280080458484
145803,44351.504307239775
145804,43975.461921838665
145805,43505.3348993085
145806,42848.01480689353
145807,42088.85467970765
145808,41594.98579960702
145809,40992.855232264104
145810,40852.466369317175
145811,41281.74334936288
145812,42073.70667138661
145813,42358.9859459806
145814,43594.87901831674
145815,44038.99195206347
145816,43977.862585527
145817,43072.00642008694
145818,42221.11518602428
145819,41965.78142480987
145820,41711.63281601762
145821,43275.83868520112
145822,45307.18225407762
145823,44779.218034880694
145824,44183.88363237328
145825,41970.124264099
145826,39241.40212209627
145827,38359.677415553386
145828,37539.45066308671
145829,36891.045860558195
145830,35257.77664159914
145831,34044.574014749414
145832,32972.43748805442
145833,32886.783963473725
145834,32776.74926648029
145835,32774.09744765957
145836,32749.674133384164
145837,32921.05380323935
145838,33154.78017233005
145839,33739.99855743819
145840,34693.84113047074
145841,35449.71573562832
145842,36499.45899595098
145843,36823.82328685418
145844,37426.61356765295
145845,38091.26080111175
145846,37994.54354977281
145847,38617.3306086882
145848,39211.1786338717
145849,39911.18082456106
145850,40367.115026178915
145851,38877.57549229134
145852,36947.673131274205
145853,36127.839652177856
145854,35585.94505254532
145855,35123.7760919086
145856,34807.56205216524
145857,34959.83754913528
145858,35032.31970440237
145859,35190.24809965888
145860,35669.361730474695
145861,36530.51435100193
145862,37751.79720421587
145863,38097.10670132412
145864,38231.21294489953
145865,37223.406194302486
145866,36890.084595071
145867,36719.2453048272
145868,36765.568129928615
145869,38230.47767138634
145870,40494.405765893796
145871,39994.36973365293
145872,40525.182646598914
145873,38139.02080744016
145874,35420.231952205824
145875,34799.94310046944
145876,34232.885622578055
145877,33571.44920078453
145878,31880.535614550285
145879,30666.911531056794
145880,29993.81852651051
145881,29586.47920939639
145882,29639.507018829976
145883,29331.12511689849
145884,29127.71641133142
145885,29645.78784452399
145886,29729.58655581579
145887,29889.66966093552
145888,30464.281934251467
145889,31344.386241111377
145890,32399.97961787863
145891,33409.29398137961
145892,34048.51683359332
145893,34423.40559971854
145894,35171.39629279754
145895,36132.32676094804
145896,37288.5777718412
145897,38031.70577798734
145898,38461.246184696916
145899,36728.53085924085
145900,35165.21597485637
145901,34523.35767160719
145902,33392.151241956984
145903,33022.15542385022
145904,32531.4461643799
145905,32476.038855439045
145906,32300.83766061765
145907,32752.594153428072
145908,33539.16628325517
145909,34770.23160729413
145910,36471.27262443466
145911,37324.90893524826
145912,37985.29038139618
145913,37667.085766258744
145914,37682.811293561805
145915,37612.976401194326
145916,37845.65325156938
145917,39192.09224693568
145918,41810.71411338431
145919,41121.07505034825
145920,41348.60884078657
145921,39374.75120632106
145922,36483.743447641755
145923,36182.444456295
145924,35359.08146892459
145925,34954.462883601125
145926,34036.12225420164
145927,33191.23463373144
145928,32835.69826353608
145929,33053.19812375882
145930,33414.449986574735
145931,34500.61978374162
145932,35503.91927804713
145933,37028.67274895901
145934,38982.588422287954
145935,41028.35945923509
145936,42250.02334126366
145937,43541.53438723404
145938,44485.54159502326
145939,45508.580125303
145940,45435.75944858098
145941,45017.57930751868
145942,45087.89857944455
145943,45604.116065227165
145944,45977.432048444396
145945,46106.72788742969
145946,46475.2980977634
145947,45680.720915608435
145948,45224.86755519638
145949,44581.36461073126
145950,43849.29461153147
145951,42948.780876512035
145952,42530.10430483033
145953,42085.72355512069
145954,42099.06435035038
145955,42213.965081178954
145956,42788.8274950018
145957,43493.86562015003
145958,45172.62669891491
145959,45386.62778651459
145960,44916.278419770664
145961,43804.04043208092
145962,42260.634588927904
145963,41773.83669130973
145964,41039.52828317745
145965,42034.502127993255
145966,44135.88774695018
145967,43358.441046707616
145968,42438.711469314156
145969,40247.237756332186
145970,37707.34190110183
145971,37235.338582238255
145972,37079.68947714579
145973,36734.03914013668
145974,35096.133233443645
145975,34390.38473637409
145976,33949.92048492765
145977,34032.48051324376
145978,34156.52564421175
145979,35137.40619846877
145980,35991.89805494475
145981,38024.68016389372
145982,39793.123213884115
145983,41944.44421514758
145984,43235.38199903849
145985,44249.87782265153
145986,44758.06625433972
145987,45591.563221603705
145988,45750.0380081673
145989,45288.234998855725
145990,44945.350811699405
145991,45318.28846751961
145992,45654.20219192085
145993,45623.119761143615
145994,45768.6669851887
145995,45244.78964385225
145996,45018.95418460873
145997,44682.696978640015
145998,43968.95469589342
145999,43108.57307619634
146000,42839.66403627659
146001,42023.84453063748
146002,41799.41265370437
146003,41700.59703562724
146004,42285.18874812389
146005,42964.36142767945
146006,44224.37958768263
146007,44541.67776788178
146008,44008.36798090506
146009,42908.37611048344
146010,41342.62312274021
146011,41183.52341126638
146012,41039.71376718377
146013,42057.057621252534
146014,44324.921482255515
146015,43637.22909663968
146016,43429.509989871316
146017,40993.892026554466
146018,38444.745101033994
146019,37810.582243413846
146020,37286.049626532906
146021,36632.560656755915
146022,34922.650175961375
146023,34215.2979208975
146024,33709.40974871991
146025,33676.425224303675
146026,33870.88241077789
146027,34797.29232038474
146028,35851.41005187117
146029,37545.766030248655
146030,39274.77051985807
146031,41289.534051316834
146032,42692.73050327729
146033,43667.509910345914
146034,44384.946387807315
146035,45204.97443156083
146036,45219.90138077025
146037,45145.07433476533
146038,45139.86426765044
146039,45597.26939292652
146040,46050.103837336545
146041,45862.303058965714
146042,45813.13446880522
146043,44958.75543758517
146044,44620.76074929027
146045,44056.852405184436
146046,43521.226210960995
146047,42397.90704352071
146048,42060.0467508275
146049,41113.03678508951
146050,41134.07818726888
146051,41202.59022007196
146052,42010.441767455355
146053,42913.726452473
146054,44337.79919574898
146055,45396.79070753974
146056,45374.38593178146
146057,44235.3058927395
146058,42689.364765518716
146059,42538.15876566578
146060,42026.28169804601
146061,43115.89029416525
146062,45455.68059819496
146063,44532.00561117054
146064,44512.59324890359
146065,42213.5649208368
146066,39824.878743845074
146067,39235.989247593534
146068,38475.93318217876
146069,37854.44390185774
146070,36157.72787079647
146071,35422.67781261535
146072,34835.222926667564
146073,34809.721767603885
146074,34940.254476325994
146075,35821.03275777047
146076,36694.77635563522
146077,38576.015382442005
146078,40285.75432069724
146079,42370.429632633735
146080,43485.453707634966
146081,44459.718339062005
146082,44948.4239704384
146083,45792.34701156043
146084,45659.28490031412
146085,45628.01759515389
146086,45401.7685539908
146087,46147.58886389801
146088,46392.19314835375
146089,46226.94449892603
146090,46129.40335039251
146091,45118.41527491131
146092,44728.440874994536
146093,44347.78405416199
146094,43578.280808400516
146095,43012.78931716562
146096,42984.892612793985
146097,42889.38028295152
146098,42847.66283201268
146099,42907.729674922186
146100,43459.5488940051
146101,44528.67165158283
146102,45921.19067889015
146103,45970.085363448576
146104,45803.50728268674
146105,44703.331400268136
146106,43475.32832019575
146107,43390.18456875958
146108,43288.84163865689
146109,44541.01869346948
146110,46789.62719731582
146111,46099.47665212812
146112,45378.14201216409
146113,43062.3024763781
146114,40714.36599902225
146115,40111.6510208516
146116,39417.60594174512
146117,38808.26441343414
146118,37014.32960729723
146119,36165.196165520705
146120,35365.377789262944
146121,35150.87659019932
146122,35428.552583271616
146123,36118.80328634085
146124,36812.6945143556
146125,38579.59435171746
146126,40158.69462681907
146127,42072.35555521802
146128,43511.24679828405
146129,44460.73193045458
146130,45096.860111162496
146131,46126.953638536106
146132,46397.348635353825
146133,46293.81390675905
146134,46465.949041097054
146135,47089.78514106288
146136,47189.910335344706
146137,47229.58133806757
146138,47400.72433354903
146139,46464.8520688774
146140,46042.674557722974
146141,45895.90981906592
146142,45279.186549564474
146143,44282.05695212572
146144,43894.64649058256
146145,43270.679383413306
146146,43143.8429547844
146147,43007.18498825595
146148,43701.419670429044
146149,44362.24843304041
146150,45417.92349761458
146151,45413.82094316009
146152,45139.27779011843
146153,44145.9568165951
146154,42802.42539150556
146155,42459.999186946654
146156,42228.0859436607
146157,43680.68847009788
146158,45496.41662073726
146159,44587.98906700378
146160,44151.431834022034
146161,41820.18882840495
146162,39042.03769936028
146163,38187.25730189322
146164,37267.374304437195
146165,36638.69994418057
146166,35064.84545799603
146167,33930.03267912991
146168,33114.9699815763
146169,32938.71199254297
146170,33032.82040877921
146171,32893.799687979496
146172,32847.18620204106
146173,33175.232571679684
146174,33428.26453519898
146175,34251.68899061005
146176,35317.86517855477
146177,36232.03434200184
146178,37360.52461023177
146179,37677.852384881466
146180,38463.81498219505
146181,39087.50555280649
146182,39019.17001927913
146183,39746.38726657547
146184,40664.671622994865
146185,41372.81611200578
146186,41669.791097726564
146187,40235.72131530793
146188,38762.9990087173
146189,38023.92529244043
146190,37498.374660604764
146191,37249.02978581833
146192,37015.7404502677
146193,36610.36907290327
146194,36627.23101379547
146195,36494.36560028775
146196,37061.15812257078
146197,38148.242955511916
146198,39324.82693271831
146199,39834.48732261059
146200,40066.45532160236
146201,39468.978182106795
146202,39327.99340352576
146203,39162.47393422183
146204,38996.32278635616
146205,40090.900393583084
146206,42440.25839010877
146207,41879.57587424699
146208,41763.370940526576
146209,39339.448093406754
146210,36466.602197070715
146211,35752.53401741978
146212,35365.24698263465
146213,34779.7721922998
146214,32936.38827693953
146215,31807.50941593472
146216,30912.216385438725
146217,30527.821815632757
146218,30522.31881227647
146219,30336.47446000684
146220,30010.92291684484
146221,30017.10815884205
146222,30014.992754789095
146223,30224.075157494797
146224,30727.790702913444
146225,31976.08689819894
146226,33002.877061158455
146227,33894.464675122625
146228,34651.52498914584
146229,34888.60769812142
146230,35104.285187900525
146231,36001.11877707999
146232,37046.54272337461
146233,37721.3565387079
146234,38047.85226946273
146235,36309.68713812825
146236,34904.63292555939
146237,34130.155078917414
146238,33156.21885486178
146239,32806.74262535963
146240,32587.052439454186
146241,32374.829700146205
146242,32595.756223248056
146243,33004.39228989227
146244,33821.24927289292
146245,34845.75700009444
146246,36446.05291351322
146247,37397.02682388681
146248,37951.19190511072
146249,37900.908698947904
146250,37732.14421873059
146251,37521.688470161
146252,37532.87858882189
146253,38836.20101985496
146254,41521.462377528675
146255,40715.16696519163
146256,40751.06818302257
146257,38856.711392329635
146258,36022.63330697431
146259,35477.10199931836
146260,34796.427412165576
146261,34209.32096793761
146262,33310.28543216588
146263,32464.014184627715
146264,32189.975522585417
146265,32227.45902109854
146266,32490.310115356857
146267,33580.69380533996
146268,34519.806701032314
146269,36606.632376162066
146270,38358.466349719085
146271,40408.03097467873
146272,41707.23745735288
146273,42772.94609130773
146274,43467.09882241425
146275,44188.35553999135
146276,43887.998059330224
146277,43710.03179250178
146278,43629.27290269688
146279,44016.14786109339
146280,44058.29714595795
146281,44057.48588684673
146282,44075.09237339098
146283,43006.882414690044
146284,42746.700371237224
146285,42276.877259477114
146286,41913.30937728805
146287,40725.50087029173
146288,40610.63414808445
146289,40152.3532355995
146290,40186.56121472909
146291,40335.747874820365
146292,41057.65319319438
146293,41538.73400888681
146294,42904.840655307504
146295,42995.5182047395
146296,42287.45827016712
146297,41535.99419006074
146298,40409.48896358656
146299,39699.579527457594
146300,39214.242647954394
146301,39714.085454380955
146302,41619.422241952525
146303,40356.146020482185
146304,39715.78198000527
146305,37450.24785907606
146306,34537.714554625236
146307,33816.68098925751
146308,33205.443024131506
146309,32505.013656486204
146310,30706.382220950778
146311,29904.1934539168
146312,29432.45456172991
146313,29395.016180846607
146314,29522.24964921372
146315,30490.91285293445
146316,31736.63289930924
146317,33264.67409763511
146318,35005.926843600755
146319,36383.54228728265
146320,37395.93562582468
146321,38919.267498525835
146322,39703.79642845922
146323,41271.19521747257
146324,41234.25521083463
146325,40922.98966952504
146326,40880.71343337754
146327,41573.98614341065
146328,42308.939207658266
146329,42185.23517924547
146330,42216.74906498965
146331,41769.531676395854
146332,41391.47292147003
146333,41157.74304854311
146334,40576.99837613678
146335,41024.68358888365
146336,41557.93786667577
146337,41089.12494825403
146338,41084.01811523457
146339,41329.44637231776
146340,42071.69219059493
146341,43049.50714120778
146342,44276.31657176666
146343,44935.47448369047
146344,44698.558089915605
146345,43882.805858834596
146346,42531.024033140784
146347,42334.69805363336
146348,42082.985610285454
146349,43134.453087891896
146350,45444.01187309706
146351,44590.48697702912
146352,44024.119928854634
146353,41539.960157038004
146354,38973.86308636067
146355,38444.98376673162
146356,37633.12583033849
146357,36966.57086361197
146358,35502.3765983742
146359,34935.97396506106
146360,34561.76024108812
146361,34803.91591454206
146362,35042.2592411889
146363,36019.64754582363
146364,36934.83626432745
146365,38559.69864320209
146366,39921.115934696136
146367,41888.18206722846
146368,43213.3289019899
146369,44441.97991140717
146370,44920.89632144175
146371,46214.11730652539
146372,46199.208754093095
146373,45857.73828128836
146374,45571.49094987445
146375,46217.728823393045
146376,46751.736420517314
146377,46855.42995322072
146378,47016.89082523151
146379,46169.011202526824
146380,45859.09318221261
146381,45462.11248111217
146382,45285.784826658695
146383,44203.32533765898
146384,43848.821823337916
146385,42901.480333711355
146386,42642.846740225876
146387,42387.13369238024
146388,42890.24174731968
146389,43432.32682936691
146390,44877.172530155236
146391,45762.54289172492
146392,45427.214609428396
146393,44340.40623654567
146394,42682.46541915179
146395,42566.97242831428
146396,42422.176279694766
146397,43564.5675817263
146398,45711.09627704864
146399,44955.81083931299
146400,44340.51108445168
146401,41940.083240538086
146402,39433.08169810297
146403,38944.139192860246
146404,38373.12844996511
146405,37778.68422696995
146406,35985.86748825324
146407,35274.588855640985
146408,34674.15896179511
146409,34707.30878298933
146410,34931.55962903492
146411,35992.920825357134
146412,36965.7567761132
146413,38556.520929236445
146414,40006.44661437807
146415,42042.91444343253
146416,43307.13228320188
146417,44295.441222013884
146418,44819.06226945324
146419,46152.23726331043
146420,46331.16979344777
146421,45855.22601402499
146422,45749.10630574083
146423,46458.51465257165
146424,46700.953704774714
146425,46731.19673951618
146426,46649.59374585415
146427,45809.66421907105
146428,45343.260925526265
146429,44636.05107433504
146430,43878.293776430204
146431,43022.70854129322
146432,42744.1556427417
146433,41669.10528985548
146434,41762.1096670175
146435,41484.903621220656
146436,42048.58545614482
146437,42806.718760975025
146438,44493.89510572607
146439,45412.92936176041
146440,45232.99732317798
146441,44647.30853631984
146442,43594.93099137937
146443,43424.83057139583
146444,43189.548473421026
146445,44156.544571649676
146446,46219.986389828344
146447,45390.33772419804
146448,44948.765128176354
146449,42726.72007509985
146450,40269.86717834234
146451,39760.2444949042
146452,39004.60603484696
146453,38319.727401683966
146454,36587.03015793766
146455,35906.386802932386
146456,35278.22879676139
146457,35259.94047404858
146458,35478.05572038047
146459,36456.364776526614
146460,37353.287080039
146461,38813.63341374233
146462,40289.05276930843
146463,42138.490729836325
146464,43410.51653855411
146465,44766.60027214901
146466,45427.66580821637
146467,46515.504844338495
146468,46377.71582311376
146469,46031.0650696716
146470,45628.90131436295
146471,46375.90117879885
146472,46390.1384441314
146473,46385.44589458103
146474,46497.58692915592
146475,45461.47517958129
146476,45097.86671610321
146477,44623.274768606236
146478,43986.90821720117
146479,43178.94265828834
146480,42772.795189749006
146481,41844.188198540935
146482,41977.453821382645
146483,42054.7810653456
146484,42752.17099572112
146485,43567.29733276138
146486,44526.80711534668
146487,45117.33386576704
146488,45385.37144764479
146489,44422.550804884566
146490,43660.05418078398
146491,43480.291254316806
146492,43282.431261223355
146493,44745.91994381948
146494,46675.80776924848
146495,45929.95817875073
146496,45396.58842970262
146497,43336.92948297027
146498,40508.33903123696
146499,39735.9752578386
146500,38840.517737768285
146501,38128.46458984856
146502,36499.2162486161
146503,35379.89804181741
146504,34226.902704881766
146505,34097.235445616745
146506,34069.26337947626
146507,34148.07911147135
146508,34198.578454011724
146509,34264.8606544913
146510,34406.06635271792
146511,35278.86360314452
146512,36101.077516419464
146513,37130.233938210775
146514,38099.02360026834
146515,38563.34665877827
146516,38970.44347746964
146517,39412.38474597547
146518,38951.23291881899
146519,39467.01362151459
146520,39652.698107664786
146521,40381.00912864581
146522,40667.508622341025
146523,39228.50221043552
146524,37746.61187480659
146525,36736.578286765995
146526,36165.038276235915
146527,35976.34277252711
146528,35826.59859378329
146529,35587.17259249248
146530,35665.10119640746
146531,35865.97866398413
146532,36684.122630201135
146533,37355.83570167613
146534,38903.7610572739
146535,39595.135513301284
146536,39983.18181719618
146537,39777.1150534362
146538,39436.01383822247
146539,39272.40082637711
146540,39169.15059550354
146541,40518.0680701253
146542,42988.67954707026
146543,42301.46011292235
146544,42245.63159846594
146545,40041.588079311514
146546,37221.553168602644
146547,36708.32135536529
146548,36349.567069984005
146549,35872.078497732364
146550,34264.14210312472
146551,33190.947076937024
146552,31943.86835801836
146553,31637.441170092818
146554,31640.81329585149
146555,31519.843316418992
146556,31379.130109021142
146557,31499.864475872706
146558,31373.220752189794
146559,31630.053468633083
146560,31894.174439555445
146561,32973.20602624718
146562,33906.56064716032
146563,34932.7209757132
146564,35395.105261095596
146565,35849.27951967827
146566,36119.7198724784
146567,36759.64099604158
146568,37374.05663195706
146569,37856.22204372812
146570,38131.46417915864
146571,36514.602370251065
146572,34955.89061242497
146573,34212.38111738882
146574,33643.26221226814
146575,33483.7075594878
146576,33113.653064845
146577,32885.95423252747
146578,33041.92559648896
146579,33419.290982160725
146580,34441.33743530089
146581,35641.636477335865
146582,37582.01679527327
146583,38738.743365019196
146584,39307.2777733218
146585,39432.71657866609
146586,39341.212299774124
146587,39216.8877341643
146588,39273.20817926425
146589,40264.27118195542
146590,42541.88458580274
146591,41814.9155306367
146592,41541.477738171845
146593,39853.992292370036
146594,36898.874481176324
146595,36499.2121850764
146596,35734.28072447056
146597,35303.51617013467
146598,34486.400308730954
146599,33739.95748803978
146600,33188.6381473422
146601,33219.95869698865
146602,33246.85362786385
146603,34237.12630929543
146604,35103.44053166381
146605,36817.70749129658
146606,38890.264116863116
146607,40866.33116994191
146608,42638.836779330726
146609,43824.26862150649
146610,44740.357767044814
146611,46040.28137542957
146612,46122.45718691769
146613,45460.00787816065
146614,45372.07136518122
146615,45943.464940591795
146616,46434.23717009676
146617,46664.23771057519
146618,46803.08131790509
146619,46165.56513740987
146620,45886.48394670742
146621,45370.70540619552
146622,44746.546736129094
146623,43776.800360224806
146624,43452.24373492475
146625,42294.80212175788
146626,41831.196155998856
146627,41656.595368819515
146628,42267.269371442475
146629,42382.14217893753
146630,43702.84187349339
146631,44239.62919270154
146632,43922.34465609103
146633,42712.311607103526
146634,41703.954923132806
146635,41507.38198291512
146636,41118.48998922582
146637,42059.349911330806
146638,44034.85849863556
146639,43197.56931060748
146640,42715.47400825771
146641,40179.38719220301
146642,37548.22107701896
146643,36831.122853595865
146644,36428.91115652264
146645,35690.04522777908
146646,34109.07002018405
146647,33165.14523794424
146648,32847.75478473792
146649,32754.38810226194
146650,33129.88989665988
146651,34087.13262746656
146652,34926.208237449435
146653,36536.59695048501
146654,38484.30694140309
146655,40208.5724750915
146656,41630.63633319954
146657,42449.70993324248
146658,42954.51152609862
146659,43598.87494981789
146660,43681.0359316251
146661,43333.2706593374
146662,43330.328763593156
146663,43712.44195075205
146664,44179.8517832855
146665,43625.84588912044
146666,43512.48776147614
146667,42456.97578859361
146668,41624.175474535536
146669,41113.82548171574
146670,40287.31325311947
146671,39547.544680023755
146672,40317.09212961496
146673,39643.00207831947
146674,39619.974850551414
146675,39694.05440774599
146676,40696.07988056051
146677,41027.473980045404
146678,42344.9216233471
146679,42633.14901567489
146680,42709.34696121459
146681,41747.990199805565
146682,40676.03258781547
146683,40360.232953198094
146684,39904.67570855458
146685,40777.74868429496
146686,42921.81778574898
146687,42201.5906746253
146688,41567.08159986419
146689,39358.24658529666
146690,36329.624370372636
146691,35489.59225024044
146692,34581.112553567255
146693,33824.763317789424
146694,31782.15374596913
146695,30774.003098527664
146696,29613.7955729211
146697,29486.825871323956
146698,29709.055537940163
146699,29749.513853240816
146700,29769.906978561896
146701,30230.14341747436
146702,30655.16024381424
146703,31468.507439571113
146704,32134.93912188775
146705,32600.160067045057
146706,33496.21615414695
146707,33879.81179523045
146708,34680.74534594686
146709,34835.57434135306
146710,34839.93672496466
146711,35156.936414470525
146712,35928.38711824588
146713,36335.37318228977
146714,36596.90560134665
146715,35104.03790419366
146716,33625.116328525655
146717,32880.930591197
146718,32022.53279347896
146719,32173.456484553262
146720,32628.799741617233
146721,32892.857420910164
146722,32868.12711139548
146723,33313.86063245492
146724,34393.33683578003
146725,34733.37886769925
146726,35688.45131379232
146727,36027.696080695336
146728,35849.83559274518
146729,35885.07482888652
146730,35786.20812888264
146731,35899.02828697587
146732,36189.07552149108
146733,37069.13071913967
146734,39181.43517873345
146735,38668.791289575376
146736,41159.98739322283
146737,39203.17012347337
146738,37128.67942558512
146739,36710.51899798444
146740,36243.05096029455
146741,35757.502507851685
146742,33955.4919550729
146743,33232.00635312471
146744,32623.144656604643
146745,32404.91716792178
146746,32723.9918933308
146747,33533.14229129043
146748,34505.64903156554
146749,36126.18794232687
146750,37625.87691098738
146751,39277.25303307057
146752,41041.41279499763
146753,42080.83398413479
146754,42719.87033379798
146755,44195.04334694733
146756,44339.329227962575
146757,43687.853592758474
146758,43420.85849447039
146759,43808.675361646856
146760,43890.902516074195
146761,43949.66911744187
146762,43894.47042397286
146763,43043.051540118155
146764,42479.87744472477
146765,42283.36984918167
146766,41210.444286719256
146767,40992.73267250916
146768,40968.84431139342
146769,40022.011723281066
146770,39889.89181139941
146771,40016.27922652744
146772,40654.17321639551
146773,41285.574750025844
146774,42647.232141041255
146775,43245.36246187577
146776,42979.7972676124
146777,42040.3062437285
146778,40690.85347748542
146779,40353.073096430715
146780,40170.466681907055
146781,41044.982439635416
146782,43265.04075585332
146783,42680.15579344089
146784,41623.92202789186
146785,39477.14969428986
146786,37086.03947606526
146787,36512.17599695893
146788,36085.18886368056
146789,35656.06295810956
146790,34109.90810413804
146791,33281.009261319115
146792,33134.200465192705
146793,33136.7348028194
146794,33401.57697153692
146795,34500.03944490131
146796,35543.221417902954
146797,36708.021871074714
146798,37947.459690914904
146799,39694.454460792134
146800,41278.81016472952
146801,42262.68647694729
146802,43031.9946833536
146803,44124.042471925
146804,43998.187591652175
146805,43794.79121554278
146806,43568.968654731056
146807,44109.06616975905
146808,44254.274323227
146809,43952.681598886265
146810,43941.28582003765
146811,42874.90682362838
146812,42422.01887767318
146813,41899.965043947246
146814,41127.92406896372
146815,40485.420611787835
146816,40331.2527878008
146817,39537.27150929279
146818,39425.97666457201
146819,39476.83196609141
146820,40005.55763115607
146821,40458.32074561864
146822,41740.349879654386
146823,42122.08821537222
146824,42337.14170097582
146825,41466.8750757151
146826,40429.39763518716
146827,40391.8649067097
146828,40317.920261681196
146829,41434.12396653054
146830,43377.432488684724
146831,42676.48701869439
146832,43013.77381822417
146833,40857.44979532101
146834,38235.239627876355
146835,37616.582600106834
146836,36722.9303189333
146837,35914.33235697742
146838,34225.62724524992
146839,33218.87797253074
146840,32106.0137893063
146841,31740.060870288224
146842,31805.268199245205
146843,32173.149320624067
146844,32459.72784023908
146845,32318.648785942678
146846,32241.175693255398
146847,33172.97018107878
146848,34377.104999789844
146849,35564.93225490143
146850,36008.13165079802
146851,36326.61834175387
146852,36710.235477863745
146853,37023.38566563894
146854,36814.87591328599
146855,37199.619747783945
146856,37703.65670164397
146857,37821.832516007096
146858,37861.48586750388
146859,36324.110915504054
146860,34924.773180358774
146861,34030.41544018825
146862,33688.74319065895
146863,33740.82158237822
146864,33875.914680828944
146865,33971.83982349699
146866,34106.55160552206
146867,34345.97869803866
146868,35450.31196663009
146869,36024.392444886085
146870,37385.895606546226
146871,37582.29155114928
146872,37841.15040007128
146873,37771.927339188376
146874,37541.2368979221
146875,37541.4082238805
146876,37745.43131844879
146877,38871.29497461738
146878,40965.2953602492
146879,39937.39290075267
146880,39409.66344860283
146881,37274.831197707616
146882,34728.85616615336
146883,34188.80203346871
146884,33711.61378056087
146885,33238.920341194746
146886,31986.59854349948
146887,30609.92584353429
146888,29810.896163599744
146889,29508.82508489755
146890,29625.60139349373
146891,29551.03030041538
146892,29379.30132611641
146893,29767.958690687203
146894,29698.194528287837
146895,29862.70996475
146896,30676.39784826107
146897,31471.247741968902
146898,31924.398989002606
146899,32709.8861689616
146900,33015.96543333477
146901,32891.938970145115
146902,32929.23514188053
146903,33258.290775639645
146904,33624.3390134907
146905,34146.51687669468
146906,34140.11935520431
146907,32827.81362679582
146908,31617.14798798058
146909,31013.20396954423
146910,29802.663412638707
146911,30003.563443156436
146912,29714.277684080495
146913,29599.338044425815
146914,29857.629813089894
146915,30528.921005153585
146916,31850.058324703015
146917,33242.9843792297
146918,35277.41246747848
146919,36650.18973303374
146920,37323.579202142464
146921,37579.83609300071
146922,37855.12479135571
146923,38083.04808840568
146924,38480.46095520536
146925,39723.17761495723
146926,42025.46956480048
146927,41071.404507864296
146928,40807.62141761859
146929,38926.64585483479
146930,36222.80657905292
146931,35602.083671108434
146932,34518.17269535284
146933,34171.69392946579
146934,33644.35358369901
146935,32366.08021371539
146936,31934.846985315307
146937,32220.823227373625
146938,32472.202444490904
146939,33323.04889934391
146940,34189.08340281479
146941,36206.496608633635
146942,37955.86570987458
146943,39855.830527256854
146944,41648.949066729525
146945,42459.619395722526
146946,43356.47322646459
146947,44544.752002611145
146948,44113.040131128386
146949,43489.935085131634
146950,43647.952823694795
146951,44327.108495528504
146952,44686.2926244083
146953,44483.85006460459
146954,44441.73858667109
146955,43813.47224995887
146956,43428.01710164034
146957,43010.52901594844
146958,42480.96342444781
146959,41587.992201781955
146960,41802.43018781655
146961,41400.08665389685
146962,41744.49974566051
146963,41865.854420188254
146964,42147.57089902486
146965,42692.14610630058
146966,44775.763087032734
146967,45872.284249739874
146968,46245.716391262875
146969,45276.549596264274
146970,44680.396150373606
146971,44147.9939289747
146972,43755.7434922435
146973,44387.53996133268
146974,45760.15020031169
146975,44526.3022223521
146976,43690.534759590344
146977,41380.86425162472
146978,39157.623736393696
146979,38839.0315693898
146980,38308.52422018169
146981,37855.58942102626
146982,36129.19393464811
146983,35386.68572276661
146984,35023.31058280518
146985,35113.802909918246
146986,35309.34989633565
146987,35878.36508828044
146988,36881.53487705169
146989,38494.65520835811
146990,39997.21823240607
146991,41452.06633151201
146992,43174.49390167792
146993,43878.71920634275
146994,44385.71231183774
146995,45640.79134391836
146996,45427.18318735148
146997,45030.032009323964
146998,44684.9651739886
146999,45391.78614768265
147000,45564.513822173794
147001,45351.84128259429
147002,45491.81169564782
147003,44832.66787023477
147004,44448.65893045075
147005,44329.007730265905
147006,44121.77835505809
147007,43309.33737270527
147008,43131.84403307181
147009,42778.06429687866
147010,42843.788046400565
147011,42891.9909340927
147012,43697.21364495382
147013,44498.94041993143
147014,46324.79885521095
147015,47109.79142753848
147016,46889.84550280035
147017,45666.168622962025
147018,44755.18794313832
147019,44578.256804589546
147020,44394.43959854336
147021,45115.30933978135
147022,46983.56301404686
147023,45776.081426819015
147024,44500.00208830964
147025,42361.62502679603
147026,39953.47051395121
147027,39424.172615597876
147028,38797.6730851335
147029,38114.176040861516
147030,36482.988520014835
147031,35786.43415742913
147032,35459.774851162845
147033,35580.92236038752
147034,35892.88463556307
147035,36581.197139455784
147036,37648.02110019237
147037,39089.8527933143
147038,40684.40360554834
147039,42513.41927776939
147040,43824.720234860295
147041,44339.6847781948
147042,45095.10990818361
147043,46357.794202369216
147044,46407.6915562122
147045,46201.88816225001
147046,45937.26928620028
147047,46533.47627236899
147048,46881.99193396903
147049,46612.3170270299
147050,46527.87478036871
147051,45829.43913110907
147052,45462.38307094282
147053,45222.78440859545
147054,44860.73998813041
147055,44328.61158099594
147056,44229.70396202248
147057,43545.10480113661
147058,43970.94094156069
147059,44110.80763922084
147060,45002.19208837206
147061,45825.470759013304
147062,47431.01946631773
147063,47681.95133154439
147064,47703.04552155955
147065,46511.424966493396
147066,45436.53271172981
147067,45139.20016006025
147068,44743.93114675749
147069,45184.90809799321
147070,46919.423405316855
147071,45637.53379130103
147072,44193.553743799195
147073,42310.55236490962
147074,39945.81040766025
147075,39400.889375483224
147076,38666.34816823101
147077,38073.76841363863
147078,36379.41205330082
147079,35557.83692832402
147080,35179.63359887539
147081,35152.229328504516
147082,35173.47109178239
147083,35946.66329005134
147084,36978.99909428477
147085,38450.81548886986
147086,39886.011635251365
147087,41520.83177697043
147088,43196.887571346866
147089,43982.13184091333
147090,44296.47531563797
147091,45672.6240967305
147092,45569.54628113659
147093,45148.830865732525
147094,45321.43416734057
147095,45825.27369187915
147096,45893.55728301449
147097,45751.195827793
147098,45830.88075925575
147099,45140.18316951431
147100,44682.32624045502
147101,44555.4906405942
147102,44419.52097775131
147103,43812.172066946005
147104,43606.583381895965
147105,42819.95421001789
147106,43018.79768520265
147107,43047.84173009917
147108,43709.89298609829
147109,44573.314573369986
147110,46432.79624394026
147111,46760.98515587868
147112,46451.95676967861
147113,45408.71172691471
147114,44228.31381727796
147115,44043.71221584264
147116,43828.83732075092
147117,44642.574191889165
147118,46389.46496690796
147119,45252.670601985796
147120,43998.463391482845
147121,41879.739880365756
147122,39597.74160867538
147123,39137.41202792912
147124,38257.55950137435
147125,37395.56937780007
147126,35735.61489074869
147127,35094.39229162793
147128,34864.597857478286
147129,34872.67053927377
147130,35087.93466053021
147131,35822.436323945054
147132,36733.03837139011
147133,37949.80261650149
147134,39340.94124884668
147135,41120.323687291246
147136,42802.53809326422
147137,43527.68810506454
147138,44216.38011632924
147139,45321.77465354972
147140,44938.79511446949
147141,44512.99569827808
147142,44071.248709788255
147143,44600.61192543709
147144,44515.216464736164
147145,44385.3327987999
147146,44549.066590849245
147147,43315.254915581325
147148,42720.84764278308
147149,42128.851260952106
147150,41294.85013218632
147151,40461.97636703761
147152,40681.9948870333
147153,39829.66477440176
147154,40203.26399541275
147155,40179.01510636098
147156,41161.86412113258
147157,41477.922451679755
147158,42337.20378774178
147159,42261.758501010205
147160,42728.67650210719
147161,41938.54348840247
147162,41084.086313522035
147163,41223.87619599762
147164,41195.159846613635
147165,42266.6097278493
147166,44086.06989103151
147167,43003.38192596648
147168,42360.51535156049
147169,40225.08568518555
147170,37452.320551289515
147171,36613.021488663544
147172,35528.19968551711
147173,35119.82036207611
147174,33626.26766096821
147175,32629.650735898726
147176,32117.038301467313
147177,32169.596980456237
147178,32324.59337702929
147179,32447.98631544917
147180,32546.478743674004
147181,32449.098917233998
147182,32430.432372747848
147183,33279.96366480011
147184,34430.16499028583
147185,35632.1508234167
147186,36054.46295682684
147187,36552.006823777134
147188,37278.69030314094
147189,37736.295888662644
147190,37905.07175294135
147191,38492.97742513192
147192,39354.2810835517
147193,40144.33216806097
147194,40630.2135429625
147195,39269.92753320081
147196,38385.77823475368
147197,37482.8145299084
147198,37116.05321781661
147199,36665.26747763579
147200,36111.869875923054
147201,35897.718376315475
147202,36075.30451369892
147203,35883.79920269477
147204,36408.784725187186
147205,37817.9898262952
147206,38897.01015391494
147207,39552.54115640689
147208,39791.01789903019
147209,39113.768886235586
147210,39054.72241752416
147211,38749.54518256629
147212,38809.255902437464
147213,39861.316669038315
147214,41922.96285346623
147215,41269.334473195726
147216,41206.31427992787
147217,39023.75127307933
147218,36160.95656338707
147219,35759.51979375645
147220,35229.86531001635
147221,34694.34561872325
147222,32832.09065702519
147223,31522.861507958034
147224,30474.272824586275
147225,30128.855505482272
147226,30110.05736334902
147227,29715.308712556456
147228,29594.70507358144
147229,29908.169949644813
147230,29991.31013115609
147231,30212.298230316654
147232,30992.225494078302
147233,32301.286727075436
147234,33217.01053510333
147235,33864.51263879531
147236,34335.692680838765
147237,34167.6769688265
147238,34543.295473485625
147239,35104.88786326561
147240,35664.48795830268
147241,36233.59175883057
147242,36559.734579862234
147243,34909.25196911572
147244,33327.306839253564
147245,32737.922705811394
147246,32009.496021819577
147247,31845.70179073038
147248,31619.483655342126
147249,31432.646239178648
147250,32128.3060786481
147251,32743.775571441343
147252,33655.6848051785
147253,35316.784130452805
147254,37207.814570485316
147255,37943.47024534748
147256,38589.27544520745
147257,38183.96437722804
147258,38636.86526152458
147259,38768.23391683061
147260,39138.98332248847
147261,39945.51757381152
147262,42469.96228275646
147263,41851.001299988704
147264,42139.34628101118
147265,40134.50782792624
147266,37204.73324963206
147267,36533.043694937136
147268,35576.4530032171
147269,34969.51622848129
147270,33899.08890401587
147271,33064.75927024135
147272,32915.18541558082
147273,32980.63938543877
147274,33417.82086234891
147275,34485.58564595291
147276,35576.76940213087
147277,37165.31134820277
147278,38944.5762829325
147279,40861.42304848506
147280,42448.51792812754
147281,43376.57661952514
147282,44221.99469790219
147283,45076.7278131677
147284,44958.483322891094
147285,44410.859582806734
147286,43737.56886740649
147287,44145.63701085707
147288,44260.13857322777
147289,44221.55431347016
147290,44248.66862813983
147291,43528.1981145864
147292,43219.76146622952
147293,42641.737424999505
147294,42214.72138798173
147295,41241.14266859609
147296,41325.75543416066
147297,40658.26220084243
147298,40719.20248168883
147299,41113.30770824031
147300,41950.840142612025
147301,43316.00621539098
147302,44797.7001445355
147303,45431.45824966747
147304,44974.30016123011
147305,44453.29341298967
147306,43576.141382525544
147307,43455.97684527739
147308,43243.99475722016
147309,43839.34987470066
147310,45703.22731732556
147311,44745.04394144212
147312,44141.86688412684
147313,41848.371313263364
147314,39385.76802375436
147315,38956.83866642537
147316,38470.16281085011
147317,37886.24125397947
147318,36300.821198818885
147319,35511.63596702036
147320,35044.04208811453
147321,35132.28082657554
147322,35361.97136560487
147323,36176.78499429114
147324,37147.56423584635
147325,38681.239819958086
147326,40268.7817511482
147327,41961.32821867034
147328,43672.39076804824
147329,44728.320310958334
147330,45321.020788587804
147331,46254.150350668584
147332,46216.11699137645
147333,45644.98793371066
147334,45143.25897223776
147335,45157.59189050244
147336,45533.39232342653
147337,45612.562918382384
147338,45662.42924350392
147339,44962.67086952315
147340,44641.70320448632
147341,44172.18866732493
147342,43506.45581392787
147343,42993.23798696581
147344,42788.23224363825
147345,42213.857056820576
147346,41985.79425584314
147347,42133.41938350876
147348,42688.70941232387
147349,43429.81358139071
147350,44978.789315142494
147351,45429.5401879031
147352,45020.49334451056
147353,43686.506809848994
147354,42213.39830605915
147355,42320.975474445804
147356,42262.764677342224
147357,43145.89107770281
147358,45232.65953421675
147359,44387.50506797047
147360,43883.73870884186
147361,41501.31590380978
147362,38935.40287370223
147363,38580.58648805663
147364,37865.76355993973
147365,37102.448658800786
147366,35494.16841249516
147367,34715.37880091428
147368,34208.224636327104
147369,34099.42688000476
147370,34183.60006602733
147371,34939.64655172353
147372,35713.023271178616
147373,36751.59036863178
147374,37763.376952611325
147375,39456.32026841074
147376,41246.88119223314
147377,42561.67283241445
147378,42884.05713267533
147379,44027.69359694015
147380,44142.473654604044
147381,43393.07694657154
147382,42619.93109943652
147383,42418.73738526549
147384,42339.55336060807
147385,42106.946569844105
147386,42036.505610211854
147387,40804.70773009389
147388,40255.604064007784
147389,39799.93923399063
147390,38917.34813832782
147391,38361.47747461656
147392,38841.063550271836
147393,38325.711239416276
147394,38650.75444398923
147395,39254.99270673076
147396,39925.02602627271
147397,40635.86053009465
147398,41596.52174645602
147399,42605.55870349179
147400,42581.45078237955
147401,41598.52315251526
147402,40659.71189571133
147403,40571.40265523331
147404,40600.77074370563
147405,41185.58117366867
147406,43565.2469804257
147407,42857.418634200505
147408,42277.97211814919
147409,40178.683607906714
147410,37522.01612877999
147411,37403.500978854856
147412,37071.041425465395
147413,36824.14971709732
147414,35501.18892736378
147415,34750.78458828409
147416,34064.58316323856
147417,33925.28713601394
147418,33911.75202331713
147419,34785.22080282988
147420,35576.090712630146
147421,36866.02024498944
147422,37957.58439456399
147423,39652.81500989614
147424,41589.74395193466
147425,43041.607514095944
147426,43004.51109894675
147427,44298.67497365143
147428,44132.13652316377
147429,43645.66683945116
147430,43744.89742330115
147431,44078.40371200569
147432,44421.215590027765
147433,44497.01516575676
147434,44538.23539839934
147435,43716.96456122024
147436,43484.37190543436
147437,43273.775289193385
147438,42726.292994922944
147439,41893.13809008419
147440,41934.08661762819
147441,41467.161296115926
147442,41525.41156186742
147443,41735.571985155824
147444,42714.03698924434
147445,43703.999792844035
147446,45321.142426339924
147447,45992.02459492618
147448,45778.052277985465
147449,44973.84387813461
147450,43799.3522636158
147451,43683.102980032134
147452,43522.09613062939
147453,43859.82362384336
147454,45511.575505414025
147455,44517.99696908065
147456,43335.37828472462
147457,41123.66166298219
147458,38223.27063366009
147459,37538.179243502316
147460,36741.94649590808
147461,36120.09839380932
147462,34079.522285689694
147463,33378.53616197416
147464,32406.237927747276
147465,32755.59898448443
147466,33248.567606431476
147467,34070.250728704355
147468,35418.66690880163
147469,36288.168194893165
147470,37246.527251981686
147471,39208.30032825292
147472,40653.9290158334
147473,41725.933465568836
147474,41750.25111771444
147475,43084.078496708804
147476,42795.02456268589
147477,42386.85486966736
147478,42059.60043635109
147479,42157.9970876969
147480,42115.52066532981
147481,41228.50532757879
147482,41213.776108929625
147483,39728.86356673434
147484,39089.93087820199
147485,38557.453011075675
147486,37623.03790149244
147487,36410.84828796993
147488,35866.52577253657
147489,34798.380662071824
147490,34642.7721880796
147491,34954.48766932694
147492,35931.51985633929
147493,36911.59569042415
147494,38031.70685078037
147495,39364.40593564027
147496,39959.85281694951
147497,39922.528127264406
147498,39407.95577144956
147499,39207.08860471098
147500,39209.27893885028
147501,40113.017989483356
147502,42026.16718759509
147503,41350.54002966968
147504,40809.36651128691
147505,38885.36278168226
147506,36318.632236069345
147507,35514.22704166148
147508,34590.48555735979
147509,34016.289171481854
147510,32639.942076693216
147511,31551.905996038335
147512,30543.926933991803
147513,30665.971336618524
147514,30696.476259322615
147515,31098.03594681096
147516,31300.461273129906
147517,31485.70814788075
147518,31770.11686571514
147519,32843.17574813616
147520,34306.102855743076
147521,35890.95308042396
147522,36783.058876316354
147523,37014.533513133065
147524,37643.386439028094
147525,37898.595096807505
147526,37839.11746574249
147527,38041.2401913914
147528,38888.46643149786
147529,39466.67653081798
147530,39443.417029092816
147531,37922.0133532517
147532,36528.131351231605
147533,35801.52756951403
147534,35222.21091583767
147535,34912.58577912818
147536,34336.32947293628
147537,34349.10603947017
147538,34369.70660276509
147539,34532.51070883983
147540,35148.53393634773
147541,36067.24681035534
147542,37472.88167986355
147543,38245.203310084216
147544,38459.506951412244
147545,38170.04222753003
147546,37847.839468835766
147547,37997.19718135349
147548,38358.97444958976
147549,39230.047546448244
147550,41608.31929630042
147551,40870.801585012065
147552,40718.24129046606
147553,38881.384186526884
147554,36147.468331039
147555,35689.24341643574
147556,35149.62399657985
147557,34663.80295687272
147558,32886.24815143804
147559,31747.403491417466
147560,30771.915970470644
147561,30181.129127427022
147562,30087.473031238536
147563,30133.101930164263
147564,29808.47325341956
147565,30038.335871375017
147566,30188.44990567274
147567,30107.8714666885
147568,30482.57749867982
147569,31923.51349661076
147570,32315.433876227613
147571,33005.60314188937
147572,33349.57148427615
147573,33511.522595207905
147574,33732.36471722823
147575,34300.89335688858
147576,34784.38507391865
147577,35322.69760034223
147578,35498.547642624006
147579,33997.654192126676
147580,32624.309224393863
147581,32285.88756217638
147582,31308.803863082754
147583,31304.202353778222
147584,31132.217146007337
147585,31097.947679529327
147586,31354.078654849418
147587,31797.101191215897
147588,32750.48124081369
147589,33964.38760558174
147590,35929.15015703088
147591,37377.330714826705
147592,38120.99981512316
147593,38472.04621220945
147594,38920.206531490716
147595,39084.98148791541
147596,39376.682403131024
147597,40502.86500018884
147598,43064.947296039805
147599,42496.009567585905
147600,42057.76756720002
147601,40075.41207453797
147602,36955.031195644435
147603,36541.04281727026
147604,35750.2564410263
147605,35183.74759357945
147606,34187.24550260445
147607,33097.65481347533
147608,32572.04887232575
147609,32518.264873523185
147610,32850.96382093713
147611,34036.83072030293
147612,34974.513557755665
147613,35867.90897158567
147614,36914.660570799366
147615,38993.347825477846
147616,40596.74852776731
147617,42225.10897358815
147618,42794.639665501076
147619,44576.677654703875
147620,44439.57145919584
147621,44357.91225120908
147622,44225.913850130644
147623,44797.9151162439
147624,45128.97871206225
147625,45189.13718549148
147626,45274.8262028293
147627,44363.367904271945
147628,43929.610844984665
147629,43607.3214556878
147630,43039.96778454812
147631,41399.31684112158
147632,41049.691437313944
147633,40482.577247101966
147634,40523.30515961351
147635,40549.31301451086
147636,41243.01388891372
147637,42308.16592957863
147638,43979.88735928896
147639,44664.690421647945
147640,44192.021730238455
147641,43221.58556297071
147642,42476.885867114666
147643,42343.86399389311
147644,42164.0504560818
147645,42766.55419228858
147646,44517.185401032344
147647,43528.42544802486
147648,42508.346464434944
147649,40361.820105228784
147650,37861.39745657145
147651,37431.84041059164
147652,37114.55235854568
147653,36754.5025535256
147654,35076.4496030789
147655,34213.202500479005
147656,33865.27276373587
147657,33940.613739190776
147658,34145.18799097999
147659,35165.62754774743
147660,36308.01880062386
147661,37108.52008532059
147662,37575.831826598245
147663,39308.90583490755
147664,40928.840790955925
147665,42432.383373577315
147666,43018.75091658574
147667,44350.55645973678
147668,44490.400375795696
147669,44494.70242669621
147670,44562.09205224853
147671,44962.920445050186
147672,45344.908115069666
147673,45484.812153539104
147674,45628.213585083344
147675,44631.538576490144
147676,44312.2060609847
147677,43979.2402582136
147678,43499.738922964345
147679,42216.40238404183
147680,42245.731088285924
147681,42329.606258898464
147682,41990.96380814963
147683,42213.11672719809
147684,42509.09462762688
147685,43091.148154822666
147686,44384.54827660581
147687,44918.15828476879
147688,44526.989526477315
147689,43249.5427343776
147690,42074.601746157976
147691,42044.13355317831
147692,42038.695788347446
147693,42406.65798858687
147694,44253.67749143744
147695,43259.234277662516
147696,43077.460618726494
147697,40853.6748193688
147698,38109.949936803765
147699,37725.0042848831
147700,37070.62277202988
147701,36839.010160082835
147702,35189.91399066824
147703,34633.1615009964
147704,34039.487916631166
147705,34082.801922053004
147706,34211.07477594013
147707,35078.96819037498
147708,35961.43423097537
147709,36931.61602585222
147710,37192.773599275846
147711,38892.756872772916
147712,40523.80128036534
147713,42010.81237634718
147714,42857.4629973144
147715,43762.49814431279
147716,43962.49988396366
147717,44270.48930550861
147718,44511.56588212967
147719,45381.64701290338
147720,45985.60209819134
147721,45831.863568176865
147722,45699.83153120223
147723,44619.351898745655
147724,44277.15779391465
147725,43810.87114201495
147726,43105.49421869793
147727,42527.00530832338
147728,42491.481200616196
147729,41973.66897902275
147730,41940.019415929375
147731,41765.50195499243
147732,41844.44994841925
147733,42842.14974740184
147734,44302.48509505209
147735,44860.26791653562
147736,44576.17191067889
147737,43441.63178478785
147738,42644.789060713774
147739,42338.886753902814
147740,42045.97817917394
147741,42375.02236592053
147742,43943.60693128412
147743,43023.81251695353
147744,42647.44840280021
147745,40287.413808964026
147746,37648.6207575134
147747,37194.0491807082
147748,36480.38275225728
147749,36056.7421818768
147750,34312.020465842645
147751,33604.75904700536
147752,32934.85243881489
147753,32904.075848124616
147754,33024.32057795583
147755,33862.16819946402
147756,34812.86854786933
147757,35571.72447605565
147758,36010.2765651613
147759,37695.17741633408
147760,39215.01818090305
147761,40562.23368076012
147762,41239.881330790406
147763,41818.86518710271
147764,41760.1636908842
147765,41529.0252897222
147766,41623.15172490749
147767,42083.21731198784
147768,42421.61299472053
147769,42106.11074480423
147770,41833.2473828166
147771,40652.918587603344
147772,40174.79416241404
147773,39479.40762143459
147774,38712.070474496926
147775,37849.562369549596
147776,38098.617811406286
147777,37349.98762427181
147778,37084.72422146446
147779,37364.5133380207
147780,38068.60707982111
147781,38459.35914712037
147782,39519.774340218224
147783,39892.49584083911
147784,40117.09199493914
147785,39305.287031067
147786,38512.53959903805
147787,38060.119753654646
147788,37483.72022100749
147789,37363.27677805095
147790,38649.23592317213
147791,37609.65210825863
147792,36905.02268904389
147793,35180.53960263276
147794,32596.20278644009
147795,32339.527855181404
147796,32435.423975216247
147797,32962.25164725188
147798,31473.702475388956
147799,30310.439542664513
147800,29392.509112286865
147801,29054.204239957035
147802,29190.21891862593
147803,30152.030314340962
147804,30988.140018972546
147805,32103.750651366176
147806,32186.348799399795
147807,33954.45165773929
147808,35374.44113740534
147809,36383.097412490715
147810,36754.36943864014
147811,37622.09671046231
147812,37000.44445634135
147813,37397.044448083376
147814,37140.009385474536
147815,37774.00407733924
147816,37825.480696804756
147817,37505.73801893328
147818,37798.651738011744
147819,36444.3036255747
147820,35925.38734875505
147821,35595.019921407635
147822,35127.12427282167
147823,34607.00512894938
147824,35218.80748373919
147825,36152.24026291197
147826,37121.39757185705
147827,37757.693279995125
147828,38612.98741455386
147829,39466.04117636733
147830,40913.294893863225
147831,41532.70967827596
147832,41977.577963222786
147833,41066.359860524884
147834,40262.562626331004
147835,40153.71314964451
147836,40028.31025140016
147837,40575.46890913342
147838,42080.58891329914
147839,40995.9653766934
147840,40749.7843205026
147841,38665.04652640052
147842,36230.84787686606
147843,35816.93610873973
147844,35123.35125601741
147845,34782.82905992923
147846,33434.825430548946
147847,32134.55251774408
147848,31065.215878608768
147849,30977.81604940474
147850,30938.278738435896
147851,31406.663724130492
147852,31362.310999842353
147853,31062.706856421148
147854,30740.25584282138
147855,31231.938178019813
147856,32032.792852992752
147857,32930.59163522964
147858,33719.22252956879
147859,33632.865953327666
147860,33641.59381461105
147861,33144.17156981288
147862,32369.129492616477
147863,32736.415675495275
147864,33737.14984964143
147865,34255.670883907675
147866,34182.04625112166
147867,32215.74675867874
147868,30091.258868932317
147869,29427.890256112718
147870,28885.894467131202
147871,28112.843977111726
147872,28287.84896394345
147873,27697.004220729534
147874,28412.340948019653
147875,29162.70225542197
147876,30016.953593556413
147877,31042.58825022255
147878,32132.79409148697
147879,33166.45714145589
147880,33600.395737809515
147881,33347.71836973965
147882,34061.6319283535
147883,34195.607907137455
147884,34554.52316537909
147885,35496.871262586435
147886,38099.158060899856
147887,37438.55166288122
147888,37324.27957165282
147889,35411.53529038843
147890,32902.59567423078
147891,32391.344672433916
147892,31795.49713563509
147893,31552.802517506923
147894,30042.231009765746
147895,28783.272485692018
147896,27758.755676736273
147897,27580.743128806374
147898,27680.59823897605
147899,27947.361081448922
147900,27992.540072218166
147901,27866.68729271471
147902,27848.992310526424
147903,28107.326507278725
147904,28306.324064996137
147905,28755.660234611165
147906,28880.965173024462
147907,29770.184532900526
147908,29843.371334218038
147909,29816.420324498587
147910,29968.945179025155
147911,30608.78977336797
147912,31370.567684884354
147913,31975.34329974279
147914,32528.64986635065
147915,31241.272189457435
147916,29952.50002058045
147917,29901.84082693721
147918,29041.22154386052
147919,29661.704408501035
147920,29875.447831850743
147921,29783.815254231227
147922,30124.318420312462
147923,30680.50418443147
147924,31807.929927552697
147925,32859.24504614126
147926,34692.35599623673
147927,36016.5034743243
147928,36734.85832547455
147929,36885.28659795894
147930,37339.924734718705
147931,37428.313570023274
147932,37748.60821077111
147933,38412.64953090315
147934,40982.352503737864
147935,40119.06050574088
147936,39528.245676586
147937,37505.96433670483
147938,34565.22461510027
147939,34173.509226203
147940,33205.60630962753
147941,32749.55145373209
147942,31843.58588394097
147943,31058.43705208164
147944,30737.691247704155
147945,31054.578095586563
147946,31596.80600330243
147947,33098.41496294572
147948,34117.78965551335
147949,35048.87216662774
147950,35512.597402408464
147951,37183.900908775664
147952,38853.58566402085
147953,40454.32699079501
147954,40860.02794390522
147955,41450.121666266554
147956,41348.952654039276
147957,41532.417688625006
147958,41512.81971315283
147959,42056.55090729404
147960,42273.71562705962
147961,42307.96262441054
147962,42499.61572975957
147963,41320.017920103164
147964,40497.21015040546
147965,40272.43461774361
147966,39843.021456420305
147967,39317.27476065082
147968,39325.40386473136
147969,39243.14744622458
147970,39515.13616101538
147971,39798.337850473996
147972,40714.98018279836
147973,42241.362735380295
147974,43532.554334987464
147975,44371.66811367055
147976,44418.74866025386
147977,43241.348473560465
147978,42447.95414834139
147979,42336.24710452912
147980,42191.95285861069
147981,42617.95370774044
147982,44150.106397541334
147983,42857.87301984983
147984,42345.0071969296
147985,40175.456816551094
147986,37557.60000951832
147987,37322.54739715183
147988,36894.29779776813
147989,36736.88032634654
147990,34934.687640328855
147991,34352.081542760076
147992,33883.49064743962
147993,33910.414681274735
147994,34082.27765828106
147995,34986.33570741664
147996,35953.284869522584
147997,36920.18506745116
147998,37264.124864036065
147999,38867.24071750035
148000,40627.14217191827
148001,41694.47631824391
148002,42030.62746984585
148003,42873.85021038152
148004,42766.57695121196
148005,42705.40362407202
148006,42751.864338124324
148007,43158.66910291826
148008,43282.86087829101
148009,43329.41832281625
148010,43663.361796866586
148011,42955.90761896819
148012,42723.85464614225
148013,42926.80665425665
148014,42642.38871576371
148015,41723.72452278116
148016,41606.13348324068
148017,41318.901481614084
148018,41107.03333353253
148019,41458.25200937988
148020,42008.24706168699
148021,42869.55178425252
148022,44297.06926539566
148023,44886.18444604927
148024,44613.228903550866
148025,43362.85418883276
148026,42488.377335021374
148027,42540.79759592807
148028,42783.65056202346
148029,43168.6596859246
148030,44685.91735769561
148031,43629.425487887536
148032,43510.008777904135
148033,41253.04338837297
148034,38513.27516451084
148035,38134.54059135516
148036,37268.754061667685
148037,36955.39184744281
148038,35234.18331931995
148039,34515.6623687221
148040,34038.633821916046
148041,34016.672394603076
148042,34104.9726130334
148043,34945.39044487295
148044,35915.337065943335
148045,36913.78307467598
148046,37292.40931355758
148047,38858.31578245245
148048,40779.252449507636
148049,41682.8131819414
148050,41858.937106107755
148051,42591.496814844366
148052,42579.508878993416
148053,42446.651482478665
148054,42606.94895521544
148055,43018.51784744701
148056,43217.25354709295
148057,43242.98464289213
148058,43507.98370922038
148059,42757.4714687773
148060,42430.32336064007
148061,42249.703727242326
148062,42190.21824833633
148063,41686.90556673691
148064,41543.589619237726
148065,41109.82964329962
148066,41076.3307752272
148067,41454.985665304266
148068,42271.93346121203
148069,42805.792675824516
148070,44086.50157955397
148071,44794.15016950624
148072,44817.01165890893
148073,44199.576063399814
148074,43424.458557388985
148075,43487.852566929774
148076,43449.382222579865
148077,43763.492841967316
148078,45219.39380858238
148079,44005.31281912812
148080,43391.41992531005
148081,41183.97774028096
148082,38493.717365497214
148083,38012.31098917871
148084,37135.17118417405
148085,36871.12507495928
148086,35152.330585200325
148087,34390.00009792325
148088,33739.92634611744
148089,33872.64360742138
148090,34030.55071035649
148091,34866.11669512416
148092,35973.3206909291
148093,36998.54015280811
148094,37081.91268272072
148095,38848.31176908178
148096,40661.510327201744
148097,41478.84897531224
148098,41878.402015773325
148099,42860.60143684712
148100,43268.85198863284
148101,43260.08173146868
148102,43584.97833767299
148103,44204.165570071695
148104,44717.43039612245
148105,44733.264669791126
148106,45028.81114176847
148107,44244.43004386267
148108,43650.3761182974
148109,43224.28228291777
148110,42856.57233173259
148111,42079.83291563119
148112,41928.91756197742
148113,41581.45867520214
148114,41432.211529432076
148115,41600.50359593982
148116,42263.26554728649
148117,43182.38318247343
148118,43969.30840051952
148119,44418.47865147964
148120,44334.13889867292
148121,43492.65598166514
148122,42791.729493801824
148123,42652.80989645397
148124,42493.9555452169
148125,42732.97521100231
148126,44008.2454809147
148127,42584.85927566001
148128,41748.82118903612
148129,39592.46446183264
148130,37279.990049612934
148131,37077.33411427127
148132,36294.592948824364
148133,35993.83562929648
148134,34154.335202399736
148135,33504.73117679722
148136,33185.33035875545
148137,33205.37758611241
148138,33439.29553020736
148139,34346.727942440426
148140,35300.49197095838
148141,36327.347630778866
148142,36275.78933357872
148143,38007.06337786157
148144,39753.54674266568
148145,40750.56330281863
148146,41167.93437082673
148147,42227.217243867155
148148,41814.06344771342
148149,41946.13166670041
148150,42237.92376300256
148151,42204.121182450785
148152,42104.49940936544
148153,42167.469132895996
148154,42452.31914584305
148155,41333.26156508135
148156,40722.17628572277
148157,40898.882700082
148158,40485.68532803545
148159,40084.38377327582
148160,39991.65585572734
148161,39613.168313754286
148162,39817.29797929162
148163,40185.17996778681
148164,41168.95954538203
148165,42172.66063939758
148166,43602.45331269552
148167,44047.81051206532
148168,44089.52625516452
148169,43190.63072053303
148170,42675.81299643811
148171,42692.60625062108
148172,42677.65598226746
148173,43180.958695693094
148174,44303.335562924236
148175,43054.602152777145
148176,42571.335808495125
148177,40586.2543698212
148178,38131.338521748316
148179,37548.318002685795
148180,36521.20428946909
148181,36137.89383533415
148182,34583.07783737694
148183,33547.126598436706
148184,32683.68004711498
148185,32612.46914410699
148186,32542.736308274903
148187,32696.847688267717
148188,32645.214338427373
148189,32840.32229931837
148190,32817.767033552336
148191,33505.100950469154
148192,34855.33715847288
148193,35500.69045963868
148194,36154.16467262406
148195,36301.63109209419
148196,36564.89323681361
148197,36706.961128436466
148198,36684.13057528686
148199,36942.70403091365
148200,37597.04898756917
148201,38206.41198543412
148202,38934.42888817121
148203,37992.712884881985
148204,36912.37189065823
148205,36496.93812108566
148206,36410.61207878416
148207,36594.621052230636
148208,36498.30929586163
148209,36258.10949447528
148210,36541.59872040017
148211,37033.41072386979
148212,37997.244250999436
148213,38690.950406453056
148214,39938.79824669768
148215,40432.22839152639
148216,40716.22840419137
148217,40014.58801216102
148218,40055.70025513655
148219,40198.56176860334
148220,40143.936006952754
148221,40683.857242697195
148222,42402.80928137316
148223,41367.675633929444
148224,41089.85932070176
148225,39000.991743707345
148226,36275.28930140737
148227,35752.63507614404
148228,35138.13865588851
148229,34803.97341288931
148230,32988.08875833727
148231,31800.623362408827
148232,31146.36128666447
148233,30877.083164295695
148234,30886.716338658785
148235,30805.96193920688
148236,30716.266430038097
148237,30789.057365978835
148238,30751.34427678313
148239,30936.679189944865
148240,31165.931488995022
148241,31952.355880041847
148242,32725.72182972959
148243,33818.77129004528
148244,34078.30032338247
148245,34028.03263342648
148246,33859.30093612655
148247,34018.97341083311
148248,34529.95810949852
148249,35093.71905515093
148250,35277.91610383337
148251,33800.364876087566
148252,32099.257302345857
148253,31735.871147174083
148254,30421.7179075927
148255,29938.920913728394
148256,30173.516440810126
148257,29484.149108949314
148258,29279.675729551152
148259,29506.880591698082
148260,30327.518954920295
148261,31216.795741833987
148262,32718.56917952449
148263,33467.93709215389
148264,34094.6661661798
148265,33889.92489696226
148266,34607.443415412214
148267,34985.42701551136
148268,34915.93368076492
148269,35750.19574908914
148270,38183.13200943938
148271,37294.613350793836
148272,36689.638527037474
148273,34792.91983279229
148274,32298.71363475852
148275,32129.02658576277
148276,31465.485415772207
148277,30948.52896255193
148278,30174.80154780831
148279,29266.714698944
148280,28915.12649731052
148281,28751.889498425127
148282,28909.91715735446
148283,29957.915092174982
148284,30703.403554055374
148285,31651.3933383497
148286,32155.527635697625
148287,33551.86984519426
148288,34555.153917861855
148289,35312.660100438254
148290,35114.64243183857
148291,35616.040888931675
148292,35156.91582517667
148293,34818.47696449152
148294,34581.498168076534
148295,35090.63120676945
148296,35576.779997923004
148297,35572.97983108813
148298,36069.77975388651
148299,34825.106621497456
148300,34505.86156262466
148301,34175.95198143446
148302,34131.33817780272
148303,33465.59997507412
148304,33405.136368205436
148305,33462.760279883056
148306,33944.94187797177
148307,35152.3625072775
148308,36365.968908152776
148309,37402.10308716281
148310,38849.04460039879
148311,39956.59966852473
148312,40036.77213949658
148313,39346.892142505436
148314,38859.99233015834
148315,39231.5273441393
148316,39195.82274999815
148317,39682.182878948646
148318,41492.69205013776
148319,40624.374762343665
148320,41054.653067937434
148321,38788.05152170938
148322,35969.581053049864
148323,35704.16548608831
148324,35531.55823898384
148325,35103.07072245603
148326,33347.79259049077
148327,32828.819448639464
148328,32230.898102150415
148329,32430.438722031995
148330,32727.396766281217
148331,33765.17508015601
148332,34844.2697626066
148333,35746.18377407912
148334,36134.26212577699
148335,37847.06815842081
148336,39384.09352497792
148337,40612.114587362696
148338,40997.604598796155
148339,41667.08688923224
148340,41136.17663898469
148341,40894.32452891791
148342,40816.59159735764
148343,41231.91896437887
148344,41501.2323137876
148345,41051.639548062296
148346,40959.18904326822
148347,39658.631489922234
148348,38879.10846162927
148349,38199.8042490362
148350,37147.78245736774
148351,36491.930628201255
148352,36659.81540289926
148353,36544.52488041946
148354,36452.154742296305
148355,36951.15629243852
148356,37679.66046564822
148357,38249.46129837865
148358,39709.354484857715
148359,40839.90077917752
148360,40560.94052809794
148361,39755.48987406089
148362,39354.6675678086
148363,39502.52785971313
148364,39196.29908940598
148365,39503.44558586357
148366,41188.25955196961
148367,40344.36010477061
148368,40563.94734999243
148369,38682.20925988233
148370,36120.256498892166
148371,35648.90476612635
148372,35171.16387032336
148373,34865.336630864535
148374,33311.985341608524
148375,32573.867910361063
148376,32125.246323153828
148377,32133.36103379566
148378,32335.01171968001
148379,33575.9832978701
148380,34590.29001770717
148381,35613.0899354209
148382,35909.059538174726
148383,37398.12403990001
148384,39056.05794878211
148385,40391.491407011934
148386,40980.10156965337
148387,41680.87764740872
148388,41876.21749738065
148389,42033.51731995666
148390,42277.735872766294
148391,42630.982319555944
148392,43372.80950760661
148393,43457.55639866384
148394,43627.978655082276
148395,42464.7495705115
148396,42116.901307210195
148397,41718.19280736745
148398,41141.88447174865
148399,40592.608520376234
148400,40307.833270929004
148401,39484.03289069218
148402,39475.306991319565
148403,39598.510333175414
148404,40460.02150355723
148405,41073.15432173263
148406,42288.70457759456
148407,42564.56517893151
148408,42090.62896232054
148409,41151.276126683784
148410,40366.36765873843
148411,40422.82949849008
148412,40384.28440800402
148413,40860.71520940627
148414,42765.048324569696
148415,41729.12686071951
148416,41542.67038308073
148417,39471.12698832285
148418,37073.36953243619
148419,36715.01545136394
148420,36030.16428701396
148421,35830.72802486662
148422,34176.52465566497
148423,33589.809187096784
148424,32982.80422919045
148425,32999.05596442493
148426,33218.751213260395
148427,34281.14865433018
148428,35353.935802477325
148429,36417.13052654737
148430,36544.3020667221
148431,38307.167014774226
148432,39733.43349857682
148433,41165.32969078127
148434,41890.93993210076
148435,42651.574929540584
148436,42756.37960563537
148437,42806.79115544505
148438,43012.34845108112
148439,43239.67498839981
148440,43454.541733776416
148441,43590.59328440162
148442,43783.34018072118
148443,42679.97356267991
148444,42380.863547593464
148445,41849.69479820589
148446,41092.91063086175
148447,40520.79119377472
148448,40265.48488597085
148449,39887.31494937844
148450,39767.35031586536
148451,39710.22606994958
148452,40610.006974225354
148453,41340.04875976952
148454,43096.838077959605
148455,43871.88412502831
148456,43836.45061819663
148457,42977.69328267975
148458,42270.620498526914
148459,42350.447702612146
148460,41982.06293049855
148461,42292.506076851234
148462,43978.721182210924
148463,42993.455492296554
148464,42970.77324957413
148465,40813.8438504315
148466,38186.52686985646
148467,37928.12767497816
148468,37156.51473875016
148469,36943.464779670634
148470,35224.10419021576
148471,34554.931152827216
148472,33862.844566197986
148473,33852.94742576804
148474,33971.232473403776
148475,34967.31123013957
148476,35958.532688600135
148477,36928.02145360978
148478,37075.85735023249
148479,38832.62390162738
148480,40626.08599754379
148481,41538.0711760441
148482,42105.6117871642
148483,42742.99065140459
148484,42457.27988011089
148485,42440.97674524679
148486,42556.55968847905
148487,43105.71626729729
148488,43295.11069583257
148489,43297.89913968704
148490,43500.39270930211
148491,42434.74685742928
148492,41905.1961007273
148493,41573.18314386357
148494,41120.83503902797
148495,40490.36723586888
148496,40355.169372679564
148497,39977.48092548756
148498,39952.69791079658
148499,40215.11499715436
148500,41186.89027238963
148501,42453.90852057985
148502,43864.58536996
148503,44197.81774215816
148504,44009.381350040225
148505,43191.33379458358
148506,42890.461033808184
148507,42895.05524117926
148508,42375.2046890115
148509,42613.23523140969
148510,44115.188214115886
148511,43299.54507631385
148512,43097.41242556905
148513,41234.61379176853
148514,38909.114869690886
148515,38236.029731028764
148516,37284.80238554128
148517,36839.50929317213
148518,35269.72871457293
148519,34161.26274457172
148520,33210.57809128575
148521,32972.32711515314
148522,32976.563493881345
148523,33350.286516053246
148524,33502.14242751621
148525,33691.92769712427
148526,33911.20019849671
148527,34537.60614599677
148528,35402.00058066502
148529,36171.94981882045
148530,37055.611979471905
148531,37286.244691948224
148532,37240.84751395393
148533,37631.504895693404
148534,37580.4575369546
148535,37962.11469808413
148536,38397.40407023373
148537,39018.14972993318
148538,39219.6932735116
148539,37928.070812149024
148540,36465.53310587245
148541,35492.00971310708
148542,34992.67508808636
148543,34894.72646363715
148544,34631.058795064535
148545,34066.253223645115
148546,34422.73032311905
148547,35000.09989237141
148548,36425.820122458405
148549,37119.20665934496
148550,38456.47984103604
148551,39227.30517981751
148552,39240.482090399935
148553,38720.51048286243
148554,38752.24199004565
148555,38803.72224299145
148556,38393.97990267811
148557,38708.4823482642
148558,40864.14621876059
148559,40124.124929340076
148560,39763.53864883771
148561,37750.5137843959
148562,35215.44029266386
148563,34895.08359277168
148564,34547.89804246089
148565,34212.45740628856
148566,32714.37854301498
148567,31300.04403316821
148568,30147.96698205777
148569,29355.693867717713
148570,29100.522289615903
148571,28616.80298296985
148572,28395.983880059874
148573,28591.667588205633
148574,28699.344716009164
148575,28777.63346004706
148576,29589.683014869202
148577,31505.250288572057
148578,32228.13024106741
148579,32959.11554754571
148580,32767.697860220316
148581,32987.870986361915
148582,33173.55778358469
148583,33723.71255680984
148584,34099.86968322261
148585,34721.05371847683
148586,34575.08444795808
148587,33080.211423311855
148588,31600.92050723312
148589,31010.03563985513
148590,29722.35270731108
148591,29654.998231439684
148592,29634.29009268514
148593,28567.377601730404
148594,28941.53068242431
148595,29618.920598873683
148596,30731.285622577765
148597,32086.56177122971
148598,34374.3970562516
148599,36228.35482687896
148600,37042.57603160757
148601,37495.98240739798
148602,37925.73374531824
148603,38301.042657504586
148604,38102.78162209254
148605,38504.6020433829
148606,40993.98570377471
148607,40393.038224480784
148608,40525.131962818756
148609,38505.46411517983
148610,35499.38141737063
148611,35334.855260626864
148612,34392.72511228219
148613,33902.38866763169
148614,32951.271068522765
148615,32148.888422054708
148616,31704.06340725234
148617,31821.810759453554
148618,32202.531347732736
148619,33376.66967653971
148620,34455.23792839016
148621,35980.1008897734
148622,36846.07767104158
148623,38474.16260973894
148624,39837.98113813545
148625,41189.88330111505
148626,41263.717398581946
148627,42121.1834646105
148628,41884.54872400635
148629,41727.828255089575
148630,41685.03078496095
148631,42152.47598902587
148632,42459.889148474496
148633,42532.79353895043
148634,42538.14139698032
148635,41590.726979821964
148636,41111.96108694162
148637,40376.134256048346
148638,39479.983061459956
148639,38431.06786070927
148640,38290.79900595046
148641,37501.974234376285
148642,37698.864003455994
148643,37741.43791674539
148644,38372.592294167116
148645,39094.28096243525
148646,40664.97804737742
148647,41711.1947251238
148648,41614.840786476336
148649,41476.56577569015
148650,40989.35805777798
148651,40649.79205583979
148652,40005.35940191473
148653,39982.37465578762
148654,41766.06039968725
148655,40975.20407940748
148656,40408.87427698713
148657,38283.804205496286
148658,35980.00519333411
148659,36199.872315561945
148660,36031.67641861619
148661,35620.20076551733
148662,34197.219737453284
148663,33377.363334498485
148664,32601.609412400452
148665,32367.772322753008
148666,32479.083946681363
148667,33512.89492517883
148668,34135.4621377248
148669,34996.956704176424
148670,35468.98860571061
148671,37008.2351259669
148672,38614.42069509434
148673,40079.66611033408
148674,39415.873295712394
148675,40675.290032955265
148676,39621.71589763175
148677,39283.47155540653
148678,38992.91396173653
148679,38773.45422960753
148680,38785.94067243285
148681,38985.65566425657
148682,39154.99260058306
148683,38613.54756703821
148684,38518.62021322394
148685,38367.149683732554
148686,37904.344833344214
148687,36579.10682575033
148688,37124.461636042084
148689,36616.42420135025
148690,37010.682930043746
148691,37588.819169897215
148692,38189.675294838366
148693,38746.90470592734
148694,39758.58180050811
148695,40605.46482416646
148696,40603.977392744266
148697,39988.80022151153
148698,39455.952792722805
148699,39458.140581505606
148700,38617.30421182926
148701,39004.217905096266
148702,40673.05005384241
148703,39788.284743825105
148704,39679.82536355397
148705,37671.57709392239
148706,35250.66858392919
148707,35172.83253653029
148708,34958.1348586484
148709,34850.781423480315
148710,33471.54558553112
148711,32626.851249011805
148712,32176.920762106416
148713,32094.251857795152
148714,32330.179364849464
148715,33431.5678633917
148716,34279.29697428358
148717,35140.412524002364
148718,35839.96077415551
148719,37597.90404398925
148720,39425.171124155
148721,41314.207809661435
148722,41388.13829640499
148723,42388.96175187726
148724,42091.53241133316
148725,41764.89240864997
148726,41592.64947051728
148727,41763.8304997226
148728,41858.63259801275
148729,41858.41446177232
148730,42022.76232695722
148731,41111.687085049074
148732,40900.12671910791
148733,40527.62372742619
148734,40198.25682101294
148735,38871.052905759774
148736,38886.00230639258
148737,38401.28395712004
148738,38739.735744362944
148739,38990.970186195744
148740,40054.49619477142
148741,41145.79223655656
148742,42667.50901515699
148743,43577.63934653525
148744,43651.23425668011
148745,43080.15826918393
148746,42302.12408508647
148747,42242.04424259781
148748,41268.977353724134
148749,41237.7006139292
148750,43000.47001528917
148751,42145.588120333734
148752,42070.651850396986
148753,40193.30932194762
148754,37919.19346403548
148755,37679.02639992222
148756,36814.6857851099
148757,36251.4696087585
148758,34491.793610972614
148759,33655.869059562814
148760,33062.79335309598
148761,33435.25488961129
148762,33826.17675683449
148763,35293.26066918147
148764,36321.096712146165
148765,37197.628599405725
148766,38227.85352232689
148767,40004.46162587449
148768,42083.11113029028
148769,43786.21478114655
148770,43615.53797708917
148771,44486.42468660073
148772,44099.22189638365
148773,43525.46207248672
148774,42966.66941574488
148775,43405.34833905274
148776,43458.14506089508
148777,43094.86476642515
148778,42907.711154225704
148779,42070.34560171613
148780,41738.71458146635
148781,41224.70199599037
148782,40675.95402648489
148783,39697.82106548251
148784,39528.55794185373
148785,38524.77646204471
148786,38679.01000231781
148787,38909.46907958116
148788,39954.42656539946
148789,40842.023666512534
148790,42024.23486586198
148791,43201.242269559865
148792,42653.84632765863
148793,41873.78982019063
148794,41295.84780864037
148795,41613.77339297372
148796,40818.72892957075
148797,40972.771583753456
148798,42738.402119074
148799,42165.89691486438
148800,41329.126138711574
148801,39589.15214818819
148802,36961.466766732534
148803,36936.66291615587
148804,36389.89023048535
148805,35816.94740025399
148806,34545.70133757607
148807,33654.04810326258
148808,32982.261635259725
148809,32975.02369074281
148810,33344.18594403877
148811,34681.106199453454
148812,35871.024560345286
148813,37003.02765296229
148814,37752.52815240065
148815,39903.3235408714
148816,41215.46312882059
148817,43099.27222634592
148818,43241.40867108904
148819,44243.94427051281
148820,43768.49115793259
148821,43393.88588988906
148822,42813.74420544158
148823,42716.439186684656
148824,42545.30959580075
148825,42481.097512318585
148826,42431.56414398099
148827,41457.1771271692
148828,41015.89807281344
148829,40611.880476190774
148830,39891.37441595926
148831,38912.483046698835
148832,38611.19898495652
148833,37500.40672642997
148834,37750.63973475527
148835,38282.65694123379
148836,39393.01774921792
148837,40118.98765050214
148838,41831.34524782799
148839,42652.32904597685
148840,42694.25628066133
148841,42297.788971812806
148842,41735.58433985771
148843,41713.94865163354
148844,40663.64805842975
148845,40619.478744111
148846,41974.83335682576
148847,40904.722812231776
148848,40155.75130526705
148849,38598.52943168152
148850,36099.27841130937
148851,35703.911843849215
148852,34925.216489029495
148853,34678.197463998455
148854,32970.901328102416
148855,31986.262960313627
148856,31019.08794406087
148857,30916.520727106516
148858,30981.955225555856
148859,31409.59044571342
148860,31601.453444922514
148861,32158.925997305043
148862,32024.927886740807
148863,32982.46251304408
148864,33580.7483661188
148865,35248.493649275966
148866,36084.6287455396
148867,36143.06213311982
148868,36296.2520125916
148869,35984.85256737397
148870,35697.988975954526
148871,35710.657652603855
148872,35816.61135798714
148873,36581.785292521825
148874,36791.980600857816
148875,35242.65876290209
148876,34246.829907361796
148877,33526.28492444418
148878,33119.81543062054
148879,32988.65057645478
148880,32867.28068196845
148881,32179.231655858734
148882,31857.78125505071
148883,32519.011260680363
148884,33476.11661140488
148885,34478.87876453551
148886,35969.297397437964
148887,37684.149680578754
148888,37750.94960416862
148889,37769.51793241542
148890,37904.75584749482
148891,38054.76229241749
148892,37520.096788471186
148893,37551.12991938091
148894,40111.38288141423
148895,39424.80947029469
148896,38725.17744639511
148897,36951.71288153416
148898,34485.778666368795
148899,34175.360892690594
148900,33468.344740606255
148901,32679.616185349932
148902,31168.110761510106
148903,30179.27652741943
148904,28959.35128086443
148905,28682.368146387704
148906,28851.032013170872
148907,29275.986158555937
148908,29590.399474611575
148909,30103.781689623764
148910,29726.92664460896
148911,29430.64861278134
148912,29576.47041722953
148913,31059.822890452982
148914,31319.170006958724
148915,32153.27587226453
148916,32789.0648760188
148917,32831.155468951765
148918,33266.48424321845
148919,33968.22054842072
148920,34752.279044845716
148921,35479.90472926552
148922,35789.72200086262
148923,34156.72066105876
148924,32818.00118446369
148925,32394.448283015892
148926,31436.906747548386
148927,31384.408437788967
148928,30753.525762392837
148929,30111.806758223276
148930,30354.675552677356
148931,30761.27049206198
148932,31643.44236136086
148933,33249.61157112184
148934,35281.08784575093
148935,37016.186325952694
148936,37455.648480826276
148937,37605.296964371395
148938,37731.300598633454
148939,37752.74248604992
148940,37638.10726656345
148941,38196.525428629706
148942,40749.71852151421
148943,40186.79609218103
148944,39800.65515073946
148945,38207.18988383618
148946,35000.31188272813
148947,34627.32735898637
148948,33929.452655655754
148949,33134.51958897811
148950,32154.995915849027
148951,31308.997278903025
148952,30970.363819635237
148953,31251.428064224772
148954,31777.56382468129
148955,33652.56862270984
148956,35263.4790537434
148957,37506.13806478171
148958,38567.892883942644
148959,40170.35192125014
148960,41324.17997673729
148961,43080.117455085165
148962,43461.08610721358
148963,44713.60154433919
148964,44078.24733985013
148965,43813.074650290575
148966,43539.68366018409
148967,44171.21007916596
148968,44543.531923108036
148969,44588.404994975965
148970,44286.982499255675
148971,43357.6077005892
148972,42775.72818027519
148973,42645.15995466626
148974,41863.84575043754
148975,40492.649064389014
148976,40167.782156657435
148977,39433.360062800224
148978,39256.59834408053
148979,39170.78268559973
148980,39927.55148760374
148981,40850.98464713636
148982,42488.78669182007
148983,43476.99513284494
148984,42808.22770028203
148985,42256.96244900311
148986,41824.99563164037
148987,41747.77997994964
148988,40807.06935310639
148989,41092.340363499
148990,42892.91869060385
148991,42514.8471217056
148992,41639.11903446548
148993,40046.592652754916
148994,37506.867214869744
148995,37385.21649754353
148996,37276.82967288931
148997,36576.14062318805
148998,35249.767042101965
148999,34354.673372637364
149000,33919.42227567522
149001,33877.57336263064
149002,34026.91615114586
149003,35468.47983862406
149004,36803.678058356374
149005,38854.62964851353
149006,39300.812045581726
149007,39739.963124875525
149008,41536.55499218595
149009,43201.51445168266
149010,43312.93837159412
149011,43963.73292213382
149012,43669.3601017888
149013,43362.540763791585
149014,42956.97912751192
149015,43702.51641036837
149016,44019.32257969257
149017,43636.28562710534
149018,43453.33994731925
149019,42777.45400621271
149020,42627.9441298318
149021,42478.16905076469
149022,41966.514392333396
149023,40649.946626664096
149024,40369.88890811424
149025,39465.970150967834
149026,39214.572765397264
149027,39323.193365768384
149028,40027.839332018455
149029,40907.8252399786
149030,42345.9704923632
149031,43190.4581464201
149032,42942.031028623525
149033,41829.358644906424
149034,41474.42124688745
149035,41342.72280168657
149036,40030.451801646974
149037,40069.43829593814
149038,41956.92069281353
149039,40975.29966242101
149040,40567.09908879749
149041,38783.41380764755
149042,36268.91219401612
149043,36016.26575773986
149044,35588.564797142324
149045,35280.47526336955
149046,34185.05211688573
149047,33435.420561880695
149048,32841.49463876796
149049,33023.90437835369
149050,33288.3219222301
149051,34678.84688201815
149052,36080.302740307394
149053,37690.53993477966
149054,39279.250297738545
149055,40955.75159837193
149056,42140.14679368214
149057,43645.278439560665
149058,43592.165525467724
149059,44330.11031900624
149060,44186.70684807557
149061,43345.51004030208
149062,42853.59425362905
149063,42915.72667320032
149064,43173.18697777256
149065,42758.95203723217
149066,42493.70580336863
149067,41840.80577299077
149068,41280.0768461573
149069,40759.97163132827
149070,40141.458040734535
149071,39497.40941014252
149072,39521.484676131375
149073,39348.78810500169
149074,39045.931223486186
149075,38869.08874305489
149076,39624.91650259221
149077,40860.24481831551
149078,42334.29875360304
149079,43566.1611857003
149080,43461.64636961883
149081,42669.8728365828
149082,42079.52458580428
149083,41771.93422795303
149084,40365.44013848684
149085,40365.818008425435
149086,42220.90169746152
149087,41355.74533656018
149088,40097.09527130705
149089,38152.592210974006
149090,35521.50711248293
149091,35264.01637189484
149092,34676.95311133184
149093,34268.380015798226
149094,33079.55283712333
149095,32294.770485093402
149096,31959.144563860627
149097,32143.568977313545
149098,32649.688171197613
149099,34087.16044076305
149100,35631.738380179755
149101,37373.63848538241
149102,39118.63499605034
149103,40462.41618960287
149104,41977.81853052144
149105,43461.74665105025
149106,43807.65901404655
149107,44573.71138632806
149108,44331.56791930934
149109,44230.1942891307
149110,43991.580571205406
149111,44495.83777816757
149112,45118.176014611505
149113,44769.64353102396
149114,44426.68579305597
149115,43609.13132601017
149116,43042.517083258615
149117,42731.065032658444
149118,42278.432907429444
149119,41282.465949179365
149120,41082.87796726726
149121,40787.03436164682
149122,40846.7205319857
149123,41485.81325313066
149124,42627.3500179902
149125,43672.566032456845
149126,45408.01166903613
149127,45921.257742275884
149128,45496.381143414605
149129,44459.46975451561
149130,43284.613214011755
149131,43206.709058387765
149132,41925.532532604906
149133,42435.993829096704
149134,44350.635004111515
149135,43550.571833824244
149136,42960.39213897779
149137,41232.01387802034
149138,38749.54836937135
149139,38382.268647581026
149140,37835.15251709538
149141,37314.84670230004
149142,36084.29329139895
149143,35274.990377961454
149144,34595.364617701125
149145,34619.8622509812
149146,34944.141403744485
149147,36402.91096056314
149148,37618.700915961825
149149,39666.13970579823
149150,41878.53854156114
149151,43994.71288797455
149152,45259.729052768984
149153,45754.247271171356
149154,46174.012175093136
149155,46766.97728965584
149156,46386.257961350646
149157,46012.19198596842
149158,46041.19884566284
149159,46443.510612030295
149160,46593.28114408214
149161,46317.48385097236
149162,46546.008383607536
149163,45766.46995917516
149164,45341.408795750554
149165,45186.53351796293
149166,44613.87875082246
149167,43446.757320294535
149168,43040.71168611685
149169,42444.46004093429
149170,42246.44748937632
149171,42636.79069558215
149172,43575.06452271058
149173,44578.544843050375
149174,45910.8962422537
149175,46092.680006614544
149176,45910.906903798634
149177,45448.21392641917
149178,44503.68301806445
149179,44463.830420337625
149180,43344.2444520187
149181,43705.388913846866
149182,45365.264381136796
149183,44735.90433127038
149184,44109.76258821986
149185,42450.398431423244
149186,39742.57401162765
149187,39260.22031574814
149188,38412.98036893902
149189,37715.85092563682
149190,36203.23450202545
149191,35103.2799086125
149192,33937.82117425818
149193,33654.12465312506
149194,33611.83379763518
149195,33925.02815713533
149196,34104.238985810065
149197,34458.30864342589
149198,34620.74900933594
149199,35605.26239035728
149200,36713.14393978142
149201,37594.572746073696
149202,38396.25212157386
149203,38515.59103470089
149204,38739.7991904586
149205,39124.747981718196
149206,39078.41868229983
149207,39412.24218440121
149208,39748.884717373825
149209,40237.32500239886
149210,40529.38122476859
149211,39089.073383388524
149212,37641.63571166975
149213,36853.41463107087
149214,36393.029005946984
149215,36486.97300453885
149216,36193.42277866329
149217,36189.812307488646
149218,36015.59022647176
149219,36482.483147773986
149220,37774.1347806083
149221,38851.99087657866
149222,40361.632004178326
149223,41425.88121790064
149224,41527.30671760917
149225,41244.211585325946
149226,41225.85803102645
149227,40959.82369011533
149228,40134.697522425704
149229,40476.06743278638
149230,42913.75457782441
149231,42424.531234878275
149232,42305.343166748564
149233,40441.22877507583
149234,37750.01062245495
149235,37276.969837576864
149236,36621.69461358181
149237,35974.88875367855
149238,34316.0340928312
149239,33173.947920197505
149240,31924.841359222137
149241,31566.913724648533
149242,31551.595282858525
149243,31569.420556205394
149244,31702.713304955814
149245,31946.23762515792
149246,32078.70693755998
149247,32296.058131151916
149248,32937.50164227457
149249,33956.55636870477
149250,34826.90354525721
149251,35438.56658462933
149252,35679.31550150798
149253,35754.88893907487
149254,35994.63113074388
149255,36342.67270080449
149256,36955.46018382679
149257,37759.58129955673
149258,37993.25811378258
149259,36578.803630338116
149260,35581.18993977187
149261,35659.89406201064
149262,34849.91890307239
149263,34765.53245336503
149264,34334.63196262308
149265,34301.450148476644
149266,34258.142502431496
149267,34921.08959100256
149268,36008.63130351398
149269,37370.70613118925
149270,39570.84758227399
149271,40923.32070423472
149272,41651.668335539885
149273,41631.69049171978
149274,41606.81126134298
149275,41420.0920774788
149276,40417.294306382355
149277,40870.78736518163
149278,43111.646361727646
149279,42305.41967903328
149280,42516.113403832285
149281,40765.82604629958
149282,37704.057217499445
149283,37206.05023202769
149284,36457.42029907449
149285,35751.41912248057
149286,34793.71759242378
149287,33875.06784246236
149288,33446.41134069701
149289,33497.59688810453
149290,33916.887091362936
149291,35304.89756940724
149292,37258.863699315836
149293,39904.67439043277
149294,41982.94849318505
149295,43622.287096500186
149296,45226.30518994628
149297,45825.11099439958
149298,46508.07259322847
149299,47388.659597911574
149300,46552.52090015966
149301,46073.75267317179
149302,45917.859291207635
149303,46279.166699764806
149304,46761.88995807504
149305,46625.25258658225
149306,46620.66762684329
149307,46172.48131832777
149308,46000.37371084704
149309,45834.69162875641
149310,45496.237410433925
149311,44624.435493018864
149312,44608.755334719965
149313,43958.31620731555
149314,44078.16482117128
149315,44533.60311025977
149316,45544.85665469637
149317,46455.879112166185
149318,47855.39886063234
149319,48286.58004841307
149320,47915.76731715543
149321,46814.24048960599
149322,45693.06120975265
149323,44961.2652459904
149324,43769.57575313522
149325,44138.92272943754
149326,45781.104283984096
149327,44706.00221217134
149328,43384.77390796173
149329,41343.10735175562
149330,38533.88606147483
149331,38237.74594868092
149332,37945.730695925595
149333,37216.19029680855
149334,35726.38780033083
149335,34856.04399668968
149336,34384.12655112193
149337,34442.382907898434
149338,34696.408505486535
149339,35888.49705844683
149340,37787.947200267656
149341,40313.5862895871
149342,42026.42155400656
149343,43294.10351894755
149344,45270.733626377085
149345,45811.0101812297
149346,46285.63269243738
149347,46993.09832554836
149348,46259.15530293764
149349,45959.63914057794
149350,45475.90670245387
149351,45585.59044641243
149352,45855.98229487748
149353,45328.97501427117
149354,45192.72185921727
149355,44917.17846976697
149356,44632.700374009815
149357,44425.501104941955
149358,44095.48072676618
149359,43199.99338554457
149360,43212.94752581948
149361,42807.022991879334
149362,42802.03706406153
149363,43627.95010048918
149364,44949.444663768125
149365,46003.589164758654
149366,47542.21140112857
149367,47804.163263973
149368,47338.55163679538
149369,46595.556515413366
149370,45618.59386752467
149371,45157.750887108305
149372,43717.4355571152
149373,43803.971313364316
149374,45637.12747633916
149375,44790.168661013944
149376,43753.61303863199
149377,41799.502904044566
149378,39229.23720110955
149379,38980.73208701473
149380,38356.26896519026
149381,37747.684617133455
149382,36465.43853024256
149383,35524.969181303364
149384,35153.26404701545
149385,35174.66557331618
149386,35335.75326543628
149387,36400.45259995839
149388,38026.03413947337
149389,40416.493244062876
149390,42074.81930463449
149391,43608.70069564259
149392,45405.64247210672
149393,46120.671155582015
149394,46634.204210357515
149395,47511.91700340207
149396,46754.69937472874
149397,46648.089080064114
149398,46124.479066626554
149399,46291.124085923126
149400,46652.4403217346
149401,46406.42993695515
149402,46325.3730879042
149403,45643.50995901804
149404,45229.64933549382
149405,44944.68607486092
149406,44570.51747000726
149407,44076.72302338613
149408,44062.977949071006
149409,43782.31614936185
149410,44520.65508936607
149411,44678.638887039284
149412,45985.0222788378
149413,46649.13339074928
149414,47969.12504189637
149415,48125.762126468246
149416,48074.96142989684
149417,47288.5366376888
149418,45907.153668308565
149419,45058.04047248974
149420,43764.174932795
149421,44126.68903561427
149422,45781.86782250767
149423,45128.05666910708
149424,44425.47355141279
149425,42368.664920093055
149426,39640.78344969551
149427,39177.9554951176
149428,38564.791571607806
149429,37997.16734669544
149430,36794.28006129191
149431,35565.93645186591
149432,34939.7485623002
149433,34793.25094626211
149434,35039.63361798742
149435,36225.73574478464
149436,38058.16949507977
149437,40177.27708198626
149438,41921.16285732529
149439,43357.96829745896
149440,44908.4801972847
149441,45884.66244501441
149442,46427.39401625156
149443,47132.77365627917
149444,47012.585720957075
149445,46770.573429770935
149446,46685.41092679026
149447,47171.526555512246
149448,47559.528149113044
149449,47290.80940032886
149450,47230.7701702736
149451,46485.67979948861
149452,46095.84998222475
149453,45829.9788461983
149454,45458.855775077755
149455,44580.519767388316
149456,44352.22397724714
149457,44183.95672824031
149458,44584.21313608557
149459,44670.219381962794
149460,45504.33392407639
149461,45934.38222620155
149462,47677.28189940861
149463,48160.57036583865
149464,48076.14672824944
149465,47276.259473513266
149466,46200.68724998086
149467,45478.32000477958
149468,43928.24614042044
149469,43658.59350868073
149470,45223.060341947654
149471,44455.45218267285
149472,43714.78766655698
149473,41999.39790689049
149474,39603.87959218934
149475,39431.462003038236
149476,38878.634618387485
149477,38363.26665332923
149478,37157.34804300372
149479,36318.620557142465
149480,35844.121354406976
149481,35752.19729227463
149482,35953.56927439097
149483,37144.42183158848
149484,38958.98068780062
149485,41271.13079584991
149486,42956.455423505584
149487,44808.94976394782
149488,45657.88077567039
149489,45989.40114412575
149490,46459.77265770174
149491,47584.214806058226
149492,47469.774943820405
149493,46837.43935256295
149494,46723.55729494622
149495,47204.302142492896
149496,47562.58574788938
149497,47079.061994902426
149498,46882.10995631502
149499,45543.4645683676
149500,44925.34064232311
149501,44580.23437061565
149502,43931.32361927155
149503,42956.44103245203
149504,42936.752181169744
149505,42091.38100707693
149506,42179.80364744705
149507,42215.31280509084
149508,43025.55773422786
149509,43854.920224219364
149510,45357.261309231326
149511,45724.18871270582
149512,46231.559492494634
149513,45636.061868650184
149514,44662.62881948873
149515,44136.386301849285
149516,42803.71607938054
149517,42932.949019842184
149518,44944.264022497315
149519,44270.98882854432
149520,43680.79768101442
149521,41883.29232369785
149522,39236.213941694485
149523,38610.57369826984
149524,37706.643532354195
149525,36996.82256803237
149526,35297.01913118601
149527,34093.593225329016
149528,32905.60242557752
149529,32761.597572868464
149530,32716.328919115767
149531,33135.87613846271
149532,33340.301810839075
149533,34115.32738370981
149534,34584.38815667191
149535,35600.90846222028
149536,36680.420984013246
149537,37564.24241604294
149538,38485.66028488253
149539,38606.55964953669
149540,38574.23525028977
149541,38920.00662968305
149542,38721.50993953236
149543,38816.283728202696
149544,39322.67277456477
149545,39821.867675123896
149546,40051.38220140718
149547,38418.53857769219
149548,36986.19978046899
149549,36283.07865406941
149550,35534.94042457395
149551,35845.24002627902
149552,35675.68999589833
149553,35826.26101452757
149554,35851.04152838278
149555,36792.15883139719
149556,37892.76873308742
149557,39233.30989529456
149558,40774.208761216345
149559,41682.846369749604
149560,42021.02640299461
149561,42213.7981352782
149562,42247.84064015297
149563,41451.80749425424
149564,40299.36296819575
149565,40386.230813074886
149566,42970.50285012805
149567,42355.43441959237
149568,42351.464396442185
149569,40515.27870695928
149570,37821.047636543655
149571,37377.754794395536
149572,36680.41945488422
149573,36011.75616579592
149574,34200.65448124458
149575,33078.930002765985
149576,31944.07959994591
149577,31650.637406444617
149578,31569.677766339526
149579,31647.922741769256
149580,31788.817331817147
149581,32140.970163009097
149582,32258.509743934534
149583,32501.949799071685
149584,33108.958743192685
149585,34068.39550351457
149586,34986.913781199146
149587,35612.710603214844
149588,35695.43478976653
149589,36056.44906291479
149590,36419.56712383269
149591,36790.95587408353
149592,37530.709678649044
149593,38435.22891451274
149594,38748.20331595571
149595,37181.489096092744
149596,35883.682251110135
149597,35378.37352114514
149598,34591.70147394879
149599,34591.425657588894
149600,34115.094751051314
149601,33957.39863960623
149602,33961.40611159815
149603,34677.03905110891
149604,35613.48122892612
149605,37047.612369261966
149606,39356.712638443576
149607,40797.49169780521
149608,41537.179916183806
149609,41723.03509958441
149610,41445.7040353702
149611,40734.134641910736
149612,39401.59433080846
149613,39626.13411768579
149614,42116.38564068566
149615,41388.557136328396
149616,41576.22699436198
149617,39882.58303668027
149618,37024.87126469425
149619,36559.84074966656
149620,35918.24632706417
149621,35315.87332383468
149622,34415.68696399928
149623,33408.812533178374
149624,32785.71120796997
149625,32838.24536589715
149626,33195.98427417441
149627,34784.0160209114
149628,36791.358225685755
149629,39982.16181547975
149630,42761.77336067285
149631,44385.76542052317
149632,44880.80032234737
149633,45462.70240662284
149634,46064.16854991475
149635,46932.869459558206
149636,46333.92737158337
149637,46106.23262993944
149638,46038.652195766466
149639,46520.63105453829
149640,46701.22334746871
149641,46514.229477357934
149642,46565.51640407184
149643,45859.48455316684
149644,45574.047461819704
149645,45539.79284919431
149646,45281.633222684075
149647,44540.785523540886
149648,44473.405490664896
149649,44412.41623548121
149650,44377.334283122014
149651,44101.841591038305
149652,44802.01629152708
149653,45283.807417310425
149654,47084.79845935713
149655,47412.591946000604
149656,47072.18401478277
149657,45915.847705951994
149658,44200.70806414726
149659,43549.970861521266
149660,42436.86649305995
149661,42880.7260194983
149662,44899.014336395245
149663,44103.25005249218
149664,43608.66352041242
149665,41639.060115638174
149666,38774.413787451056
149667,38406.87930774135
149668,38130.91463941128
149669,37580.16421571177
149670,36277.23451476345
149671,35532.05040874241
149672,35309.15093386667
149673,35293.86049005876
149674,35599.72454033386
149675,36734.61833756336
149676,38818.19598813276
149677,41495.29652000902
149678,43603.6065818817
149679,44680.260315447405
149680,45411.60335924416
149681,46258.11558636611
149682,46775.03212950035
149683,47927.39706216778
149684,47991.20135657146
149685,47864.612928751834
149686,47728.38446427282
149687,48420.525889734556
149688,48823.93704315684
149689,48561.32717825206
149690,48173.01486331286
149691,47577.91704963559
149692,46995.48160251664
149693,46780.83039383578
149694,46337.54039927579
149695,45424.752884552065
149696,45396.81407321863
149697,44938.61914430582
149698,45137.16243133166
149699,45296.34923345446
149700,46049.93073162111
149701,46764.052308047794
149702,48697.94165346455
149703,48776.089468464605
149704,48545.08717731643
149705,48131.25713965094
149706,46785.51663247177
149707,45790.26724947247
149708,44364.59932749368
149709,44363.11955281007
149710,45949.32815948233
149711,45121.74350927552
149712,44510.744287183545
149713,42528.4189029249
149714,39800.880073431756
149715,39294.19326946085
149716,38743.90097377789
149717,38171.04186574536
149718,36821.82123186224
149719,35808.171522864795
149720,35185.273555281645
149721,35107.288490078005
149722,35325.38033025465
149723,36364.6955899133
149724,38044.90328001634
149725,40867.51704767393
149726,42866.150024032475
149727,44035.833768891076
149728,44935.02685345109
149729,46157.24259035663
149730,46839.76595473025
149731,47872.52341135557
149732,48001.8403158777
149733,48075.56327993029
149734,47794.33355062353
149735,48481.75280233761
149736,48835.36224627127
149737,48695.467227519686
149738,48663.17324673584
149739,47879.847008637305
149740,47495.46986684203
149741,47109.685206514354
149742,46491.541117660316
149743,45621.149626300285
149744,45370.94730437623
149745,45131.05474527522
149746,45051.09304074229
149747,45221.066681050266
149748,45945.63677235182
149749,46875.14024370249
149750,48624.826358066
149751,48768.36749141502
149752,48728.031353119055
149753,48100.66196510157
149754,46592.68183788911
149755,45649.39217915539
149756,43866.101959655345
149757,43867.86116883508
149758,45790.551599722516
149759,45115.629345357105
149760,44386.739733685376
149761,42367.86463139131
149762,39885.70583689406
149763,39458.76522576556
149764,39197.67681788816
149765,38732.816493495266
149766,37589.99488446245
149767,36562.71645756276
149768,35928.36056321742
149769,35903.288622327724
149770,36019.04602433735
149771,37089.808582125326
149772,38876.99314887545
149773,41910.595536590474
149774,44127.102617633485
149775,46276.16644234996
149776,46777.4632358973
149777,47133.48139669601
149778,47697.586987982766
149779,48617.36251710781
149780,48172.05494808049
149781,47996.3470379872
149782,47929.764479551726
149783,48392.00516732222
149784,48771.062004584506
149785,48545.80138990304
149786,48463.73416658271
149787,47610.547963422374
149788,47292.4129653819
149789,46995.891613399166
149790,46527.073438393876
149791,45835.112665069035
149792,45279.74393124305
149793,45149.148320964254
149794,44978.2897596137
149795,45247.80472480817
149796,46019.80880371925
149797,46687.34032896389
149798,48654.92075845612
149799,48877.7860551876
149800,48853.728426123365
149801,48390.18480476473
149802,46924.783348005156
149803,45969.53039476411
149804,44381.00901796985
149805,44460.532455704066
149806,46355.8521034759
149807,45545.99142234381
149808,44813.68350769616
149809,42981.91172718919
149810,40443.71709502603
149811,40089.38772575293
149812,39567.52231275972
149813,39035.50242711901
149814,37804.15183634271
149815,36917.742792633086
149816,36189.4567907251
149817,36174.834339040426
149818,36353.03347047545
149819,37684.996319868034
149820,39526.891531668116
149821,42248.42027401978
149822,44427.72305133814
149823,46909.086760893406
149824,47503.612970357804
149825,47978.41093245591
149826,48009.24666796595
149827,48432.00513288502
149828,47518.255714899664
149829,47016.76483078582
149830,46550.65887895849
149831,46815.10458545372
149832,46953.32705153543
149833,46592.852581558895
149834,46445.241310691
149835,45325.03514465228
149836,44627.33414015344
149837,44295.25512639426
149838,43958.32803066985
149839,43309.99404914723
149840,43032.206245465946
149841,42728.99517676512
149842,42930.10992098783
149843,44026.755538351994
149844,44915.84636657575
149845,46010.75346808404
149846,47514.34983400439
149847,47836.75934785933
149848,48163.96908805773
149849,47495.19056236654
149850,46433.03029500172
149851,45729.84265377967
149852,44312.60854137809
149853,44356.990786905706
149854,46188.46124858792
149855,45522.33900400169
149856,44381.627987212625
149857,42524.842767630544
149858,39803.81985970221
149859,39136.69918981009
149860,38215.00162429528
149861,37593.06645459881
149862,36029.901090310756
149863,34889.7798477578
149864,33737.92849907504
149865,33585.00145824725
149866,33563.677715433616
149867,33965.2089475433
149868,34185.472886610725
149869,34719.67161137336
149870,35171.54185319539
149871,36288.96046789945
149872,37524.25918715436
149873,38533.299022250736
149874,39371.30548079033
149875,39620.57638604166
149876,39939.153410224506
149877,40446.60170858781
149878,40177.29539206041
149879,40281.7004326267
149880,40542.70856993488
149881,41262.088511680995
149882,41633.10104195852
149883,40065.49258784312
149884,38637.41486743525
149885,37946.70618992965
149886,37419.98167390267
149887,37008.72087161553
149888,36984.7685881326
149889,36888.618652694764
149890,36614.55940451954
149891,37014.269116111085
149892,38253.154472773196
149893,39194.149308446285
149894,40940.755354198365
149895,41555.71080989122
149896,42225.08365749706
149897,42095.95728649644
149898,41069.05843851259
149899,40055.37766722799
149900,38755.96848960112
149901,39020.32798963079
149902,41236.312649581574
149903,40740.71567569262
149904,40757.13286150408
149905,38906.22096283193
149906,36188.75515374986
149907,35746.416715195395
149908,35099.18209568986
149909,34523.12059059226
149910,32867.81660081924
149911,31460.219165885348
149912,29790.595171352503
149913,29413.53624856729
149914,29036.006746448922
149915,28909.7075499177
149916,28713.36841240773
149917,29632.866432748273
149918,30085.080037366537
149919,30488.63721471604
149920,31322.105185915825
149921,32977.95895558663
149922,34051.36660709294
149923,34841.15337375328
149924,35347.26121861472
149925,35897.28176727805
149926,36144.59520047529
149927,36711.19541217554
149928,37449.7957415272
149929,38471.130272646325
149930,38924.73285090555
149931,37422.12364563501
149932,36267.22981393617
149933,35578.221599196535
149934,34477.34067707443
149935,34531.49567252135
149936,33982.002907009984
149937,33524.304864285914
149938,33291.08563104088
149939,33351.830626599534
149940,34241.83486845471
149941,35704.926299167426
149942,38192.15221783809
149943,40126.05018951891
149944,40965.59947879895
149945,41292.37745402149
149946,40754.01629566429
149947,39757.951934779936
149948,38458.65041476237
149949,38862.19935597881
149950,41105.22889692407
149951,40572.81682522411
149952,40807.84197149987
149953,39316.37841185469
149954,36650.154123167275
149955,36425.990455376865
149956,35911.55854197788
149957,35409.29290531651
149958,34582.39099621982
149959,33667.90581518822
149960,33126.53754974971
149961,33179.70181218647
149962,33490.969090425424
149963,35038.991174143914
149964,37050.41874014947
149965,40113.450229902934
149966,42463.51712121802
149967,44343.02455014607
149968,45362.688732817674
149969,46919.24950694468
149970,46994.65632255542
149971,47164.02785149182
149972,46723.56557971104
149973,46729.86414209803
149974,46719.97468967137
149975,46657.16185240981
149976,47012.96857316285
149977,46939.11112136871
149978,46777.78320869567
149979,45676.37396446952
149980,45015.09043656147
149981,44642.567268479615
149982,43955.92710627735
149983,43447.59848565186
149984,43593.93226713946
149985,42706.76338554679
149986,42645.312924642625
149987,42494.43349529642
149988,43830.01969442458
149989,44591.80646714338
149990,46946.88847854406
149991,47485.82674642334
149992,47968.52605841388
149993,47397.28291259159
149994,45220.50363791905
149995,43911.27388755213
149996,42190.66944756261
149997,42365.97850399891
149998,44140.13909223634
149999,43390.44511774223
150000,42466.44426192826
150001,40553.81999885494
150002,38181.32162329889
150003,37805.483787468
150004,37742.07285688788
150005,37263.5391710092
150006,36229.28791043293
150007,35366.85527318639
150008,34547.74955738975
150009,34501.84442437265
150010,34709.68137521804
150011,36475.86806692863
150012,38391.52223588141
150013,40100.543004847954
150014,42198.69186960864
150015,44883.84295053969
150016,46032.72517972969
150017,46986.54376624586
150018,47828.17406924908
150019,47847.42384484552
150020,47416.11243089961
150021,47205.58854847304
150022,47273.07943005439
150023,46885.36190225906
150024,47285.457430709444
150025,46754.415609002586
150026,46281.6727765773
150027,45256.99095167135
150028,44556.454320710225
150029,44138.08519282737
150030,43599.01454293284
150031,43436.67474827923
150032,43819.49047612662
150033,43681.79799238071
150034,43871.06074270204
150035,44546.79089940208
150036,45868.75322798953
150037,46793.29166878994
150038,48874.27596833141
150039,49082.33877493394
150040,49403.45829073192
150041,48746.07733905621
150042,46468.50976677231
150043,45380.52703061219
150044,43905.01238730387
150045,44423.60860955619
150046,46100.28790267241
150047,45512.10468161949
150048,44652.32998500215
150049,42634.66917334257
150050,40237.4461043413
150051,39880.256008118355
150052,39133.91106898258
150053,38611.99642764727
150054,37726.28539792766
150055,37122.49622625918
150056,36568.452431340884
150057,36590.16879889322
150058,36887.640500943715
150059,38887.12198915484
150060,40415.96138701516
150061,42355.27356010607
150062,44421.59891421477
150063,47416.07471716265
150064,48231.520390677164
150065,48588.89166936262
150066,49212.74660220205
150067,48772.52610888767
150068,48066.16741341762
150069,47377.801621107086
150070,46820.648653706136
150071,46858.78346397875
150072,46913.65147173047
150073,46707.41447893028
150074,46475.212640839076
150075,45635.80381135507
150076,45214.838635029046
150077,44871.595198641975
150078,44602.52127824146
150079,44382.89026312249
150080,44155.27645161772
150081,44155.354074043185
150082,44152.7309210977
150083,45058.08382688623
150084,46153.98943841022
150085,47255.68901594342
150086,49102.944240760655
150087,49643.72641356031
150088,50241.157485294316
150089,49928.92772804886
150090,47949.91627775726
150091,46622.175006145044
150092,45121.93502835189
150093,45419.12592450052
150094,47055.41280480208
150095,46217.82752110991
150096,45062.962977120274
150097,43012.878415114064
150098,40549.7109299982
150099,40366.56538283378
150100,39651.48266120367
150101,38850.41437231036
150102,37997.22304988328
150103,37580.44831021948
150104,37098.202549073765
150105,37258.103140341525
150106,37333.71146476335
150107,39055.206060384386
150108,40063.9702938046
150109,42357.59145002488
150110,44322.79360491404
150111,46710.20828396878
150112,47825.319125890994
150113,48206.505548989095
150114,48335.204624106904
150115,48088.47433093315
150116,47433.42482070486
150117,46821.69330280605
150118,46322.05531321287
150119,46106.0216454543
150120,45931.14115806337
150121,45630.25378552304
150122,45389.57350128802
150123,44551.863684505544
150124,44099.521325527676
150125,44069.78463442967
150126,43845.8094099787
150127,43794.37184745437
150128,43572.50232697809
150129,43542.817195383424
150130,43769.230283208075
150131,44464.96988285727
150132,45431.73036533249
150133,46656.82188566427
150134,48626.0724976215
150135,49281.16739048229
150136,49878.49228762145
150137,49610.86587507017
150138,47681.948763985405
150139,46395.0289742466
150140,44956.3713245856
150141,44874.96441848631
150142,46540.400394462384
150143,45629.171907373646
150144,44569.9780092736
150145,42808.82140969694
150146,40298.18215280701
150147,39967.184907498544
150148,39522.53047637673
150149,39178.97250422486
150150,37773.98861172693
150151,36968.6839947294
150152,36159.35911501307
150153,36133.34684234077
150154,36370.521462296754
150155,38204.680520561524
150156,40056.06834137167
150157,42058.54878023822
150158,44531.756724351915
150159,46753.883810683765
150160,48127.53855488007
150161,48389.66451940519
150162,48444.14648244203
150163,48150.36548732346
150164,47312.07416883536
150165,46944.68101740513
150166,46638.95603317605
150167,46514.19561801599
150168,46335.196700647764
150169,46009.89298270466
150170,45859.81778904061
150171,44869.81259384493
150172,44274.508414345466
150173,44115.68105415611
150174,43595.87467429757
150175,43154.999843419624
150176,43006.71736839974
150177,42911.45791027073
150178,43045.96309876131
150179,44170.578824593525
150180,45028.11772713104
150181,46138.852925305335
150182,47565.162970541285
150183,47973.4341138041
150184,48759.01911475114
150185,48830.14303053644
150186,46900.856357562
150187,46006.02128789334
150188,44557.5329147689
150189,44559.957329566205
150190,45995.92540386311
150191,45315.607233928786
150192,44094.6340525852
150193,42200.57085181811
150194,39622.32317582041
150195,39014.35026028048
150196,38159.15605380848
150197,37513.538885946546
150198,35803.3396860593
150199,34683.88490675923
150200,33499.6054105825
150201,33412.15313443514
150202,33391.40123205902
150203,34002.48691282324
150204,34182.104660512625
150205,34881.535274952
150206,35207.58721802456
150207,36574.71781592636
150208,37537.03666761858
150209,38749.1145298801
150210,39676.70663395688
150211,40208.22162623472
150212,40477.660712781144
150213,40664.34762896273
150214,40354.02469309108
150215,40529.38977385958
150216,41434.09497704533
150217,42076.34755757531
150218,42272.05606900033
150219,40780.10587297211
150220,39575.148516919195
150221,39073.57329799519
150222,38549.23196819769
150223,38236.21538234953
150224,37742.16872548473
150225,38165.3282997757
150226,38220.515184176285
150227,38688.37255865311
150228,39730.85138640044
150229,40528.01805372389
150230,41976.94935132776
150231,42914.08363154594
150232,43394.64035270523
150233,43085.125028455775
150234,41703.50124623495
150235,40527.07161167146
150236,39337.55134895673
150237,39441.6763342795
150238,41913.69805455025
150239,41257.93006422167
150240,41693.41046707245
150241,39860.30067967451
150242,37270.358810578815
150243,36821.78142882997
150244,36156.075435349136
150245,35428.64755668979
150246,33725.246017518635
150247,32424.520696074873
150248,30740.07920106521
150249,30186.299539693653
150250,30067.751575379523
150251,30151.933389997026
150252,30097.81305247947
150253,30463.465449370742
150254,30742.063118075683
150255,30982.500089344525
150256,31634.39070508528
150257,33144.254443489655
150258,34234.37112712244
150259,35903.517843859714
150260,36775.917953436845
150261,36906.77904205842
150262,37080.1740557679
150263,37708.893186130226
150264,38666.08845509978
150265,39196.74043351053
150266,39509.858568153184
150267,37440.61330669566
150268,36076.209862272735
150269,35522.35816874074
150270,34617.3648782568
150271,34115.89376537947
150272,34114.838269351065
150273,33849.22785081009
150274,33917.72467418978
150275,34615.81536229737
150276,35858.553547621705
150277,37216.93749992134
150278,39951.756081695625
150279,41838.62186780825
150280,42674.33640949124
150281,42475.199932823554
150282,41576.614232659034
150283,40069.97325557024
150284,38656.417475793525
150285,38490.11244367014
150286,40487.90690891344
150287,39213.6975795169
150288,39224.5168642005
150289,37299.4330415842
150290,34163.25680964525
150291,33873.081706903904
150292,33530.151002273386
150293,32944.85966965674
150294,32178.208755122025
150295,31241.533771389768
150296,30636.811260710318
150297,30770.427693190108
150298,30929.411506294397
150299,32477.875285914895
150300,34476.15916630749
150301,37497.46964559077
150302,41003.31270153707
150303,43452.471402372394
150304,43829.0939156446
150305,44641.43647981835
150306,45146.94181277438
150307,44522.6125943946
150308,43723.013363601254
150309,42785.80558435813
150310,42674.88491038345
150311,42965.29042506511
150312,42351.7702335005
150313,42241.594133262035
150314,41739.5329385511
150315,41131.52911710608
150316,40916.73002099071
150317,40576.11313862841
150318,40216.33880146741
150319,39886.45701481195
150320,40915.08986384954
150321,40660.73190636151
150322,41259.68385427816
150323,41419.46154708586
150324,42846.38627955315
150325,44027.79982686708
150326,46691.59579376165
150327,47523.91674300749
150328,48651.45033826055
150329,47905.38424424421
150330,46441.81044586754
150331,44983.89457084023
150332,43300.212605570334
150333,43753.46138319124
150334,45901.67982337895
150335,45741.99509286464
150336,44644.99964691825
150337,42850.349475444455
150338,40144.18347772196
150339,39868.625750769235
150340,39368.826758256764
150341,38796.30541625293
150342,37664.0830878971
150343,36858.20750650972
150344,36676.43808990946
150345,36715.78121949299
150346,36957.47920852872
150347,39037.141862152814
150348,40959.071236462536
150349,43183.67917355046
150350,46078.146761668846
150351,49120.773784528705
150352,49975.57716830306
150353,51003.38285251906
150354,51321.6606949217
150355,50545.354241105226
150356,49874.779974661215
150357,49215.86665739371
150358,48808.15963501706
150359,48155.7341221358
150360,48388.434722106234
150361,48015.89310567506
150362,47473.90824299391
150363,46504.84095156883
150364,46000.35906070759
150365,45590.17353848291
150366,45158.53566216547
150367,45097.544040186964
150368,45039.23529635013
150369,45204.42667152846
150370,45255.663563792434
150371,45939.30166348991
150372,47409.92817417631
150373,48089.3565368384
150374,49940.58916531066
150375,50676.86964469375
150376,51020.18839052993
150377,49596.36885413237
150378,47134.71161849018
150379,45246.80597044209
150380,43325.28275133588
150381,43421.54680792285
150382,45257.85553773502
150383,44409.626129642245
150384,43234.331210389064
150385,40400.03975007599
150386,38015.720866238495
150387,37524.969352262924
150388,37188.98527145871
150389,36585.174015094366
150390,34879.47672721305
150391,33860.57203153486
150392,33275.80709006995
150393,33445.52428425452
150394,33899.01114574363
150395,35969.81566979108
150396,38115.55573034131
150397,40264.153209919954
150398,42653.23336482323
150399,44817.41187536832
150400,44932.44525076234
150401,45663.343101829014
150402,45260.5038285401
150403,45847.465955793945
150404,45230.655659650576
150405,44332.490661351745
150406,42812.394743382436
150407,41990.107270480956
150408,41956.288544759605
150409,41398.24552538823
150410,41210.93662451716
150411,40513.0147860794
150412,40038.87593180673
150413,39969.848743781076
150414,39567.597959087405
150415,39746.69421277325
150416,40284.03200924511
150417,41064.937962447046
150418,41970.52653088409
150419,43179.96406470284
150420,45313.10325306808
150421,46379.036229722275
150422,49114.89351321556
150423,49904.69901877418
150424,50457.28837840249
150425,49884.19860822699
150426,47886.87454626104
150427,46303.106538797736
150428,44730.83656202351
150429,45215.7214784321
150430,47187.464030745075
150431,46831.12442621534
150432,46550.66412093505
150433,44764.310430412974
150434,42451.77214171962
150435,41879.55332708248
150436,41718.665736237184
150437,41326.44286962053
150438,39886.33469722912
150439,39163.33354766148
150440,38635.20519271007
150441,39075.8657420682
150442,38989.32807469263
150443,40254.768104012655
150444,41581.7441350009
150445,46606.86266264487
150446,47865.92627157503
150447,49555.025871926075
150448,51158.36810334971
150449,52739.117955776324
150450,52263.518016961985
150451,52247.994011145245
150452,50993.86749047823
150453,50593.07643256733
150454,49602.70950225807
150455,48454.754311241246
150456,48581.788060678446
150457,48130.99000238944
150458,47486.14137646987
150459,46216.18835357118
150460,45657.65503960119
150461,45371.467953535466
150462,44804.4345045628
150463,44745.829194599646
150464,44732.015156455855
150465,44164.07837050941
150466,44179.192850545376
150467,44897.39146312894
150468,46530.44351678289
150469,47722.75251692711
150470,49957.91991833496
150471,50432.545512335826
150472,51076.44561632424
150473,49890.08307495383
150474,47244.39389592196
150475,45877.775334264676
150476,43942.27981805586
150477,44006.37224489847
150478,45799.52225913291
150479,45223.71809323567
150480,44334.03210488732
150481,42488.57916146306
150482,39372.60720093037
150483,38700.55541786873
150484,37857.14808773463
150485,37405.88288020052
150486,35774.096672503976
150487,34904.1065300774
150488,34069.12375983401
150489,33984.92676326323
150490,34074.849835611094
150491,35736.57156046894
150492,36916.57261868579
150493,41099.9673747987
150494,43263.147502491905
150495,46835.449252304024
150496,48495.53760546411
150497,50257.20117644317
150498,50255.45966640044
150499,50382.630929454856
150500,49132.430425358325
150501,48037.627053735974
150502,46997.99880386524
150503,45734.017200284055
150504,45598.35123991982
150505,45367.859178916166
150506,45516.346302974336
150507,44919.30493175869
150508,44141.968411355716
150509,44155.77548434058
150510,43623.520446723065
150511,44166.421782707934
150512,43955.86479675635
150513,43947.74208875731
150514,43958.28990485671
150515,44985.4980872611
150516,46043.370203516046
150517,46865.21112791278
150518,48599.02715648818
150519,49410.034756373076
150520,49938.69951582264
150521,49473.54749549008
150522,47547.31366372763
150523,45553.86312736842
150524,44260.16546446523
150525,44625.297544392335
150526,46799.026946307065
150527,46213.136918818076
150528,45471.73168722181
150529,43544.92005859294
150530,40551.63738560986
150531,39807.4454497386
150532,38885.0927065536
150533,38276.45381520672
150534,36618.77091020562
150535,35029.058438647175
150536,33410.270049910345
150537,32658.8906740079
150538,32346.298052251524
150539,32721.203753900467
150540,32780.794851678605
150541,33249.64813899775
150542,33642.775658673745
150543,34434.369823836736
150544,34748.40888158948
150545,35830.665621967055
150546,36649.74492640692
150547,36662.87547588364
150548,35875.01050237103
150549,35684.10767235886
150550,35294.18199975712
150551,34067.76458031565
150552,34316.99316430941
150553,34626.61428341509
150554,34323.17924191535
150555,32059.184646261958
150556,30462.491800634092
150557,29613.32835972404
150558,29211.083857484064
150559,28992.386889286223
150560,28871.149130248337
150561,29518.647127228847
150562,29486.124377515203
150563,29961.46114981357
150564,30783.11458310516
150565,31803.605139326784
150566,33736.956601126425
150567,34906.92154034162
150568,35596.7059467141
150569,34623.83786481078
150570,34043.52090885707
150571,32653.64219422143
150572,32001.34554484349
150573,32540.808647321748
150574,35754.24710647374
150575,35857.83535312592
150576,36820.00792912274
150577,34970.44581850289
150578,32180.76124039476
150579,31291.76061902343
150580,30366.190609731726
150581,29977.820413226073
150582,28582.012329167188
150583,26813.561483864753
150584,25703.619760845286
150585,25273.72473422592
150586,25128.32159164881
150587,25301.432265117048
150588,25480.574308378986
150589,25752.86652595139
150590,25728.50736049111
150591,25908.34829061842
150592,26673.08778889585
150593,28129.080918917592
150594,29715.929930753424
150595,31345.09246210733
150596,33216.23770928188
150597,34349.705238681796
150598,35107.73409834629
150599,36442.175931518126
150600,38025.69628962994
150601,38786.11744784584
150602,38951.852146021905
150603,37424.57190887893
150604,35271.03102238469
150605,34345.14821248826
150606,33278.49107557254
150607,33257.62690014242
150608,33903.08987136748
150609,34428.00462051918
150610,35066.926381532685
150611,35959.45623012076
150612,37582.8491863759
150613,38786.520621464406
150614,41441.76543319952
150615,43501.05292672957
150616,44206.89684057732
150617,43504.136685032376
150618,41860.82286385669
150619,40656.62746189664
150620,39550.64507327951
150621,39996.811322056485
150622,42196.30643932653
150623,41896.17922234134
150624,42010.9717936849
150625,40666.29897689137
150626,37541.87242156531
150627,37247.04907709121
150628,36928.96002135771
150629,36353.45825296211
150630,35207.5963166985
150631,34764.93545810015
150632,34441.230983279886
150633,34492.43672003736
150634,34948.844086309495
150635,37134.57254774758
150636,38278.4713645822
150637,41408.8569209406
150638,44200.54824839044
150639,47760.41245571282
150640,49117.60556217881
150641,50157.00426058464
150642,50760.134504108
150643,50977.57275942
150644,50588.126964898605
150645,50049.73891565214
150646,49507.01306119158
150647,49665.18346524743
150648,49673.935401267045
150649,49684.67942103754
150650,49395.477718538314
150651,48517.68973096366
150652,47612.250320436266
150653,47014.92055511432
150654,46040.91675739267
150655,44901.36798250558
150656,45145.19418705071
150657,45048.97877459595
150658,45112.38698144208
150659,45449.93768027633
150660,47137.43129896284
150661,48994.825801904066
150662,51565.582506322404
150663,52659.606073215575
150664,53203.88948005796
150665,51745.32034680652
150666,48275.65608122954
150667,45336.428003411325
150668,43275.57899255348
150669,43290.86454288092
150670,44502.29208270696
150671,43468.314553922384
150672,43390.96716559433
150673,41052.62160938564
150674,38759.7196101318
150675,38319.299064632054
150676,37726.3811661833
150677,36917.46807242516
150678,35416.67806710075
150679,33934.55793308391
150680,33284.86497844791
150681,32996.62588945147
150682,33124.891346080396
150683,34232.462711311666
150684,36082.26190902245
150685,39017.673692529
150686,41399.09409957109
150687,45192.204453230544
150688,47089.45419299568
150689,48739.639789038665
150690,49400.687657633396
150691,49288.97642123633
150692,48366.11166477548
150693,46571.133018318884
150694,45463.7917080732
150695,44327.79381175838
150696,44064.83645866994
150697,44107.4931239576
150698,44498.86389108545
150699,43688.28641876526
150700,43280.14678062526
150701,43586.41825913643
150702,43091.17642347457
150703,41816.143829577915
150704,41980.58293663287
150705,41312.4370067981
150706,41111.530537394865
150707,42417.32922226892
150708,44888.71749092011
150709,46270.4006276184
150710,48808.95198350744
150711,50146.013573588294
150712,50429.96624392957
150713,48401.670746563555
150714,45395.12873690187
150715,43726.380183077235
150716,41958.7808268547
150717,42447.04242660256
150718,44284.00311957915
150719,43856.37657681789
150720,43424.68097904041
150721,41114.761220691755
150722,38393.31350458554
150723,37797.87272565581
150724,36761.30592409876
150725,35970.898765796024
150726,34630.97253753659
150727,33591.025131441
150728,32928.2119529422
150729,32752.09485481382
150730,33013.35000912327
150731,34660.24260275476
150732,35941.9555750024
150733,39538.471943698205
150734,41875.974686291665
150735,45124.441386099184
150736,46584.46061191388
150737,49268.48592229044
150738,49367.57688354625
150739,49795.45000224375
150740,49195.74177689215
150741,47764.358836864034
150742,47145.70272451466
150743,46195.40230297019
150744,46302.62013305124
150745,45982.54816545815
150746,45718.45171232432
150747,45005.86153171433
150748,44664.253062339885
150749,44977.73966072376
150750,44345.80725545105
150751,42647.90748313324
150752,42916.49993857207
150753,43046.81407924777
150754,43409.95207165464
150755,44598.76746169011
150756,46297.3978023691
150757,49466.67958510069
150758,52071.44758814952
150759,53366.931776046666
150760,53957.27594024693
150761,51627.483992544985
150762,49318.62833609593
150763,48074.75299461196
150764,46685.264166680405
150765,46864.07068609851
150766,49120.50959414921
150767,48431.973551767864
150768,47951.6687236604
150769,46112.45082802337
150770,43800.04583919881
150771,42869.852497515
150772,42254.930559051
150773,41944.22820802033
150774,40489.29223949488
150775,39462.02733628067
150776,39029.00167942083
150777,39168.596744105314
150778,39458.674840902546
150779,41188.62399501237
150780,42845.05494071583
150781,46254.83941386168
150782,49198.718109464
150783,51821.84378151364
150784,53996.960590321454
150785,55016.678216663684
150786,54399.680839762914
150787,53712.57022708613
150788,52380.28858547664
150789,51723.74487838539
150790,51134.8550791666
150791,50558.9928430795
150792,50161.83578998789
150793,49788.635880986985
150794,49566.67623447468
150795,48342.72719844914
150796,47588.846868121975
150797,47266.62290269879
150798,46401.58705574138
150799,45824.12541190139
150800,45418.849409133174
150801,45072.43166361525
150802,44903.036239042754
150803,45334.97788589693
150804,46458.88622758314
150805,48923.786731132765
150806,51943.03596852996
150807,53620.99527427391
150808,53621.02679009086
150809,52183.526931881046
150810,49166.41877789131
150811,47237.48786587532
150812,45637.93851332658
150813,45535.52414026567
150814,47867.40657927675
150815,47163.75519634967
150816,46983.57391450944
150817,45603.589332329124
150818,42819.08219741488
150819,42233.7932801878
150820,41781.53683418709
150821,41268.07266229067
150822,39823.0366861279
150823,39095.65609710131
150824,38579.24205597535
150825,38422.42125765188
150826,38771.59226785205
150827,40524.66535120762
150828,41777.22180645738
150829,45366.65792437104
150830,47901.32893989802
150831,50189.11514527314
150832,52345.432259933164
150833,53757.4704467048
150834,53531.24393012846
150835,53151.51058474468
150836,52129.25421587714
150837,50968.37734071163
150838,50044.168693227395
150839,48464.578675706216
150840,47825.14074220633
150841,47068.03708575614
150842,46963.236700711495
150843,45448.19576940256
150844,44503.75352995563
150845,43241.71410308177
150846,42133.04137552643
150847,41368.60972130856
150848,41553.08516345152
150849,41625.542831526735
150850,41906.94750415986
150851,43095.882791865275
150852,44438.21548759498
150853,46188.91209682011
150854,48276.03977537439
150855,49562.71911973165
150856,49914.40530706827
150857,48388.38048123835
150858,45648.316856974365
150859,44059.5443175682
150860,42844.86099259374
150861,43364.66606901806
150862,45622.75967541599
150863,45738.797522837755
150864,46243.54462391492
150865,44585.995103000576
150866,42111.583713363536
150867,41804.9283700831
150868,41021.30473877702
150869,40686.080494135975
150870,39157.62853079054
150871,37860.00427419641
150872,37411.286569741176
150873,37413.30208411061
150874,37911.663858372565
150875,38711.85979396142
150876,39440.1866719348
150877,40329.70155625832
150878,40589.740331373134
150879,41163.34217855954
150880,41918.76147596418
150881,43027.300450314
150882,42746.95015837036
150883,44073.62523287342
150884,43800.67051758626
150885,43243.463014961395
150886,42954.22916920467
150887,42398.84164055787
150888,42472.60678959381
150889,43210.918619184115
150890,43554.334025608296
150891,41295.944131439195
150892,39559.28466221294
150893,38848.749078771914
150894,38214.43998422043
150895,38046.299042138526
150896,37731.17845662387
150897,37797.30878390671
150898,37532.1195974056
150899,38939.96419523781
150900,40288.901006403605
150901,42213.79771595747
150902,44283.317049110505
150903,46468.1713912672
150904,47132.864451175345
150905,46349.42476291732
150906,45162.81781252858
150907,44249.605279913216
150908,43069.05242920393
150909,43675.14533852802
150910,45998.3437939216
150911,46289.02875065703
150912,45585.03312759321
150913,44316.76599707751
150914,42231.37704648517
150915,41429.95788926067
150916,40078.57177409119
150917,39601.135530510495
150918,37652.638319035206
150919,37157.821940648326
150920,36265.96885454274
150921,36109.98638203185
150922,37054.23732702419
150923,37266.35058143618
150924,37660.00370152776
150925,39350.26764723787
150926,38511.08271760211
150927,38585.74110734835
150928,39008.544692785974
150929,40615.553890905925
150930,41655.90349913583
150931,42722.48815437912
150932,41763.07844807937
150933,41907.13064937233
150934,40922.83122222923
150935,40861.67434835486
150936,41050.29628518975
150937,41425.48581419554
150938,41417.424470663354
150939,38804.725408860664
150940,36050.66940600671
150941,35070.60483297089
150942,34214.03301733297
150943,34135.48003962145
150944,34031.07406450252
150945,34866.4593711917
150946,34993.752590075426
150947,36905.9880030597
150948,38090.90058138614
150949,40980.50925793693
150950,42820.04043770523
150951,45488.47665529851
150952,45962.0123571183
150953,44641.662281735065
150954,43350.98845095114
150955,42169.02563150047
150956,41195.72303255463
150957,42188.68723379515
150958,44771.67861021182
150959,43989.48149958529
150960,45337.165495611516
150961,43997.59159423975
150962,41351.987067254304
150963,40599.798313390216
150964,39839.58071915706
150965,39294.308263950195
150966,38452.15456454366
150967,38169.8868074162
150968,37867.794196687304
150969,37869.87243051145
150970,38606.18400005929
150971,40962.2532844797
150972,42028.331535704136
150973,46420.82400441943
150974,48644.9659564109
150975,51536.32736896213
150976,52741.02412349972
150977,54141.41881651535
150978,54289.915256706336
150979,54284.529384267655
150980,52726.10671764733
150981,51482.62022882928
150982,50587.677487421126
150983,49640.2149308966
150984,49090.233735696565
150985,48472.97070142663
150986,48172.39737835182
150987,47387.703220143645
150988,46356.72258597343
150989,45441.69462586881
150990,44234.066157240384
150991,43841.10216553088
150992,44244.56446803061
150993,44373.49676945439
150994,44391.689301377424
150995,46211.031974550926
150996,47916.11189915499
150997,50239.30579654112
150998,53015.959940740526
150999,53469.35558310711
151000,53885.857920065675
151001,51729.862607460964
151002,49918.610126017804
151003,47974.37674707447
151004,46475.91251030773
151005,46750.03937833989
151006,48634.87478265929
151007,48003.36512262394
151008,48343.27513405533
151009,46676.70828652551
151010,43596.06665368525
151011,42980.84809365444
151012,41915.97197631065
151013,41566.09528247003
151014,40556.442759764046
151015,39803.17279879249
151016,39453.962250724006
151017,40041.54506462624
151018,40707.40840989639
151019,42716.1074948358
151020,43910.8397599372
151021,48130.20784698885
151022,51093.49936714508
151023,52663.856347474495
151024,54173.48691575836
151025,56125.01920017387
151026,55247.25378924835
151027,55441.233844271774
151028,54670.527515772286
151029,53249.56584543282
151030,52777.653127353515
151031,51073.97152739991
151032,50392.29309678473
151033,49821.354987855084
151034,49465.91596753178
151035,48248.395887955354
151036,47400.398794039385
151037,46965.970439777964
151038,46092.725382273304
151039,45006.564308311325
151040,44788.642058107915
151041,44873.983359947364
151042,45522.7352073042
151043,47159.90123205821
151044,48539.17670288954
151045,50041.242854232034
151046,53296.39376153656
151047,54840.1038257697
151048,54867.909436036374
151049,53126.79912840817
151050,49912.76015651133
151051,48815.87952936573
151052,47143.400288821365
151053,47113.222035870385
151054,48952.08144775687
151055,48747.00295086413
151056,47899.101758721794
151057,46002.14037003536
151058,43457.98672278091
151059,42470.435580122554
151060,42802.06021824374
151061,42162.539645180084
151062,40659.420585616135
151063,40369.94060234349
151064,40440.59051011209
151065,40795.817059287816
151066,41510.427363782735
151067,44098.47390424536
151068,45369.07992790003
151069,49219.83632679121
151070,52804.48021592682
151071,54677.748348112626
151072,55945.998317997415
151073,57762.09086017921
151074,56864.673184772895
151075,56699.06828456381
151076,56240.18917175853
151077,54871.18730881466
151078,53953.036833907434
151079,53554.88942704142
151080,53115.819295661946
151081,52585.193213493105
151082,52447.23203400052
151083,51041.06512224114
151084,50001.8522935731
151085,49565.91129082333
151086,48423.8117359446
151087,47600.2077392512
151088,48099.35193044553
151089,48783.02266196556
151090,49431.341643544394
151091,50547.621010983545
151092,51918.32116926941
151093,53782.13102380734
151094,55882.63406890066
151095,57622.166193020545
151096,57822.273985434724
151097,55675.6693453234
151098,53671.00297973086
151099,52213.038183960845
151100,50811.98620390498
151101,50691.182867428775
151102,52484.66134674126
151103,51616.710510367266
151104,51607.51093051637
151105,50239.41425107207
151106,47553.241519060466
151107,47159.20420508751
151108,46810.32514226406
151109,46567.77144177555
151110,45710.02332133071
151111,45352.22362736011
151112,44827.35657323127
151113,44610.7738719572
151114,45361.39206597968
151115,46426.43852449221
151116,48511.90758573094
151117,51389.73972517036
151118,53609.610108122964
151119,55317.044709448885
151120,57255.758010994046
151121,58442.61989119451
151122,58129.659645340456
151123,57206.96257009442
151124,56963.58751661233
151125,55665.39382960299
151126,53974.212840876506
151127,53337.011168284465
151128,52129.98818665518
151129,51650.55814873865
151130,51376.99367044242
151131,50215.248814408085
151132,49612.94049397881
151133,48998.287516023884
151134,47789.48410457699
151135,47686.87699596469
151136,47358.6515861115
151137,47271.50884868333
151138,48922.52722345635
151139,49569.2662891352
151140,50897.986247146706
151141,53289.702609016495
151142,55849.77729456077
151143,58090.86869742746
151144,57704.09196033736
151145,55694.31158312832
151146,53582.48661236033
151147,52421.38795435027
151148,51060.180393326526
151149,51582.9246815383
151150,53148.28201942548
151151,53016.71248384836
151152,52560.76289519689
151153,50939.25556731484
151154,48173.50350774975
151155,47825.49142900456
151156,47194.691901251266
151157,46472.25540608222
151158,45441.215550169305
151159,44900.97813111376
151160,44098.025417521865
151161,43676.471352290566
151162,43995.53813559707
151163,45870.239531800566
151164,47558.4852855889
151165,52152.365042497055
151166,54312.586281604235
151167,57142.256313800666
151168,59329.54318399688
151169,59688.078322765934
151170,58842.67049912405
151171,58099.11362483184
151172,57233.297268445516
151173,55251.45937318015
151174,54951.37202898841
151175,53149.024894877744
151176,52944.52134490287
151177,52830.50181634597
151178,52806.7734250234
151179,50992.289010914355
151180,49970.87590564584
151181,49514.02855358638
151182,48376.67590974544
151183,47918.40301495279
151184,47397.71063073988
151185,46782.6044955854
151186,47374.76119807379
151187,48557.27896992121
151188,50746.89985335053
151189,52450.02642187735
151190,55797.81755475113
151191,57318.29275286029
151192,56646.09739614293
151193,54834.93257388702
151194,52930.639510150424
151195,51364.11646997324
151196,50589.173136413905
151197,51416.855364150535
151198,53516.71482804527
151199,52977.36559396357
151200,52210.62149372116
151201,50662.69035324182
151202,48118.62235240522
151203,47569.98711352111
151204,47009.50970930267
151205,46014.33856892598
151206,43642.41563052825
151207,43453.403238737556
151208,43431.691553509605
151209,43955.09387911871
151210,43923.790868085285
151211,44632.71605572309
151212,44715.702578865246
151213,45636.74224142753
151214,46163.36651631787
151215,47582.433204409586
151216,47777.73341286027
151217,47699.27583006272
151218,48322.31764622822
151219,49928.516800355734
151220,49128.023436217125
151221,48206.00902855624
151222,47008.78248265603
151223,45839.596981370356
151224,45705.15309974673
151225,45654.868690646355
151226,45681.76593048992
151227,44068.96502234766
151228,41823.69601901733
151229,40958.50962604922
151230,40089.654365710354
151231,39395.937332697664
151232,38867.664147883566
151233,38789.750077565805
151234,40078.498135302776
151235,42002.65224026218
151236,44397.34650326496
151237,46484.551826875126
151238,48945.511026821936
151239,50865.360988090746
151240,51644.97482388844
151241,50927.56440544188
151242,49926.55831797467
151243,49019.631655890305
151244,48091.56203620466
151245,48772.86437048563
151246,50796.422118384195
151247,50371.88579532894
151248,50140.96896642542
151249,48755.21504187609
151250,46140.84894397311
151251,45946.1371059221
151252,44759.10706133793
151253,43623.67232360668
151254,42103.53098060278
151255,41990.173927539094
151256,41299.529380652886
151257,41509.00642762809
151258,41368.0476719509
151259,41922.948004076316
151260,42106.23290329098
151261,42976.78293244268
151262,42998.14134987747
151263,44432.70257148025
151264,45253.46436411058
151265,44174.858945483524
151266,44471.58545533556
151267,45835.20067362537
151268,45501.88499283453
151269,44681.18558477222
151270,43331.11201690628
151271,42999.29587039399
151272,43484.53135768441
151273,44007.46831066253
151274,44109.42155482843
151275,42372.35617629263
151276,39820.62641126044
151277,38533.54308920675
151278,37992.85942578108
151279,37316.85393251481
151280,36626.11033052144
151281,37497.051040506674
151282,37982.63506462964
151283,39652.98811827324
151284,43128.7541878273
151285,45413.245553233384
151286,47157.53657281016
151287,49980.04256914765
151288,49905.71454909599
151289,49069.310478765925
151290,47922.49830082309
151291,47477.03203057438
151292,46697.31234361668
151293,47020.29508613502
151294,49089.409084127314
151295,48523.419085959984
151296,48602.1757217617
151297,47391.86358930184
151298,45141.59271231253
151299,44881.069544646525
151300,43987.34365878741
151301,43445.343645187524
151302,41663.131324725415
151303,41475.54614173908
151304,41165.11788827203
151305,41508.159864707486
151306,42174.581379584655
151307,44114.918485470145
151308,45138.75101521725
151309,48884.614849124526
151310,50575.10733339099
151311,53289.311192197085
151312,56127.894625514724
151313,56658.91313072988
151314,55682.97530086247
151315,55728.2600818626
151316,53921.768059603375
151317,53115.85208411772
151318,52577.201501049916
151319,52128.965349912076
151320,51241.47235801418
151321,51192.841503043855
151322,50911.06253179571
151323,50033.45774684026
151324,48890.5588550923
151325,48853.06843742464
151326,47806.01711181931
151327,47772.22091949399
151328,47528.30886927867
151329,47174.51010979686
151330,46514.57024885576
151331,47390.917337289604
151332,48237.918857714525
151333,49390.71028233327
151334,53034.816626389606
151335,54201.86072512443
151336,53549.59192516165
151337,51121.016839000506
151338,49357.14430498207
151339,46975.377163118945
151340,45336.40221886917
151341,45421.702582325684
151342,47196.047685865604
151343,46766.69790460656
151344,45466.346330885106
151345,43355.18094924647
151346,41757.95007498335
151347,41155.80209862461
151348,40467.31271913564
151349,40016.472401313426
151350,38619.117406409496
151351,37641.35186567413
151352,36879.96266963983
151353,36548.42128353713
151354,36963.93104180074
151355,38594.06326313216
151356,40446.276074615176
151357,43049.444763793545
151358,46120.16174141733
151359,48987.664066143116
151360,50111.713238749515
151361,50885.96146128487
151362,49823.015151424326
151363,50296.82683068707
151364,49236.31110348801
151365,48415.026023267834
151366,48142.48428386458
151367,48004.95548406169
151368,48087.16765726761
151369,47970.667767376464
151370,47537.15761317418
151371,46537.287540594596
151372,46055.0640990268
151373,45151.56666407787
151374,44455.86017972248
151375,43560.86595089846
151376,43899.47665923011
151377,43423.7507835509
151378,43647.69045678283
151379,44411.109165112044
151380,45524.25585921169
151381,46889.66680118574
151382,49960.01565991116
151383,50661.176568445466
151384,50058.39770628317
151385,47973.298263505814
151386,46310.660204228116
151387,44368.93532723535
151388,42581.76304157469
151389,42706.18698727883
151390,44756.48738238431
151391,44029.12817664139
151392,43000.90463429148
151393,40859.13407132082
151394,38604.37905342214
151395,37573.19774340705
151396,36557.46720062133
151397,35625.60678446509
151398,34138.721856738455
151399,33090.319760956554
151400,32343.812991180082
151401,32093.8076106905
151402,32138.25045559332
151403,33297.18434127016
151404,34949.85025145396
151405,38096.073312752094
151406,41163.039422043745
151407,43472.44356047824
151408,44613.6724051781
151409,45041.25431225096
151410,45260.17201005792
151411,45266.75816863067
151412,44569.808365915495
151413,44025.7598511391
151414,44008.80276249409
151415,44208.114171270005
151416,44518.0867507797
151417,43823.86284074669
151418,43530.09708032406
151419,42806.737064981084
151420,42381.03210315577
151421,41856.83584853801
151422,40969.56174025115
151423,41103.82449618879
151424,40967.993566055855
151425,40834.017187223915
151426,40543.63594037104
151427,40860.66397991706
151428,41648.13286929251
151429,42830.39816196677
151430,45917.39584550126
151431,46939.48699458924
151432,46152.764659185166
151433,43994.992845061126
151434,42904.27715447654
151435,40916.97123480955
151436,39418.9369899031
151437,39661.95915149177
151438,41392.8661118368
151439,40815.812055826056
151440,38881.52368716017
151441,37528.454661602766
151442,35585.38656416883
151443,35104.138707305916
151444,34769.730692326004
151445,33843.47228227401
151446,32684.926090191548
151447,31779.433978888454
151448,30718.804363088115
151449,30455.574054271707
151450,31129.202185112517
151451,32850.791663648226
151452,34244.30789025408
151453,36997.19724433398
151454,40234.384825289635
151455,43948.852016456825
151456,46979.94789459986
151457,48365.10160722113
151458,47953.27184022279
151459,48032.31099522166
151460,47162.706456798245
151461,46499.09611601729
151462,45641.33394276754
151463,45602.86030036347
151464,46032.58803775731
151465,45921.523472824985
151466,46083.27065331869
151467,45039.42820911842
151468,44515.67291673287
151469,44700.306967572345
151470,44380.58166830904
151471,44557.427802377475
151472,45545.14672474551
151473,45788.063345425006
151474,47071.02716059061
151475,48176.86992618331
151476,49564.518937417626
151477,51542.84791402835
151478,54331.92273315328
151479,55766.76250840333
151480,55270.26909060097
151481,53241.7837455496
151482,51792.96648934701
151483,50222.04674997349
151484,48896.282731234925
151485,49145.11820234118
151486,51458.77513239468
151487,50789.55262994395
151488,50563.29283843573
151489,48911.12482974104
151490,46499.43971535218
151491,46094.82275194811
151492,45192.9506507315
151493,44491.0587627176
151494,43400.70709167695
151495,42670.89020390916
151496,41858.15909013742
151497,41293.687878080316
151498,41696.850451016595
151499,43167.58639057914
151500,45129.97320246392
151501,48338.10269294664
151502,51262.484507123285
151503,53894.173719831124
151504,55826.522566236476
151505,56465.970935912526
151506,56533.22478689277
151507,55664.49069031406
151508,55019.81880727557
151509,53640.21936589509
151510,53308.69600708544
151511,51247.33202548671
151512,50194.38856126382
151513,49951.427050743376
151514,50286.36015056632
151515,49584.27350616865
151516,48984.94258161659
151517,48391.90452575369
151518,47107.31567219482
151519,47940.12893791869
151520,47536.58306334181
151521,46993.22779526221
151522,48114.59833024202
151523,49429.663478541086
151524,50920.38581719198
151525,53064.17473251231
151526,56101.416537811565
151527,57709.07305071016
151528,57257.19196207468
151529,55523.07357104446
151530,54489.20868262463
151531,52833.36023784724
151532,51715.37819640797
151533,51871.96943882756
151534,53703.805669518784
151535,53491.31409848
151536,53002.94549802806
151537,51217.62762399441
151538,48802.48862543716
151539,48421.53489824855
151540,47863.82132272612
151541,46865.92474078709
151542,44856.8000716404
151543,44213.999420614135
151544,43386.70178374711
151545,43389.9958918862
151546,43387.053707482126
151547,44036.560962760836
151548,44376.399338149546
151549,45647.478467541165
151550,45986.70622133343
151551,47772.592137801155
151552,49285.864418766585
151553,48930.891368012504
151554,48013.31750874131
151555,48851.618947970914
151556,48662.176025527115
151557,48247.58375473017
151558,46407.508516468784
151559,46082.83605450867
151560,45686.07119804096
151561,45701.75233764901
151562,45878.369681029784
151563,44464.84045791085
151564,42161.454405482174
151565,41008.65438277
151566,40059.56261511308
151567,40517.644850272496
151568,40438.593640096275
151569,40309.810782318
151570,40743.60457053363
151571,42799.904317768225
151572,45542.15633792862
151573,47883.44384626988
151574,50766.0517118162
151575,51952.94416728781
151576,51362.667560916576
151577,49841.42087016964
151578,49074.63757881632
151579,48060.403872677816
151580,47389.68048641818
151581,48019.537746913265
151582,50679.63439721157
151583,50253.4722618145
151584,50811.40830279951
151585,49317.51299053277
151586,46642.946846667764
151587,46023.50087888632
151588,45502.10900336194
151589,44890.18745126564
151590,43742.47950126924
151591,43273.72617544144
151592,42564.00216098948
151593,42351.79202545386
151594,42098.16882532157
151595,42363.047653330985
151596,42368.2880449435
151597,42311.37247896819
151598,42175.03856143684
151599,41671.76879511848
151600,43168.90494914842
151601,44049.467836976546
151602,44437.24241180878
151603,43111.2670522503
151604,43601.9439105042
151605,44355.14373336594
151606,42999.340091709775
151607,42158.90971663677
151608,41774.540938517624
151609,42563.40531024608
151610,42626.787089247075
151611,40359.46424437247
151612,37684.06964708744
151613,36303.01304562168
151614,35484.727109518164
151615,34463.1617614263
151616,35304.49829942371
151617,35907.78491892636
151618,37139.53834197475
151619,40048.04528658534
151620,42991.38009905355
151621,45225.534530161756
151622,47462.66193112357
151623,49053.74416556013
151624,48634.63495784672
151625,48735.59810758923
151626,48337.41937199404
151627,47417.12823377381
151628,46390.20834196411
151629,47121.71981131651
151630,49044.44510018324
151631,48479.42476888732
151632,50026.051052563314
151633,48471.72466183866
151634,45995.922154458385
151635,46069.08305435873
151636,45074.05594447406
151637,44587.47713670218
151638,42323.55486100944
151639,42267.626411020705
151640,41850.236340392294
151641,41816.74789706268
151642,42273.219553560324
151643,44654.50359092536
151644,45881.6458560092
151645,49608.16504892822
151646,52457.70072995799
151647,54589.29508986611
151648,55640.36195274581
151649,57420.36147502458
151650,56962.12900023591
151651,56513.38439974769
151652,55815.79658509249
151653,54766.70487665622
151654,54473.634074152826
151655,53993.70084390383
151656,53643.21683113467
151657,53645.570158238486
151658,52617.07224755458
151659,51291.449527197634
151660,50414.48523500637
151661,49847.30783214833
151662,48313.510956954364
151663,47342.85620765414
151664,46952.74170079952
151665,46512.5389567668
151666,47063.10860166532
151667,48654.87538262024
151668,50838.495157076504
151669,52324.71548460044
151670,56148.83423372189
151671,57349.413132076945
151672,56133.01806091908
151673,54221.661394189716
151674,51595.11690434537
151675,49846.020251722264
151676,48464.47267151272
151677,47874.58904048993
151678,49796.298212908376
151679,49528.981651849244
151680,48798.74781644791
151681,47036.25599925376
151682,44383.82200058694
151683,44085.84020892835
151684,43964.90646104382
151685,42841.593785417936
151686,40939.31029562035
151687,40850.116698800055
151688,40759.56759077689
151689,40598.048816192815
151690,41294.28128673907
151691,43357.73065144157
151692,44783.00000777372
151693,47336.83956457371
151694,48917.5375722907
151695,51266.75348198901
151696,54534.80204190189
151697,55361.52116404578
151698,54861.934092687436
151699,55600.37547223277
151700,54732.3898625963
151701,54147.53605858499
151702,53763.24407530805
151703,52209.69973336635
151704,51565.60751538997
151705,51344.65145883703
151706,51479.931847714484
151707,50597.67460315869
151708,50132.925301250594
151709,49976.29787634106
151710,48606.28110240542
151711,47806.04898360159
151712,47593.73369843225
151713,47181.1245526545
151714,47658.80495734585
151715,49382.31150237386
151716,51059.371691743734
151717,52905.10344357376
151718,56366.410061368675
151719,56314.52882791142
151720,54932.44353906748
151721,53046.89278750815
151722,50419.11788164365
151723,49064.59287112357
151724,47992.67848341397
151725,48760.54843824554
151726,50981.493252233224
151727,50349.544354937156
151728,49570.333687613995
151729,48124.444033789376
151730,46128.7273067174
151731,45791.37992507507
151732,45217.70651985001
151733,44460.39736534796
151734,42359.26230508362
151735,42305.549889751834
151736,42353.80750484158
151737,42063.45176479498
151738,42517.90370004946
151739,44529.84164997994
151740,45571.85579318602
151741,49466.184497579394
151742,52740.13144989308
151743,54596.95966478704
151744,57019.72164270891
151745,58130.22680330997
151746,58499.93407008782
151747,56947.99761489587
151748,56656.5809046828
151749,55920.86989188087
151750,54929.590266264946
151751,54155.2468769486
151752,53356.10384477507
151753,53082.315236860246
151754,52744.37389948105
151755,51548.0858302428
151756,50464.95378781689
151757,50214.37518265462
151758,49040.50469314525
151759,48812.30750014276
151760,48941.90894094562
151761,48306.07533462469
151762,49287.5443103392
151763,50818.597420185964
151764,52650.20694960676
151765,54820.172024733816
151766,57424.59666501553
151767,58002.28932846772
151768,57111.07286557071
151769,55281.720947436836
151770,53521.91671288474
151771,51680.55502571205
151772,50406.495018288355
151773,50443.112159585915
151774,52364.60397356686
151775,51357.68621290887
151776,50338.436510352585
151777,48412.94022220855
151778,46328.56466523385
151779,45420.44647110635
151780,44812.13757190608
151781,44113.50242298664
151782,42094.05574180971
151783,41351.761503535214
151784,40431.05358856875
151785,39987.22662251894
151786,40148.46958297894
151787,41264.144261109475
151788,42616.255694090214
151789,46329.21948285398
151790,49355.14842743046
151791,51203.61549273821
151792,53140.67140148555
151793,54312.11309672551
151794,54422.14285948112
151795,54046.271374084856
151796,52596.99673689737
151797,51024.87136376798
151798,50093.36260760619
151799,48426.792470688335
151800,47548.85503257046
151801,46996.74768024005
151802,46617.17378253464
151803,45590.79236799656
151804,44907.37216899199
151805,44046.03080538243
151806,42310.05431077813
151807,42621.65465991502
151808,43589.99651188747
151809,43170.61125282583
151810,43282.02517817652
151811,44083.68335521851
151812,45871.45579648264
151813,48592.89545983181
151814,51172.56685883852
151815,51444.5235616311
151816,49978.1617300795
151817,48531.076888550226
151818,45377.44997139166
151819,42419.681830377456
151820,41275.13939986538
151821,41428.42308480121
151822,43282.411688527915
151823,42749.80894138052
151824,42698.63528994315
151825,40402.35907114491
151826,38176.9749177885
151827,37362.70160833018
151828,37047.39264651798
151829,35944.2678248841
151830,34128.069263981924
151831,33686.04426827598
151832,32954.637774298746
151833,32894.300838117546
151834,33233.014540306176
151835,35533.53086512174
151836,37209.76454659399
151837,39530.44836192323
151838,42051.66560805175
151839,45127.66300788177
151840,47733.58529523925
151841,48114.28248162255
151842,47725.23832721624
151843,48737.72774221741
151844,47863.786498218615
151845,47424.700310766464
151846,46584.931645892066
151847,46323.43233221039
151848,46379.50416759752
151849,46587.88873730462
151850,47136.55851774275
151851,45921.870269244675
151852,45090.262473037
151853,45163.422832245866
151854,44262.706689986386
151855,43824.649090916406
151856,43690.30498447588
151857,43433.90204395797
151858,43885.80941929025
151859,44957.78600065217
151860,46855.64185486674
151861,48867.45023480743
151862,51519.33126175388
151863,51513.77386050476
151864,50342.38588180367
151865,48246.60179239567
151866,45773.18905645519
151867,43492.33779155456
151868,42463.608487464575
151869,42578.285913561835
151870,44955.127755588524
151871,44334.782928889486
151872,42824.684394408636
151873,40991.79926110672
151874,38552.491428578214
151875,37831.00795860197
151876,36910.88681011718
151877,35171.862809392114
151878,32610.85687506839
151879,31739.934740484765
151880,30589.926814700702
151881,30237.36488558012
151882,30214.746709537747
151883,30815.750834662373
151884,31123.49983719297
151885,32485.793911429395
151886,33208.95089499052
151887,35221.658269325126
151888,36551.97016205761
151889,37170.81359035135
151890,38365.537111055244
151891,39817.124326870806
151892,40628.211940637135
151893,41661.122027464284
151894,41015.99282255857
151895,41321.553800976966
151896,42382.07888252159
151897,43238.466474799505
151898,43777.351893728664
151899,42340.05383791034
151900,40536.00732153713
151901,39854.68676888615
151902,38868.71896913816
151903,38081.39949044298
151904,38399.16446473535
151905,38745.18384639506
151906,39755.46292230464
151907,40333.96207513284
151908,42194.85166475881
151909,44265.11299515622
151910,47236.17431882317
151911,47394.07869682238
151912,46598.08321142622
151913,44526.58163133433
151914,43908.376344620585
151915,42552.312984822434
151916,41159.65082166986
151917,41367.543169347846
151918,43572.06689382643
151919,43092.00149869943
151920,43708.41568921999
151921,42420.52515408925
151922,38946.7827002498
151923,38112.79958773238
151924,37311.410358387846
151925,35735.51711773702
151926,34025.781964448855
151927,32369.265232808328
151928,31633.984145979884
151929,30883.382529560906
151930,30489.94908446374
151931,30552.53957241972
151932,30156.389064322648
151933,29829.795890985584
151934,29924.11148130957
151935,31359.995551323227
151936,31167.47908570979
151937,31106.296998208178
151938,31779.79071067162
151939,32172.726332839433
151940,32938.87462333145
151941,33705.79343346863
151942,34124.55563379521
151943,34575.969874236864
151944,35660.1546780462
151945,35944.16076902719
151946,36102.46852426564
151947,33828.216798001755
151948,31971.86493602065
151949,31645.71148647758
151950,31152.239423613435
151951,31566.0852589821
151952,31539.860363113745
151953,31720.273513360145
151954,33052.652423503154
151955,34391.65956895595
151956,38620.48225190411
151957,40997.60672797734
151958,42216.90887253396
151959,43215.57186170777
151960,42863.78623378376
151961,41778.02388754414
151962,40490.74549083649
151963,39771.67025834935
151964,38363.49601449972
151965,39198.761702211166
151966,41186.531619880145
151967,40972.54895273119
151968,41301.33169363436
151969,40128.038363111205
151970,38276.529320083835
151971,37889.55879339195
151972,37063.51017992462
151973,35916.7030152412
151974,33924.35918157562
151975,33291.44357176119
151976,33331.430601437496
151977,33628.65144774486
151978,33872.39503362756
151979,35071.86377926604
151980,36166.4185280807
151981,36839.290482705444
151982,37843.69855994361
151983,37856.35856415108
151984,38279.68132891598
151985,38564.69479187876
151986,39740.865293045885
151987,40367.48182208775
151988,39957.94687360567
151989,40722.95978062866
151990,40386.42255293811
151991,40392.702678342015
151992,40952.90101660896
151993,41603.012215771625
151994,41983.09508818732
151995,41123.31737919925
151996,39772.84692744506
151997,39598.76617544525
151998,39081.52287625742
151999,39819.54104123047
152000,40998.611554032206
152001,42232.42019404435
152002,43835.37697239006
152003,44832.25496761507
152004,48259.574686519474
152005,49919.26832918329
152006,51409.323231694456
152007,51768.38182309034
152008,50851.59278200069
152009,49975.41975411293
152010,49083.19310812172
152011,47953.60728578793
152012,46543.01159207128
152013,46770.655405451835
152014,49245.2868021055
152015,48680.092593113746
152016,49846.989086267524
152017,47975.16488655136
152018,45889.54815635661
152019,44869.14876523258
152020,43906.918885580184
152021,43452.72472633359
152022,41561.26999156797
152023,40864.1190461261
152024,40244.018892779924
152025,40151.66524389865
152026,40551.92985793972
152027,42410.07672591256
152028,43941.82103508974
152029,47335.327077811045
152030,50427.388508369695
152031,52771.66946211772
152032,54480.146633303244
152033,55024.7455669915
152034,54776.034080379235
152035,55003.33830503941
152036,54608.50700810117
152037,54417.5554690676
152038,54079.8174589242
152039,53261.612359969076
152040,53571.587427674676
152041,53901.288459209194
152042,53952.7801877009
152043,52902.98774911546
152044,52447.54811757166
152045,52310.22032038076
152046,51777.35103123393
152047,52331.9934093102
152048,52730.64522700051
152049,53062.24440371338
152050,53817.05784210515
152051,56005.82183453507
152052,57886.960605081695
152053,59181.73920530458
152054,59978.943624824205
152055,59282.66341797418
152056,56843.87866630312
152057,54512.89338485938
152058,53003.65657111357
152059,51696.894530615355
152060,50023.51319079219
152061,50265.96832668448
152062,52848.48576645671
152063,52294.31649399912
152064,51702.43445858528
152065,50012.32769243904
152066,47514.35410508967
152067,46662.57422313896
152068,46661.95272903478
152069,45915.98595169529
152070,44573.30255442959
152071,43997.94022780037
152072,43525.394695853436
152073,42946.129949450005
152074,43381.20097845499
152075,45084.58212547127
152076,46136.57380001275
152077,50066.5416526894
152078,52723.448756126236
152079,55967.065884919866
152080,58019.04046832646
152081,57340.11536133651
152082,57546.297940914126
152083,56781.27249373448
152084,56120.33134401939
152085,55501.157941890786
152086,55556.26670190486
152087,54345.30958658177
152088,54968.39839042509
152089,54735.62474681753
152090,54800.06611620025
152091,53106.22992970807
152092,52192.032951381625
152093,52030.27227975959
152094,51423.913661422615
152095,51876.6853792115
152096,53112.66436322098
152097,53642.125783671596
152098,54517.1915322451
152099,56277.07666578978
152100,59678.56033965504
152101,60699.9837116826
152102,62156.219131778766
152103,61575.69130153307
152104,59283.918634628
152105,55556.333347561136
152106,53734.32939066377
152107,52591.62489676519
152108,51348.285247759224
152109,51687.82781173919
152110,54454.15392673701
152111,53429.38723372844
152112,52274.50482560806
152113,50471.52144930651
152114,48697.876096854234
152115,47808.78141437806
152116,46845.945734041736
152117,46129.28085560085
152118,45688.678990472865
152119,44606.60448180443
152120,43879.11865189654
152121,43150.39679490558
152122,43363.339852035904
152123,45047.24692547677
152124,46428.89688264405
152125,49661.278754984734
152126,52729.70213368692
152127,56476.92695870756
152128,57239.90857785826
152129,57997.66064453323
152130,57504.86049873096
152131,56471.90011739197
152132,54914.08486633285
152133,53684.323777697355
152134,53340.10223239057
152135,52745.31799197979
152136,52352.823209199545
152137,52500.79800374773
152138,53214.86314155797
152139,52035.76767705696
152140,51647.08032746814
152141,51758.57479650108
152142,51606.17485163772
152143,51706.96787535806
152144,53370.461379497356
152145,52960.142319362705
152146,54254.49188102815
152147,55580.93678122171
152148,58283.48956024524
152149,59709.25387567589
152150,60974.838114062455
152151,60481.9539193438
152152,58242.11479665117
152153,55944.74110909229
152154,54106.29584965423
152155,53298.95600408438
152156,51939.84074226314
152157,52100.377189065606
152158,54381.5847320726
152159,54107.65676679086
152160,53660.577029033986
152161,51593.794663062654
152162,49275.40213499018
152163,48398.15824479158
152164,47967.23166127541
152165,47021.43256710249
152166,46308.16224913155
152167,45844.31770275461
152168,44977.56579261282
152169,44910.84866950467
152170,45627.61870171488
152171,47976.33593086825
152172,48998.497904502416
152173,52249.834002075935
152174,54849.764272113
152175,58837.538205582096
152176,58770.00543833809
152177,59136.52145437081
152178,58204.19355590573
152179,57599.81613930787
152180,56181.611800756174
152181,56207.93375204353
152182,55481.971069208106
152183,55235.8279215649
152184,55251.28065482199
152185,55236.448712065925
152186,55360.070803043775
152187,53854.90759141291
152188,53008.6208845885
152189,52806.58632319262
152190,52220.585371259614
152191,52766.052008920014
152192,53642.16794330081
152193,53499.48749931684
152194,55270.95333900874
152195,57445.62919679102
152196,60247.95225588804
152197,61007.78140290614
152198,61897.47688864653
152199,61657.291559865465
152200,60623.49704322598
152201,57441.31837900523
152202,55530.88761091404
152203,55274.18033755641
152204,54248.15019251577
152205,54904.90571994399
152206,57257.05334939135
152207,56929.647758514155
152208,56979.370758998106
152209,54774.401021423066
152210,53021.15095815629
152211,52155.835477361456
152212,51034.680235134925
152213,50480.998461015704
152214,48897.48312688626
152215,48111.25924781616
152216,47207.462789554076
152217,47252.220539079935
152218,47422.59195606062
152219,48224.20921672974
152220,48647.59345648129
152221,50926.096400788716
152222,51134.63411612935
152223,52357.730324554155
152224,52681.73816088382
152225,53826.11580101398
152226,54551.28200584854
152227,54677.41813232791
152228,53034.77804551286
152229,51686.8000682151
152230,50630.646088770154
152231,50168.133101326464
152232,50718.81718472294
152233,51108.96424316788
152234,51448.569991453194
152235,49549.84977236315
152236,47922.1990290481
152237,47236.651423678515
152238,46684.788088654204
152239,47361.29796755443
152240,47886.79285580183
152241,48151.05867836065
152242,48189.98807102996
152243,49829.2137839867
152244,52561.392512338396
152245,54322.31386047315
152246,55941.73645193763
152247,55528.491441197315
152248,54722.22957770475
152249,51912.6617289839
152250,50409.35330968692
152251,49125.29632035442
152252,48600.2467467672
152253,49006.835643788596
152254,51554.06137348565
152255,51085.938616298605
152256,49738.35028988075
152257,48000.59026247258
152258,46393.89019333125
152259,45633.59178095836
152260,44921.2337756625
152261,44110.0540208342
152262,41962.90946018183
152263,41052.78240835887
152264,40053.110539536414
152265,39937.44822101496
152266,39874.59650443938
152267,40336.79875492006
152268,40035.92699685306
152269,40267.21570887578
152270,41051.34835765648
152271,41650.50120472729
152272,41872.8525293418
152273,42540.5344522494
152274,43235.97851219636
152275,44636.422374141264
152276,43533.350199706336
152277,43624.047562915504
152278,43335.540256593216
152279,43842.30251888639
152280,45096.4961704646
152281,45960.160979785716
152282,46519.57645042129
152283,44662.028733671556
152284,44221.77479194152
152285,42527.047210240824
152286,42027.86040332379
152287,42511.08819304928
152288,43292.54612552513
152289,43368.757258855585
152290,44354.3360172672
152291,46310.1942246517
152292,49541.58071937753
152293,50990.83766304303
152294,52023.92279497415
152295,52193.67879013465
152296,51841.047112980916
152297,50716.88224943724
152298,49452.573940824004
152299,48689.9981075734
152300,47891.31400999153
152301,48366.839724995254
152302,50584.121564634646
152303,50210.807591084274
152304,50681.81633266365
152305,48772.786072364055
152306,46911.04081943266
152307,46527.008833753716
152308,46403.63149843867
152309,46334.909094114875
152310,45455.485245626514
152311,46114.73088493045
152312,45526.685435189625
152313,45868.81519690608
152314,46838.10655975015
152315,49362.01564401312
152316,51415.247507584696
152317,54859.61155435996
152318,57589.34941300059
152319,59831.20944855205
152320,61080.067818959935
152321,61033.416971455634
152322,60025.85138937145
152323,58695.096198357576
152324,57704.33961888161
152325,56531.99021905333
152326,56018.1187212597
152327,55348.98580806165
152328,55342.84449119148
152329,55437.23784151067
152330,55392.45159282292
152331,54104.06374960876
152332,53372.58188221186
152333,53006.39500235652
152334,52390.37455069489
152335,52517.19866257031
152336,53160.58384640624
152337,52861.71476150816
152338,54644.67113318383
152339,56761.251913404114
152340,60093.74785604596
152341,61930.704896406714
152342,63230.44671251943
152343,63604.822098841985
152344,62084.03845392848
152345,59018.97048650077
152346,57001.37830731065
152347,56185.541309800814
152348,54799.0711647005
152349,55357.65241056167
152350,57647.33286224216
152351,56719.10773369202
152352,56834.56510212638
152353,54797.69646691701
152354,52803.141440507796
152355,53242.63787051457
152356,52458.25485353214
152357,52069.98416192043
152358,51213.95624724773
152359,50471.421649111806
152360,49849.22968082167
152361,50311.753143312766
152362,50733.93848557191
152363,52431.078986160464
152364,52917.26105501651
152365,58008.53455012799
152366,62131.308128390665
152367,64529.83826001147
152368,64694.37870508418
152369,65385.43570902953
152370,63924.37441039313
152371,63888.69331692735
152372,62068.593651548865
152373,59973.03475040751
152374,58676.796179251316
152375,56988.24070811569
152376,56632.20803564394
152377,56619.19536363108
152378,56575.88580370417
152379,55185.56752684924
152380,54559.11390806056
152381,54136.12109618529
152382,53457.22201626914
152383,54103.75980307338
152384,54932.24059400242
152385,55709.220124716136
152386,57675.519500496404
152387,60271.85603289349
152388,63110.25708507422
152389,64852.69988669922
152390,66601.29367545155
152391,66680.50269889906
152392,65658.65170743295
152393,62954.4238071108
152394,60780.217438534586
152395,59055.218429279645
152396,57334.07149403936
152397,58225.579842224084
152398,60710.46129153556
152399,60738.83714779554
152400,58830.32012322954
152401,57299.143462775966
152402,55329.33109222649
152403,54781.45500988211
152404,53569.049315062824
152405,53487.86965882888
152406,51756.539599542295
152407,51381.0703843707
152408,50783.72351249437
152409,50844.389240487486
152410,51381.380269010064
152411,53307.36222734222
152412,54076.77612114891
152413,58995.49500033801
152414,62839.6821240657
152415,66803.62125794029
152416,67438.08144877783
152417,66476.7558279016
152418,66126.82712722202
152419,65165.622810542
152420,64407.54660737459
152421,63820.49807831714
152422,62088.41428272229
152423,60553.35481866829
152424,59490.91148000459
152425,59240.24185343997
152426,58624.2462081809
152427,56466.84455716637
152428,54974.347694749595
152429,54912.76789176423
152430,54117.160436188926
152431,54524.00737072726
152432,55283.46151876499
152433,56041.87063949333
152434,58676.956219904605
152435,61098.298950211654
152436,63720.82111969298
152437,64645.99624066241
152438,65969.9362287213
152439,65731.26513055227
152440,64061.95062199857
152441,62432.356703701975
152442,60066.26678950106
152443,59532.421245936835
152444,58120.94660767129
152445,58487.84774946314
152446,60562.70673374213
152447,59605.206362907455
152448,57105.57050868711
152449,55868.82800976918
152450,53950.32098491298
152451,53387.27872928376
152452,52662.79367590342
152453,52327.82465513914
152454,50223.68391733613
152455,49048.959449540205
152456,47464.75687156099
152457,47272.68984132062
152458,47381.15872736998
152459,48239.745982456065
152460,48123.20413869413
152461,49336.40500515274
152462,50232.03882019565
152463,51019.60332439379
152464,51115.78727719928
152465,51918.50259290484
152466,52657.182739624244
152467,52822.532158940165
152468,52668.36098774834
152469,52222.413264007126
152470,51222.32372480423
152471,50312.360662585605
152472,50961.41072218681
152473,51378.56429761033
152474,51760.66014042428
152475,49742.89379007261
152476,48491.84025658682
152477,47500.426002067165
152478,46957.0846385777
152479,47695.888103993864
152480,47486.3248696977
152481,48829.374219817444
152482,50611.48980792353
152483,52462.06852254274
152484,56059.39461543231
152485,57497.74574379569
152486,58970.362483637946
152487,59182.33491896542
152488,57695.986771812444
152489,57047.860903403
152490,56377.86685717387
152491,55499.12392871014
152492,54651.89295896839
152493,54981.88155493402
152494,57019.24265287932
152495,56692.18166064879
152496,57892.64341525897
152497,56432.35894707972
152498,54304.82808885114
152499,53289.81472985063
152500,52323.49866284141
152501,52573.96435502484
152502,51517.389119292566
152503,50996.31599370906
152504,50023.423728829905
152505,50047.4694496045
152506,50477.95941233395
152507,52462.501934222084
152508,53224.081255760015
152509,57104.56150053454
152510,60869.306873509486
152511,63229.36062080974
152512,62953.587979166
152513,63549.846300146004
152514,62378.483746629
152515,63090.15583639499
152516,61951.45199405938
152517,59633.76760187123
152518,59279.32053746868
152519,58487.54794582208
152520,57357.23037745162
152521,56963.76175359865
152522,56186.86974507314
152523,54226.02673836566
152524,52453.24571402706
152525,51453.93590278184
152526,51146.70515411801
152527,51056.729115025344
152528,50665.85355309022
152529,50827.39524707283
152530,50838.78978784813
152531,52754.23599687899
152532,55217.20360156276
152533,55830.419805197766
152534,56685.084983039786
152535,55670.17713945869
152536,53783.744482786664
152537,51276.141261148136
152538,49480.489399833874
152539,48156.09710734629
152540,46988.853041187045
152541,47168.9037382444
152542,49458.18754452828
152543,48967.321279422096
152544,48372.63062764132
152545,46297.11900648
152546,43792.27796535982
152547,42958.60169630746
152548,42363.648897058076
152549,41958.4605056998
152550,40541.28895715965
152551,39432.779892862425
152552,38380.46093805229
152553,38124.931349268656
152554,38156.13816995719
152555,39136.12107891648
152556,39695.358110088055
152557,40972.98836830137
152558,41684.590843223625
152559,42912.58333219148
152560,43310.10907021325
152561,43723.602952404
152562,45134.81463338494
152563,45746.83516025916
152564,46344.124550563865
152565,47083.57159581242
152566,46808.156813967034
152567,46707.34443998975
152568,46833.3178036085
152569,48410.31102391075
152570,49271.21257961707
152571,48226.38203750648
152572,47484.936680502135
152573,47502.13553661676
152574,46725.66365664508
152575,46395.63900426784
152576,46907.29883464144
152577,46452.420578476616
152578,46952.57933165445
152579,48175.31213092717
152580,50482.13246841092
152581,50713.074052953234
152582,51842.897826917
152583,51389.37399513739
152584,50279.11914093258
152585,49499.277492081565
152586,48269.176744306715
152587,47205.75971611419
152588,45793.95631399013
152589,46915.09625376738
152590,48989.54667728344
152591,48719.556881296114
152592,48716.761706813224
152593,47244.003260611666
152594,44356.49778562983
152595,43715.48483717137
152596,42982.38995401057
152597,41889.09800265193
152598,40630.17210407566
152599,39666.33563058257
152600,38891.292557402594
152601,38352.50327480844
152602,38506.82233085373
152603,39139.80580296329
152604,39460.76822715876
152605,39901.54653555669
152606,40116.138397970775
152607,40819.75691751727
152608,41299.93613893052
152609,41664.920393836255
152610,43182.522398068526
152611,45038.780602535735
152612,46383.72378031694
152613,47290.09163652523
152614,47262.38914843183
152615,47599.75799954996
152616,48477.256482255485
152617,49139.52753694787
152618,49453.49827775524
152619,47633.50536227018
152620,46248.19563268413
152621,45215.25808170771
152622,44433.40850972676
152623,43275.2369194034
152624,43415.42868262908
152625,43508.760758633915
152626,43583.68195102513
152627,45038.679703578244
152628,48292.8439434209
152629,48968.44545839333
152630,50094.66607552406
152631,49869.51590905414
152632,48847.21059613832
152633,47772.7608919066
152634,46484.15518820238
152635,45514.899548697795
152636,45086.97875143031
152637,45610.627981736805
152638,47237.1365740366
152639,47052.87744525686
152640,46777.41992452523
152641,45354.40537311294
152642,44163.92388322332
152643,43969.875524967676
152644,43993.96447625924
152645,44083.89339308074
152646,43949.2404725191
152647,43461.3368716361
152648,42774.18893668812
152649,42970.83561606267
152650,43767.39474643052
152651,45478.4604926799
152652,47119.144437134164
152653,51269.219500030784
152654,54392.151562364306
152655,57196.0095386808
152656,58974.819727082366
152657,58587.34509847367
152658,58654.58280505868
152659,58223.25754242185
152660,58126.53311978838
152661,58877.26812501275
152662,59006.95261087463
152663,59576.1684586101
152664,59791.0785322857
152665,60030.39435283205
152666,60464.88210584083
152667,59924.09797646894
152668,59635.63246845289
152669,59229.423719341
152670,59064.633863515366
152671,58775.18811636243
152672,58393.091041043735
152673,57948.80102759374
152674,58313.80954670224
152675,59687.848732162
152676,62205.1971258789
152677,62746.667228885715
152678,63877.09281598679
152679,63583.365454113315
152680,61705.60807363186
152681,59198.60467940303
152682,56996.36082581052
152683,56260.15402448539
152684,54452.48061739254
152685,54728.469756460596
152686,57332.08465299929
152687,56500.47864326053
152688,55067.925390150835
152689,53418.889945827505
152690,50709.06342945407
152691,50185.70618813031
152692,49736.1274623115
152693,49172.03004643403
152694,48272.648516250134
152695,47892.920880421625
152696,47316.42602907858
152697,47328.198001470344
152698,47772.960607946
152699,49988.65751674825
152700,51582.95983740702
152701,54206.642441195254
152702,58347.490352471665
152703,61788.31934013343
152704,62896.300389111595
152705,63518.01381062835
152706,63635.45198673437
152707,63330.60692215945
152708,62605.713382096474
152709,62300.841803727584
152710,60977.608937046585
152711,61324.006578541776
152712,61455.3007727601
152713,61075.79085344689
152714,61708.68872329651
152715,61070.95238380478
152716,60608.89019614119
152717,60178.20134383991
152718,59809.92942592955
152719,59778.555090214824
152720,59488.14974036318
152721,60084.68350843439
152722,60673.29143192485
152723,62277.572069777656
152724,64374.541846038446
152725,64735.987333124314
152726,65391.19143496492
152727,64618.020429893266
152728,62587.69576001545
152729,60210.77947224105
152730,57598.08346874224
152731,56286.93289715112
152732,54570.20614770469
152733,55180.241507920786
152734,57248.192625113166
152735,56459.094677868765
152736,55861.151183472466
152737,54082.67643775408
152738,51004.44214352842
152739,50386.50628767951
152740,50247.919006478005
152741,49377.73476858629
152742,48480.81843636511
152743,47741.01430471289
152744,47069.18784174663
152745,47026.533744732274
152746,47411.20451025233
152747,49307.43444993841
152748,50517.11305621379
152749,53549.35938640367
152750,57012.97906069422
152751,60863.90509107296
152752,62176.64983434367
152753,62876.76299158531
152754,62431.87841031795
152755,61447.632683795724
152756,61242.05541578394
152757,60396.57350589953
152758,59702.985241756505
152759,59003.84780738958
152760,59206.19687749755
152761,58932.894764121906
152762,58594.07145835381
152763,57312.65413542915
152764,56976.989742407546
152765,56423.633947302966
152766,55652.37109278355
152767,55998.69129652441
152768,56411.43655491793
152769,56482.190421485655
152770,56832.877817612876
152771,59656.05148980576
152772,61813.14506138735
152773,62243.81909352489
152774,64138.19719807556
152775,63727.074682676066
152776,62444.18661957146
152777,59287.13238379792
152778,56338.60873557061
152779,55238.623055372715
152780,53950.67009317551
152781,55009.74188248205
152782,57328.34774534235
152783,57395.135878515146
152784,56661.28438394811
152785,55735.151631396766
152786,52517.20353760785
152787,52477.05364599563
152788,52516.69097591471
152789,51657.873493654515
152790,50130.2222394886
152791,49871.07442532692
152792,49028.59848350609
152793,48973.22123553041
152794,49732.55121891849
152795,52104.91726336354
152796,54249.24786486341
152797,58086.35962013455
152798,61637.98663685746
152799,64543.29226613903
152800,65079.97641830614
152801,64907.88342778545
152802,64369.96986662668
152803,63858.38571112186
152804,61693.66464947955
152805,60141.926160931645
152806,58914.03966886076
152807,58438.266940702146
152808,58322.62334253913
152809,57991.376895988054
152810,58137.80548933313
152811,56879.71408073013
152812,56578.0606576563
152813,55975.658054142674
152814,55193.20217377695
152815,55397.4233695222
152816,55705.84938411097
152817,56434.63465347594
152818,58019.74908807432
152819,60577.936517348055
152820,63609.55610256289
152821,65019.94074452054
152822,66080.8506474257
152823,65315.156922740876
152824,63264.84956579107
152825,61845.34843670604
152826,59255.77136043336
152827,58850.4688209102
152828,57365.09267165457
152829,57830.232888650535
152830,59922.62406340924
152831,59664.93885244159
152832,57937.7396139521
152833,56682.583780417364
152834,53563.98117055208
152835,53351.617716118315
152836,53127.73590255358
152837,52394.213062678515
152838,50855.82611485313
152839,50475.34438609051
152840,49726.826730606284
152841,49481.29742885821
152842,49855.23860608152
152843,51773.81934725501
152844,53935.789474351724
152845,58747.40872193567
152846,61378.32659160415
152847,63791.78402698895
152848,65368.563002478426
152849,65473.29191502134
152850,65029.45344247311
152851,64713.891759441336
152852,63671.809965100445
152853,62723.59090475298
152854,61510.1073348479
152855,60482.57154944443
152856,59711.97113455334
152857,59343.54061268442
152858,59010.31107290675
152859,56844.98665450742
152860,55712.47428494197
152861,55134.654736007906
152862,54134.69323849138
152863,54650.64059277445
152864,54866.16588899506
152865,55123.36111047793
152866,56135.409995321425
152867,59048.88708841119
152868,61942.97494562933
152869,62629.82875936215
152870,63687.27989469393
152871,63514.01747754809
152872,61464.11907874314
152873,59178.37017667584
152874,57092.930611067124
152875,56809.33498540874
152876,56156.789718831
152877,56395.01166228359
152878,58642.71714930066
152879,57935.06518427965
152880,57185.82931663307
152881,55919.07380005289
152882,52885.02409894665
152883,52248.95519058417
152884,51880.2453531715
152885,50984.00500985182
152886,48236.59241575686
152887,47316.50936746332
152888,46299.54157148203
152889,45973.92097461379
152890,46077.58843490148
152891,46720.096731235164
152892,47114.81937414125
152893,48846.62272426758
152894,51451.2435629971
152895,53853.89741110168
152896,54042.94364928608
152897,54842.36025341076
152898,55692.447999541306
152899,56533.901917483265
152900,56281.61436520985
152901,57166.61226480014
152902,56611.580720877086
152903,56333.66326195481
152904,56872.188012111306
152905,57255.23430122603
152906,57715.41371257497
152907,56244.30513661512
152908,53844.03318430111
152909,53305.27433728775
152910,52212.271950605325
152911,52432.87842662135
152912,53180.12413334891
152913,53770.457143689106
152914,55198.273184345184
152915,57074.86803239935
152916,59547.435081640055
152917,60115.08691217074
152918,61219.504789926716
152919,60740.47420258208
152920,59076.448237204284
152921,57150.515033826116
152922,56305.048855415924
152923,55311.513572673764
152924,54427.761655127775
152925,54828.826875405735
152926,57116.97522131874
152927,56536.18703140411
152928,57747.62040724303
152929,56534.48018086635
152930,53856.22033966277
152931,53545.77427672851
152932,53115.204932687164
152933,52377.483248126795
152934,49835.92632090634
152935,48966.6068887172
152936,47596.18799146195
152937,47276.64048022937
152938,47154.83609158226
152939,47590.54062210145
152940,47719.052855545124
152941,48615.39114834992
152942,49288.96230196335
152943,50148.7720785364
152944,49801.83782278693
152945,50363.18241460435
152946,51470.60371086815
152947,52646.98657288305
152948,53586.54089200625
152949,54754.35788859674
152950,55035.53428689068
152951,55715.355196641874
152952,57250.84063930601
152953,57911.70384379889
152954,58124.4800691551
152955,56092.550193438845
152956,53568.7296503685
152957,52247.33954217438
152958,51517.06310960169
152959,50443.77668921634
152960,50119.14530518554
152961,50785.288551963546
152962,50888.40529700322
152963,51992.90444642024
152964,55015.54475763507
152965,55831.67409546154
152966,57355.646813338964
152967,56908.5032871211
152968,55970.19143893403
152969,53895.35138705693
152970,52181.382478024556
152971,50975.38256781132
152972,49837.63468381652
152973,50178.57268277524
152974,52379.11734989938
152975,51800.307966896034
152976,52825.23913933887
152977,51233.388161751835
152978,49638.262384222166
152979,49535.92413211301
152980,48911.14922128695
152981,48096.29241560194
152982,46317.66187639933
152983,45602.54714828848
152984,44713.11415361982
152985,43898.13540072604
152986,44058.57407693917
152987,45581.015607171
152988,48059.091760909665
152989,51890.043605523155
152990,54354.26310491559
152991,56326.972278119385
152992,57873.407391885776
152993,59422.488630480446
152994,59147.1442921266
152995,60032.707965153255
152996,59119.3496214106
152997,58603.45548857567
152998,57862.27331885156
152999,57639.73961155412
153000,57465.5511033374
153001,57209.653467947384
153002,57628.47778537543
153003,56810.09688754579
153004,56043.488057905466
153005,55388.10989535038
153006,54925.84753603646
153007,54424.119374219415
153008,54217.26279796004
153009,53215.18699415596
153010,54260.7177679274
153011,56402.445796018714
153012,59129.22463582681
153013,60334.84078014976
153014,62003.76896414567
153015,61872.97596007584
153016,60304.51179372289
153017,57162.414548670175
153018,55692.71084006828
153019,54262.73241455734
153020,52864.000900525985
153021,53709.35600332363
153022,56462.89987916036
153023,56184.7898229146
153024,56158.60793012462
153025,54746.736765250185
153026,52876.65914364302
153027,53092.86097744922
153028,53007.60693118334
153029,51727.262332848586
153030,50864.37276469789
153031,50368.9052554155
153032,49705.45789195638
153033,49575.64959412966
153034,49832.019534786356
153035,52286.56009690551
153036,54138.88324085891
153037,58098.443265950176
153038,61248.249482453626
153039,64192.88953908007
153040,65865.32797866696
153041,65165.11854448605
153042,64791.70630786233
153043,63483.76061302207
153044,61994.48795053749
153045,60710.01473609102
153046,60607.60386353563
153047,59715.273411799986
153048,59142.509502362445
153049,58614.09313469873
153050,58685.037868023326
153051,57725.48048145522
153052,56617.43858232504
153053,56069.519705903076
153054,55161.92856168588
153055,54872.34585753786
153056,55630.955263107026
153057,56341.733642886495
153058,56649.18846112326
153059,59857.614320400426
153060,62838.831433263396
153061,63751.73289277525
153062,64875.38154066606
153063,64599.939654132046
153064,62530.22843800648
153065,59953.030210316465
153066,57630.014161841755
153067,56492.116702056876
153068,54808.30521422945
153069,54847.44215701039
153070,56854.96881149188
153071,55839.77287709659
153072,57067.285689487726
153073,55743.37504256272
153074,54226.46875507222
153075,54124.59555127782
153076,53919.68061682694
153077,53462.356470553925
153078,52017.034491591745
153079,52095.16146917996
153080,51451.75765160031
153081,51548.40322846745
153082,51919.453978236095
153083,54020.21340008275
153084,55954.963026423306
153085,61304.78536659944
153086,64279.078495412105
153087,66998.59938287883
153088,68793.18224501859
153089,69112.09427929245
153090,68600.69055851887
153091,68521.71419669165
153092,67547.99284053945
153093,66935.79374860306
153094,66969.59189428216
153095,66796.3610862139
153096,67205.71441229667
153097,66584.74950086972
153098,66238.89656770506
153099,65118.917484045625
153100,64166.69390439914
153101,63742.46132999262
153102,62619.51965300251
153103,62278.293624442806
153104,63479.305990886125
153105,63632.678605455534
153106,64390.33095747478
153107,66755.36291334464
153108,69426.8145402012
153109,71173.306392693
153110,72459.62846255625
153111,72087.67839861797
153112,69710.11298594614
153113,67447.45105036737
153114,65057.59946103238
153115,63637.830083868044
153116,62122.29779816799
153117,62346.44894238157
153118,64382.83949130941
153119,63766.67746151735
153120,62414.83984161481
153121,61045.46522975134
153122,58865.080034313134
153123,58360.352325083135
153124,57340.06289503232
153125,56306.97532330639
153126,54925.52005863916
153127,54382.85339550094
153128,53697.301536461666
153129,53910.87906420619
153130,54389.98898515765
153131,56087.844470659016
153132,56695.75815151156
153133,61339.20466085713
153134,64741.83633740932
153135,67452.42935365638
153136,69186.53040535306
153137,69792.3432871131
153138,68661.12020591268
153139,68425.8076975448
153140,67183.42095758002
153141,66232.79401598079
153142,66470.15503938116
153143,66580.12438211423
153144,66547.62550401808
153145,66652.327667229
153146,66727.6865106921
153147,65913.4052359313
153148,65616.87649500869
153149,65280.66133678202
153150,63814.49263178625
153151,63398.4026866209
153152,63103.195122193436
153153,62998.77611147917
153154,63219.423746095345
153155,64108.62520792549
153156,65955.29588701687
153157,67640.47052144019
153158,68992.92345649222
153159,68503.48453739591
153160,66642.1251532483
153161,64867.62600101129
153162,62508.806159827385
153163,60245.02986688231
153164,58476.255953815256
153165,58649.30302885425
153166,61336.75629293907
153167,60604.40584487548
153168,58652.51993689437
153169,57749.38774885862
153170,55797.02951406073
153171,55663.530993835884
153172,55629.72649298
153173,54805.97116996284
153174,53798.366588634606
153175,52878.801570464035
153176,52221.397083677
153177,51777.452205448506
153178,52094.62906931954
153179,54623.76165894722
153180,55146.82967581899
153181,59667.95293483682
153182,62901.00937136749
153183,66398.96892390115
153184,67975.68003200393
153185,68139.59156396761
153186,67271.70075547541
153187,66265.13095936837
153188,64355.55617098312
153189,63808.97737248469
153190,62237.51690542274
153191,61300.06268585227
153192,60757.52065165703
153193,60417.98254560567
153194,60231.27638509322
153195,58902.969428158445
153196,58045.74110506408
153197,58119.96351323826
153198,56505.67736371738
153199,56450.09898853724
153200,55794.83215219478
153201,54992.33805544072
153202,55795.78195835891
153203,57945.515262488334
153204,60751.39791775707
153205,61609.50479216627
153206,62616.20221976552
153207,62529.53389886228
153208,60763.57940327466
153209,58572.70823736021
153210,56581.63474421164
153211,55180.01276660088
153212,54296.15283445655
153213,54352.83776111681
153214,56619.047348669665
153215,55967.39257205953
153216,55576.633529987725
153217,54293.142637089564
153218,51351.018121725734
153219,51473.38954147023
153220,51680.20301273093
153221,50328.67649039453
153222,47950.586986502945
153223,47069.44610508938
153224,46182.418457628075
153225,45870.99223546157
153226,45741.61634330512
153227,46528.72643244229
153228,46802.74315927914
153229,48279.53405704326
153230,51043.63755261092
153231,52230.01765134357
153232,52525.952079091665
153233,53147.0261350946
153234,53779.32003854637
153235,54598.36003843434
153236,54376.02790895988
153237,52987.89691976843
153238,52522.15026876271
153239,52968.506858489214
153240,53594.49974325063
153241,54876.385702777734
153242,55341.51404830719
153243,54542.88002138313
153244,54349.64730661999
153245,53734.8870361355
153246,53652.50312030525
153247,53353.3582574945
153248,52872.68605223915
153249,52308.91282796639
153250,53025.01560059307
153251,55067.23822411909
153252,56763.97603243109
153253,56843.175992663535
153254,57660.792681275634
153255,57002.248281451146
153256,55401.75590999126
153257,53519.07329590754
153258,51590.27974045841
153259,50153.937276110584
153260,49137.9722926797
153261,49199.1361091602
153262,51378.485236949455
153263,50673.38949014986
153264,51417.56287001821
153265,51059.091002961
153266,48571.166370323175
153267,48394.93112823309
153268,47946.86713922511
153269,47258.9861253172
153270,45096.110679854006
153271,44205.88958082295
153272,43035.6613744069
153273,42611.531749031245
153274,42792.68062155084
153275,43368.93364629657
153276,44008.890370825546
153277,44603.28215497131
153278,45796.678443398996
153279,46282.78227765854
153280,46412.090485111294
153281,48205.21683763852
153282,49483.34151633755
153283,50536.64175516424
153284,50606.74355876005
153285,50668.68719088368
153286,50998.617306109976
153287,52069.38893396854
153288,53206.08378106081
153289,54252.66688440019
153290,54621.99693276442
153291,53549.11653701252
153292,52790.46041397136
153293,51629.13967465614
153294,51458.31594177827
153295,51361.00611236393
153296,51354.36003320239
153297,51840.79560812329
153298,52513.331894028335
153299,54762.32127281138
153300,56260.71156187136
153301,58557.6188337784
153302,60453.24886880113
153303,60302.523064425084
153304,59399.52413971732
153305,58626.036600817315
153306,57539.895834798066
153307,57080.867700837945
153308,55996.033667653486
153309,56306.64001741768
153310,58247.66362404462
153311,57277.98885890903
153312,58652.536735855705
153313,58063.75860442684
153314,54786.731835736064
153315,54927.46285765414
153316,54968.5252951209
153317,53817.85520662388
153318,52464.926628566485
153319,51934.22672354714
153320,51136.45877633853
153321,51162.053142153556
153322,51576.374963143855
153323,53251.001821793616
153324,54957.534893316435
153325,59120.366745859
153326,63407.29860068624
153327,67206.70192291321
153328,68715.94658453732
153329,68989.32306949142
153330,69181.73605316985
153331,69012.04076749262
153332,68482.04995322181
153333,67886.15096733661
153334,67407.67605002748
153335,66431.0465683576
153336,66087.14139913402
153337,66122.36895299482
153338,66102.42119965023
153339,65289.41590807284
153340,64680.04094055818
153341,64420.66741622353
153342,63936.58017774212
153343,64338.119293613185
153344,65610.06789030888
153345,66425.03305963782
153346,67467.97277423288
153347,70321.71907533026
153348,71784.79042754031
153349,73037.96848455713
153350,74543.37532358935
153351,73337.0260301247
153352,70813.1401075989
153353,68804.20479040765
153354,66005.94951736575
153355,64727.57050145842
153356,63150.25069403248
153357,63103.12686902091
153358,64616.71876529259
153359,63394.038095272816
153360,62281.559042033616
153361,60223.486149630626
153362,56636.15704998735
153363,56228.89058195407
153364,55153.1176606897
153365,54240.409794317224
153366,52181.742546764144
153367,51530.04949395276
153368,50388.265087013344
153369,50117.7780988276
153370,50291.03839594138
153371,51914.20007015321
153372,52389.364071195436
153373,56839.20382890913
153374,60243.28232453295
153375,63223.06935229812
153376,64541.891067324104
153377,65463.06981767033
153378,64778.01240319273
153379,64267.36151444988
153380,63140.05451888581
153381,61941.84655325573
153382,61180.816832077646
153383,60862.72011389969
153384,60978.23646666642
153385,60408.7259454467
153386,59700.90728720326
153387,58089.236782326494
153388,57235.26977124858
153389,56532.4102476516
153390,55465.757587028704
153391,55099.96884516736
153392,54785.181284224396
153393,54386.60605848679
153394,54781.66229693699
153395,56949.07708549628
153396,59803.763894075106
153397,60665.557310165816
153398,61843.505172622725
153399,60835.984702668065
153400,58619.557628756564
153401,56679.18896210786
153402,54306.21107599674
153403,52483.37738908165
153404,50518.62972967499
153405,50446.12301747802
153406,52253.95644174438
153407,51536.764374010454
153408,51781.116071402495
153409,50021.994127015976
153410,47406.26642797982
153411,46974.544923841095
153412,46685.98450112151
153413,45991.695806341464
153414,44340.58920944613
153415,43693.01609948872
153416,43013.99641189009
153417,42400.1947529681
153418,42672.69856429505
153419,44111.432045765694
153420,46390.8382505518
153421,48485.23435996165
153422,52968.48902997812
153423,55880.218361833555
153424,57319.394528206554
153425,58393.912339422124
153426,58229.34008920046
153427,58516.19301515433
153428,58086.88971777977
153429,57555.86173722046
153430,57335.05393321492
153431,56607.1783592444
153432,57121.15873768687
153433,56990.854674071554
153434,57382.29672210854
153435,55857.12469546938
153436,55548.558358080285
153437,55508.27152692308
153438,55512.48587682312
153439,55574.4891841038
153440,56274.038549075936
153441,56077.41969882217
153442,57379.641990059456
153443,60454.643236792406
153444,62803.90025526294
153445,64402.88970091927
153446,65901.12116961431
153447,65413.55623278917
153448,63938.203814739136
153449,62038.27700244848
153450,60157.59195790205
153451,58719.2220697597
153452,56766.141641645874
153453,57551.46370877157
153454,59245.91909150686
153455,58048.65788580648
153456,58500.91564806707
153457,56947.34577828057
153458,54613.97047833088
153459,54742.77827726281
153460,54476.152167880995
153461,53763.82449436864
153462,52852.306924478784
153463,52002.665466385755
153464,50386.267163860626
153465,49741.365414393906
153466,49793.854045298736
153467,52004.63930659615
153468,54100.35528363138
153469,58785.31663813798
153470,61426.86733109509
153471,63849.83884166739
153472,66687.15097881864
153473,66362.98755716352
153474,66379.91399462776
153475,66129.54155528583
153476,65806.01003604378
153477,64461.599263657045
153478,63634.645003757156
153479,62938.37300455131
153480,62597.20625435057
153481,62551.94635518803
153482,63208.01588365481
153483,62571.840678730034
153484,61402.22411154628
153485,61887.09272221873
153486,61856.89748491597
153487,62476.916687694385
153488,62703.07866848221
153489,63713.894476405345
153490,65481.26512612779
153491,68125.10664251818
153492,71028.46105256624
153493,71939.65444247093
153494,73081.82144118987
153495,72595.15511955705
153496,71008.89064012043
153497,69192.56445454781
153498,66793.1053050828
153499,65798.96943908025
153500,64774.56280446508
153501,65763.9003204896
153502,67595.2421729049
153503,66570.8921965341
153504,65821.40845546607
153505,64477.14009408271
153506,61787.38112304319
153507,62609.28732171713
153508,61997.96592132567
153509,60896.806144306305
153510,59203.00504411975
153511,57916.0521144783
153512,56839.65089122976
153513,56395.86310662953
153514,56083.03035967707
153515,57375.843387839464
153516,58460.92200054318
153517,62657.359671624276
153518,66091.92250772801
153519,68667.58418147487
153520,69291.12646636422
153521,69138.58739062873
153522,67891.8548369236
153523,68112.39216246335
153524,67321.97516629501
153525,66477.93348868877
153526,65984.70907918733
153527,65096.74762411856
153528,65045.04952393955
153529,64821.50701753776
153530,64445.8193514093
153531,62814.19281819193
153532,61354.93481016403
153533,60311.98155399162
153534,59344.12163969046
153535,58943.11846563928
153536,58744.65749863144
153537,57706.25031576225
153538,58245.57535514441
153539,59887.62744419805
153540,61429.39379851493
153541,61913.3248224324
153542,62079.84956406862
153543,61510.19858086058
153544,59731.13017919947
153545,57477.32969485784
153546,54365.35996547228
153547,52256.2686569392
153548,50387.768683345086
153549,50465.37182590966
153550,52684.319364535375
153551,51928.63360555863
153552,51811.595156182346
153553,49605.69056781532
153554,46947.27974765751
153555,46544.455697402394
153556,46291.16422234737
153557,45949.1361270786
153558,44298.57468545217
153559,42946.527327027645
153560,41588.31385120447
153561,41344.95228814159
153562,41337.83740424683
153563,42127.37083650627
153564,42650.26106803798
153565,43001.933576424424
153566,43557.34177821643
153567,45147.577096426045
153568,45809.64823968442
153569,46476.23845937655
153570,47634.27854201376
153571,49331.003429871846
153572,48450.88661616753
153573,49701.20998716795
153574,49663.48771144384
153575,50144.66463313861
153576,51212.10405901354
153577,51426.459303778654
153578,51934.6270028429
153579,50006.91790562023
153580,47796.59604178291
153581,47714.48995249341
153582,46818.04554689204
153583,47040.68641915948
153584,47580.28442334023
153585,47909.88582743352
153586,48822.338648284225
153587,51806.204129971804
153588,53917.42472736654
153589,54749.48838499767
153590,56524.931982590395
153591,56340.27148255672
153592,55738.76868882495
153593,54377.693883574306
153594,53338.21157778944
153595,52098.62487513173
153596,51334.59105500771
153597,52392.31839062835
153598,54886.637628639786
153599,54405.46464399361
153600,55108.038523100404
153601,53889.85088621796
153602,51322.42254117833
153603,50848.61375705162
153604,50459.802806845706
153605,50006.56230170053
153606,47844.39890575705
153607,47189.85147801167
153608,46483.06364317249
153609,46551.39100929462
153610,47378.833661537195
153611,47985.810516720834
153612,48363.2000506018
153613,49035.326458348034
153614,49428.690338956825
153615,50314.45414702201
153616,49788.718538665
153617,50160.22666452246
153618,51931.78865404018
153619,53066.713516955795
153620,53568.361573968556
153621,54566.99770256332
153622,54814.407504129675
153623,55261.15344930768
153624,56266.4566504346
153625,57327.714840771696
153626,57760.33122241018
153627,56712.85280348697
153628,55367.81408154407
153629,53637.59672282934
153630,53856.67733321136
153631,53497.3277439349
153632,53984.53749731744
153633,54159.31874032645
153634,54817.959585413664
153635,56744.818969887696
153636,58272.53253602754
153637,59957.99345415724
153638,60790.36534861448
153639,60777.15938966993
153640,60252.26762589833
153641,59336.36973060486
153642,58121.092688857614
153643,57301.61764785347
153644,56242.66158895439
153645,56698.87248643632
153646,58557.39671402841
153647,58041.13097534031
153648,59142.44899866125
153649,58314.1529152146
153650,56509.08658510119
153651,56540.94174287673
153652,56799.46575933319
153653,56863.57233098389
153654,55562.07514018262
153655,54722.30592303465
153656,54386.63119273716
153657,54635.36354547961
153658,54972.06514752045
153659,57089.18559197413
153660,58812.0078724598
153661,63872.87012550491
153662,66193.05154573976
153663,68995.76712801197
153664,71388.98769642315
153665,71686.87086705634
153666,71744.19844660547
153667,71415.0902428842
153668,70678.77788674843
153669,70048.04488827633
153670,68945.08524430881
153671,67782.72813730084
153672,67594.51446451157
153673,67341.85243265286
153674,67020.3878450686
153675,65615.10071044244
153676,64389.990707326964
153677,63764.85819148571
153678,62898.92756231388
153679,62630.86477143508
153680,62244.34526866737
153681,61284.76737732232
153682,60915.33862097116
153683,62629.05990670467
153684,64104.76995429298
153685,64589.838241564554
153686,65577.57905160791
153687,64748.12794896259
153688,62914.490257557205
153689,59967.90106526566
153690,57295.00909343759
153691,55766.85583348479
153692,54171.38848354689
153693,54925.24215104966
153694,57036.61439904127
153695,56335.91316883615
153696,56844.38660093646
153697,56273.401673507295
153698,54984.63947218171
153699,55890.357421500106
153700,56412.92762672394
153701,56009.626839495715
153702,55364.715669228586
153703,54755.13915193022
153704,54934.34252877785
153705,54629.52511648861
153706,55406.66988030471
153707,58536.69137918498
153708,60290.579464601935
153709,63695.57987371693
153710,65613.3272448439
153711,67701.17484514024
153712,69097.06956867693
153713,69210.62997054991
153714,67865.24392642808
153715,68143.9268573079
153716,67213.55666733597
153717,67027.77695322756
153718,65485.90189535652
153719,64710.30846348981
153720,64473.7382006455
153721,64045.04789519518
153722,63445.54670205465
153723,61869.54035072681
153724,60769.40904972845
153725,60735.8441646433
153726,60193.08653024516
153727,59900.9321868451
153728,59936.20740503546
153729,59890.18074912866
153730,60513.61700654723
153731,61612.448043652
153732,62397.320762025665
153733,63200.06960946291
153734,64186.06223060008
153735,63505.9247436805
153736,61629.27597380792
153737,59228.11452817907
153738,56404.677997301435
153739,54835.297524039444
153740,53842.66748485118
153741,54495.79631075081
153742,56782.58629524581
153743,56522.916210819254
153744,57344.76181471661
153745,55856.727827058785
153746,54143.43290146192
153747,54266.235371170114
153748,54556.02569864376
153749,55346.55025212307
153750,53890.552421459666
153751,53307.673962738045
153752,53114.994133777
153753,53389.449844064344
153754,53556.398024727816
153755,55798.14097101496
153756,57875.27956207147
153757,61281.35720133764
153758,64046.598205918475
153759,66339.14869166377
153760,68516.09308941779
153761,69103.06912593503
153762,69271.73402199791
153763,69434.83585026568
153764,68563.69334804914
153765,68551.95858669317
153766,68066.85870889739
153767,67868.44806702346
153768,68078.51542452346
153769,67722.91522075227
153770,68153.44673902701
153771,67661.88679543966
153772,67783.65584375773
153773,68231.1528055131
153774,67460.35301694983
153775,67602.90600654387
153776,67961.106322331
153777,68545.34393489071
153778,69330.81802773243
153779,71208.63867294368
153780,72985.15337541436
153781,73723.4200492269
153782,75423.15392686814
153783,74772.04582611215
153784,72791.79166188324
153785,70060.1209013228
153786,67863.2850194095
153787,65910.01514821393
153788,65110.87586634624
153789,65467.33480329534
153790,67399.58523062096
153791,66587.02428612272
153792,65259.933165847
153793,64107.151004044455
153794,61144.539849676265
153795,60781.67444290603
153796,60356.893094016676
153797,60590.30534659436
153798,58646.11838250586
153799,57535.71648942125
153800,56626.40443063067
153801,56336.53041734398
153802,56472.26739058741
153803,58609.69256461904
153804,60084.24202220163
153805,64536.977960210585
153806,67513.97621755197
153807,70222.37016978874
153808,72097.93333977675
153809,72365.31518121067
153810,71599.19483600905
153811,71340.81686250026
153812,70926.67118221149
153813,69581.0332525662
153814,69307.32144367578
153815,68864.60965698962
153816,68584.03106086863
153817,68514.56697219364
153818,68613.28702721531
153819,67571.09868058609
153820,66774.37267945438
153821,66897.47934623355
153822,65958.7551509372
153823,65267.12779980148
153824,65337.99264413515
153825,65244.1255096033
153826,65951.58782325329
153827,67772.92344884272
153828,68958.29147760374
153829,69224.56934148529
153830,69488.17186318323
153831,68771.11419305188
153832,66191.34334550529
153833,63569.530903411505
153834,60830.348878615834
153835,58255.43898126265
153836,56682.98157654817
153837,56200.484793393625
153838,57625.06914133707
153839,56338.912838064316
153840,56799.511259661376
153841,55143.73167911854
153842,52917.2165233689
153843,52985.351879511254
153844,52716.18658250934
153845,52194.945933076015
153846,50558.50701193126
153847,49194.089415191935
153848,48154.71111972566
153849,47669.633824438264
153850,47657.34556819598
153851,49506.04466855191
153852,51112.24452327509
153853,53549.11228014249
153854,56480.37570923511
153855,59828.97103512318
153856,61284.976416686695
153857,61602.69779025817
153858,61507.985982779035
153859,61535.468011679455
153860,61680.05029627838
153861,61993.32111845303
153862,61242.91318199714
153863,61127.841921883504
153864,61699.296206047205
153865,61373.14394173008
153866,60966.29546155258
153867,59947.03653912355
153868,58745.28461854359
153869,57965.31026265371
153870,57089.26008676441
153871,56703.60211916914
153872,57015.23097210938
153873,57237.42969396376
153874,58248.410448076385
153875,60159.52477315709
153876,61452.258219508156
153877,62455.93515415784
153878,63375.89850171991
153879,62856.94773928912
153880,61365.11272396094
153881,58564.46299723522
153882,55874.70412401304
153883,54196.08699843785
153884,53096.90690063904
153885,53550.99423101136
153886,55910.00925953275
153887,55398.589001735614
153888,56977.08087472958
153889,55893.417898869535
153890,53935.56010986306
153891,53739.6316351395
153892,54412.23095613941
153893,54226.720144522085
153894,52241.84349595544
153895,51524.78276488348
153896,51070.050567198836
153897,51320.325669883925
153898,51289.84410128006
153899,52397.68371469215
153900,52853.52610271399
153901,54413.85253438599
153902,56332.96537831421
153903,58263.12904094091
153904,59874.851378875945
153905,60395.061636754515
153906,61482.66339694715
153907,62112.01909509349
153908,62448.29648297447
153909,62962.52513329449
153910,62479.564886569795
153911,62876.23392557549
153912,62980.09660289029
153913,63454.37420700999
153914,63686.27784067604
153915,61994.23669409038
153916,59927.20647349541
153917,59073.53027504001
153918,58284.75539066038
153919,58112.50313246925
153920,58321.67933487019
153921,58453.295719946196
153922,59268.46139916194
153923,61670.71878179126
153924,62887.90164545966
153925,63527.420726141034
153926,64306.87485135141
153927,63434.122209570676
153928,62233.63692237532
153929,60732.18755781967
153930,59251.06118093239
153931,58119.337989081534
153932,57564.305926923924
153933,58258.298025957316
153934,60823.40288169394
153935,60370.479554890444
153936,60423.21836496827
153937,58870.61241342071
153938,55803.66299587761
153939,55850.64263600041
153940,55048.22966870792
153941,54373.48551453048
153942,52404.66768616825
153943,51158.25769083011
153944,49533.26754127706
153945,49153.893793661795
153946,48860.24348325564
153947,49017.9578075769
153948,49303.15258043953
153949,49727.19790943638
153950,50358.070607700385
153951,52032.237422523234
153952,52404.93373680073
153953,53198.20402358924
153954,54087.45158245798
153955,55891.1016669736
153956,56461.761214639526
153957,57582.156921438924
153958,57892.866956338105
153959,58428.73008299113
153960,59517.80234116209
153961,60165.74470217895
153962,60739.89479368235
153963,58731.71971725633
153964,56242.367273197815
153965,54884.3504891131
153966,53828.521469778076
153967,54286.26048515326
153968,54354.34897957842
153969,54533.096533957374
153970,55271.56791749898
153971,57956.08926216441
153972,60240.20577282841
153973,61395.05608858079
153974,62496.035052084684
153975,62933.15686859762
153976,62160.30588166479
153977,60686.54668046147
153978,59044.92464427853
153979,58140.02679084348
153980,57419.01644261778
153981,57625.012843897806
153982,59450.4611663961
153983,58812.36769647573
153984,59073.70352507302
153985,57762.84589701484
153986,55965.560181956535
153987,55902.15470993498
153988,55552.24740398753
153989,55206.71290741244
153990,54277.329042789956
153991,53737.03750398795
153992,52734.83329231052
153993,52625.38192816509
153994,53101.38080842046
153995,55337.28583287508
153996,56796.8043962543
153997,60889.064327718974
153998,62936.4138181247
153999,66938.33684126673
154000,68786.72372631352
154001,69425.88508490492
154002,69383.65444281748
154003,69812.76732316571
154004,69872.72748711317
154005,69385.37640469012
154006,68970.28798965787
154007,68892.41018504693
154008,69029.34522133852
154009,68731.20342583989
154010,68256.05951926179
154011,66682.93149029507
154012,65510.291193093326
154013,64804.1917972975
154014,64100.09277932665
154015,64452.55083221934
154016,64837.93252867834
154017,65512.890406825616
154018,66758.65503671617
154019,68980.03549599562
154020,71385.65557623062
154021,72261.07775061722
154022,73693.20096086066
154023,73115.09067700614
154024,71777.28246822944
154025,68957.16547290797
154026,66367.2197068076
154027,64519.94874176249
154028,63202.96227125651
154029,63673.673633479
154030,66247.5303724348
154031,65687.53632396662
154032,65373.02566991304
154033,63873.296616287036
154034,61469.47619158489
154035,61393.75679361391
154036,61308.678952359
154037,60968.15513140634
154038,59302.53795620321
154039,58433.54012723329
154040,57832.77841042852
154041,57511.597131128074
154042,57647.61556633251
154043,59616.26980651942
154044,61065.052362757815
154045,65562.45794184333
154046,67933.40259374381
154047,71411.84982770933
154048,73078.58447665811
154049,73630.83602500499
154050,73299.90608355009
154051,73276.13227113876
154052,72861.59670047264
154053,72095.94547197943
154054,71534.789181456
154055,70874.36729072864
154056,70488.21432171202
154057,69993.08141580898
154058,69861.92459786803
154059,68758.34297557359
154060,68003.49696843441
154061,67788.64987304804
154062,67310.09161386304
154063,67155.01888534252
154064,67164.96687195184
154065,66967.37447253813
154066,68103.75017781083
154067,69909.97848469981
154068,71617.7820690553
154069,72880.46678573002
154070,74549.1231264121
154071,73588.51439233674
154072,71823.96029611613
154073,68930.7469934167
154074,66291.86280762946
154075,64458.77310902077
154076,62841.59486228496
154077,63020.52481286876
154078,64766.96121901247
154079,63830.66417430846
154080,64539.409972207104
154081,62837.90423101747
154082,60246.46333502167
154083,59934.116650056756
154084,60005.06478015281
154085,59588.80427622585
154086,57947.37125535438
154087,56937.4228604707
154088,56155.86759144463
154089,55805.32304560993
154090,55868.89553208701
154091,57729.739560884394
154092,59782.947127953084
154093,63470.594001043835
154094,66009.54995607141
154095,68480.49648773466
154096,70878.17545081905
154097,71551.17595345233
154098,71615.13946591604
154099,71309.20353511012
154100,70853.56205078315
154101,70882.06230189305
154102,70005.69950994643
154103,70027.439154595
154104,70168.50139014705
154105,70150.50757259573
154106,70155.57792502927
154107,69064.07894132163
154108,68373.13895697136
154109,68126.70629770994
154110,67632.03255229427
154111,67210.6290366797
154112,67312.14667289236
154113,67173.883263998
154114,67602.96221756366
154115,70021.73513577657
154116,71561.29853822538
154117,72625.040399538
154118,73891.49698971008
154119,73146.52877988356
154120,71707.50385113069
154121,68260.97032003388
154122,65277.26489444432
154123,63785.66747182285
154124,62303.4274396672
154125,62546.32212442663
154126,64391.057489366605
154127,63494.361041100536
154128,64491.122907077704
154129,62596.64617826133
154130,59730.953658452105
154131,59033.33870453172
154132,58704.21877367417
154133,57980.434163631486
154134,56495.29040382517
154135,55460.78396187423
154136,54688.235798980204
154137,54481.1042626463
154138,54546.37132015889
154139,57050.96872798555
154140,58627.790238124384
154141,62710.50184543251
154142,65478.00102070797
154143,67926.57913971397
154144,70199.43159254681
154145,70764.95179304422
154146,70434.58140937587
154147,70518.06687559128
154148,70414.85050028298
154149,70066.3330988909
154150,69871.4334047175
154151,69316.37425057092
154152,69469.18971631753
154153,68919.55586564439
154154,68767.22991578322
154155,67148.00211846846
154156,66013.88281330175
154157,65002.30012004724
154158,64400.855405081056
154159,64053.693481687274
154160,64031.604535774124
154161,64289.47131149391
154162,65239.85828927931
154163,67659.21964127975
154164,69666.45058147302
154165,70375.84071331717
154166,71439.48124134449
154167,70431.03298245398
154168,68467.17996350575
154169,64838.10276748912
154170,61637.53979860893
154171,60528.33385758529
154172,59290.44730477495
154173,59697.737719567565
154174,62062.84924897644
154175,61390.74754158134
154176,61284.68617214303
154177,59549.19805168369
154178,57235.84335331793
154179,56993.02072380214
154180,56829.40627453544
154181,55957.13189861051
154182,54206.44817933213
154183,53463.74025922358
154184,52788.03938738898
154185,52529.65640507824
154186,53232.31048955298
154187,55467.81342804151
154188,56874.95620713558
154189,59854.393241248246
154190,61814.31168402368
154191,64357.74917111095
154192,66575.59727084261
154193,66811.76472436638
154194,66402.41662714763
154195,65679.32697714696
154196,64976.44024797858
154197,64807.44629680155
154198,64357.81457004689
154199,64207.601098927116
154200,63724.871966302504
154201,63637.422093931316
154202,63518.84784746192
154203,62093.21871563372
154204,61118.0088749649
154205,60213.70705980446
154206,60063.8939085391
154207,59612.65722539927
154208,58974.593908817216
154209,59071.324927308844
154210,59194.4441329343
154211,61432.19236832862
154212,63329.41963918239
154213,63249.760572325824
154214,64351.44042952318
154215,63692.238223115564
154216,62526.53704435173
154217,59601.752663643034
154218,57224.40241806276
154219,57088.280823475405
154220,56458.33515632879
154221,58102.85763583165
154222,60386.37040091121
154223,60262.909495172025
154224,57998.2125258379
154225,57013.6221919373
154226,54463.77644065547
154227,54209.42776195486
154228,53951.35686731773
154229,53718.4287141821
154230,51561.13694165301
154231,50874.39849487737
154232,50021.32545304312
154233,49828.5917314719
154234,49598.28612574322
154235,50784.3310080184
154236,50958.81259413004
154237,52357.884688327256
154238,53794.410087770724
154239,55259.92917854289
154240,55508.78193755946
154241,55964.36593755687
154242,57207.01830842094
154243,58453.931993298145
154244,57214.78726233962
154245,58004.03903322885
154246,57728.271815977845
154247,57416.88567941748
154248,57871.87608291657
154249,58478.95218233758
154250,58906.06249688177
154251,57161.142915081735
154252,54736.7881153804
154253,54335.24723952095
154254,53928.88790111764
154255,53784.5827614575
154256,54188.58005807508
154257,54387.77031325878
154258,55706.46911183296
154259,57588.1731915379
154260,59161.95337629217
154261,59504.23524065374
154262,61421.25715033649
154263,61905.533574593384
154264,61569.23170653178
154265,60477.438964968096
154266,59366.389141950865
154267,58353.39633186291
154268,57893.85285639311
154269,58533.50382723863
154270,61001.76606977891
154271,60211.064298881036
154272,59953.59384803111
154273,59113.95542586615
154274,56519.70227889579
154275,56538.692312364015
154276,56262.99230561998
154277,56078.31788622523
154278,53235.51568036938
154279,52320.29701480318
154280,50990.00624656454
154281,50720.899728669174
154282,50502.28293294536
154283,50809.329691546314
154284,50929.56932932192
154285,52316.900588976474
154286,52904.47584651702
154287,53327.84518135216
154288,53898.621794104416
154289,55052.51054064813
154290,56387.447143623765
154291,57128.96413695256
154292,57695.99937883887
154293,58622.99236093624
154294,58560.58782252432
154295,58313.09152778275
154296,59110.85998357284
154297,59720.73758456766
154298,60188.19101593386
154299,58969.37507053834
154300,57858.51752103685
154301,55986.527057032654
154302,55616.480592362466
154303,55281.60282667085
154304,54840.6542339361
154305,55041.45642945367
154306,56255.40354649373
154307,58401.470922183704
154308,60048.5396038715
154309,61839.09947130265
154310,62994.089300311716
154311,62834.78164454354
154312,62441.08705772612
154313,61459.89790889546
154314,59947.73638644262
154315,59029.76410539444
154316,57996.812745217074
154317,58282.74240279118
154318,60191.30005128542
154319,59406.104175667635
154320,60296.39188653887
154321,59342.95296772908
154322,56739.96817338435
154323,56714.1457990545
154324,56406.8589279767
154325,56066.466407369786
154326,54228.71612848168
154327,54057.26861385994
154328,53675.9707415683
154329,53652.37766098707
154330,54136.50837618383
154331,55945.838828019674
154332,57370.281010127794
154333,60911.371545928596
154334,63800.09071089862
154335,66055.69778731817
154336,67107.87353546543
154337,67767.88118962139
154338,68458.77135844981
154339,68655.57101876702
154340,68623.6280936272
154341,68826.8231814842
154342,68748.78644226702
154343,68657.12415714591
154344,68469.50434171439
154345,68338.91536683522
154346,68262.04217614015
154347,67326.2538914333
154348,66364.75927182693
154349,66079.80765807071
154350,65227.384317175914
154351,64439.05792593308
154352,65042.613312850124
154353,65549.07007010918
154354,66486.08229543961
154355,68642.93063351823
154356,69669.44836974697
154357,70570.395955438
154358,72051.52079317649
154359,71623.63314558305
154360,69785.31146530178
154361,67976.51509599281
154362,65705.74877701787
154363,64641.4842892253
154364,63535.17625301672
154365,64037.99804518677
154366,66368.1041734226
154367,65057.769229714904
154368,64265.33507500563
154369,63137.052277553645
154370,60025.14360900239
154371,60231.86249459053
154372,59993.290336937265
154373,59843.35937658321
154374,58513.73110232394
154375,57826.73987040282
154376,57239.308126293174
154377,58017.24345039314
154378,58341.624846438346
154379,60062.52615686285
154380,60812.53468971168
154381,62092.200292714486
154382,64328.06424526581
154383,66731.7790846147
154384,67862.01915807523
154385,68890.41414640743
154386,69829.06081325069
154387,69935.1790169463
154388,69668.13405910837
154389,69320.16173493923
154390,69681.11986713082
154391,69835.32288379136
154392,70345.10522560171
154393,70063.99481829745
154394,69936.65138997736
154395,68799.72362339371
154396,67537.16864401815
154397,67516.9517448147
154398,66380.29770822135
154399,66198.03123512896
154400,66487.31009038768
154401,67233.18322853974
154402,67582.1503002762
154403,68885.16311535455
154404,70679.81290219193
154405,71195.1900476577
154406,72076.73529590476
154407,71227.57460082896
154408,69356.16794691079
154409,66999.02225542627
154410,65496.82455532175
154411,65518.60394820704
154412,64084.095519298935
154413,64291.97516459917
154414,66245.9942127287
154415,65252.58395035706
154416,64122.66225605685
154417,62649.8032484139
154418,60702.36213814731
154419,60567.87520639487
154420,60784.10014962198
154421,61095.09570273992
154422,59336.00470542911
154423,58340.51269249716
154424,57626.68691743275
154425,57571.935410449
154426,57812.02392314646
154427,59142.92292902108
154428,60906.67117529147
154429,61057.06146108982
154430,62162.289206736845
154431,64569.714290512675
154432,65346.12248784123
154433,66314.55521816778
154434,67492.8358649009
154435,67884.81408683726
154436,68049.34212296586
154437,68070.91145175279
154438,67873.61800364678
154439,68091.2028711515
154440,68721.72430758415
154441,68740.44517124115
154442,68614.32538030883
154443,67613.58291961295
154444,67159.38852161681
154445,66862.99566095883
154446,66610.31169880653
154447,66098.17321382763
154448,66089.09326067654
154449,65643.33263751962
154450,65835.3443247655
154451,67728.15034908285
154452,68865.58966653662
154453,69281.21038629969
154454,70337.76159666447
154455,69970.16363948115
154456,68650.9624251895
154457,66823.7271959512
154458,65279.33671288184
154459,65046.44647436561
154460,63728.91571120276
154461,63534.79143985557
154462,65256.97165779813
154463,64134.403897083386
154464,62619.650192745146
154465,61064.47169270523
154466,58011.016544959144
154467,57726.2902203524
154468,56046.882314882685
154469,55177.89107978357
154470,53359.9458876794
154471,52993.25496904234
154472,52263.67029327993
154473,52379.32766156533
154474,52594.39390460135
154475,54730.87255869036
154476,56512.44996652758
154477,59948.87979960296
154478,60282.8878421047
154479,62185.85715905439
154480,62677.677065566626
154481,61470.68390989162
154482,61343.10193829651
154483,62640.04277302934
154484,62586.84067417554
154485,61949.0041313917
154486,61701.50565149651
154487,60407.17310481513
154488,58231.45844437821
154489,58549.4497725291
154490,59037.20748877793
154491,57490.66978311271
154492,57218.06896720349
154493,56107.48815107584
154494,55215.84076467171
154495,55494.35479915277
154496,55920.66905763554
154497,55963.73396074986
154498,56814.08266234843
154499,59598.23348616558
154500,61058.83450292077
154501,60759.82043047909
154502,61248.93243179726
154503,60614.88963167044
154504,58533.07047313327
154505,55577.94310199054
154506,54353.126997869935
154507,54119.34194834328
154508,52246.99450379474
154509,52218.88077776389
154510,54235.11136809671
154511,53306.580916937965
154512,52485.14803130763
154513,50912.72826645057
154514,48497.07626143688
154515,48979.36384767173
154516,48708.342823050865
154517,48468.973180562054
154518,46850.76583895446
154519,45880.8955364428
154520,45074.67623975056
154521,44886.19308368438
154522,44975.45727169319
154523,45992.44254935625
154524,47407.812958650444
154525,48565.930782286094
154526,50204.542055611266
154527,52424.11940131587
154528,54141.53166106478
154529,55390.005541667524
154530,56412.49126340194
154531,56179.75458672891
154532,56628.72019893633
154533,57212.914781433494
154534,56374.71806921491
154535,56885.8077856555
154536,57104.48812204257
154537,57219.89542363365
154538,57743.55876478505
154539,56287.28013822919
154540,55619.86530440664
154541,55207.8272526954
154542,54776.51426269854
154543,54004.56487111833
154544,54070.68036690786
154545,54020.402159833044
154546,55331.380998802626
154547,56292.60854215661
154548,57052.392307899725
154549,57307.676800252644
154550,57764.356867188675
154551,56961.73464080735
154552,55330.522725356874
154553,53584.048063938855
154554,52890.11860786076
154555,53005.637791797555
154556,51664.83037330872
154557,51772.55766834717
154558,54259.64767865306
154559,53534.1900545529
154560,53989.27171139318
154561,53287.465843850325
154562,51117.61420588379
154563,51466.30918816085
154564,50771.25465377769
154565,50306.8955182521
154566,48719.23479773372
154567,47393.876203860345
154568,45734.97144431557
154569,45462.05604231483
154570,45461.608001969194
154571,45608.11660362297
154572,45535.40513595346
154573,45863.971039696975
154574,46835.03450388725
154575,48869.437805810165
154576,49753.809859189634
154577,51100.05457669934
154578,51280.817410773
154579,51479.536075257325
154580,51672.22034696542
154581,51819.872681160305
154582,51911.64252137061
154583,52822.68751665088
154584,53699.38436569948
154585,54355.009704118966
154586,54534.275157238015
154587,53118.01579604961
154588,51721.439882313236
154589,51493.46354644732
154590,50379.6979793067
154591,50552.017577950974
154592,50763.46451436373
154593,50581.83237550364
154594,50985.23739354711
154595,52586.25365664834
154596,53562.43826009404
154597,53520.9433925697
154598,54228.35281574409
154599,54407.99445754767
154600,53438.245400570835
154601,51880.87683694286
154602,51222.6218957764
154603,50638.38275210909
154604,49685.75680681065
154605,50433.488998649205
154606,52783.69386663244
154607,52266.597618061125
154608,53954.412497127225
154609,52999.65508191044
154610,50287.08513858098
154611,50326.3375755968
154612,49361.25817702426
154613,48688.423851299674
154614,47246.03907479967
154615,46175.433586943815
154616,44531.85229801087
154617,44160.01834508129
154618,44087.69218909624
154619,44185.22705648262
154620,44329.611406628006
154621,45014.68763453567
154622,45709.43416556789
154623,46877.183631540174
154624,47817.710596009216
154625,48798.4228718221
154626,50035.892100440826
154627,50876.283330564875
154628,51424.12640854299
154629,52445.71567833491
154630,51876.668857498094
154631,52337.9070907341
154632,52595.97898358425
154633,53583.38879265984
154634,54041.77862854931
154635,52442.53204576714
154636,50789.08131090357
154637,49898.09449464686
154638,49351.98528026129
154639,48935.39410532917
154640,49023.17224339617
154641,49289.703440468584
154642,50405.678260292654
154643,53087.713955542815
154644,55331.96276429882
154645,55222.457371724086
154646,56204.979877650665
154647,55574.892362756356
154648,54255.93639459413
154649,52703.097405949426
154650,52184.67680196693
154651,51397.66740591032
154652,50439.922313659576
154653,50821.317482823935
154654,52917.9304979835
154655,52305.44771000574
154656,52635.108727749124
154657,50928.78765939505
154658,48116.706994451095
154659,47921.71256535558
154660,46915.465709636395
154661,46002.581975526846
154662,44168.89645493625
154663,43026.239047180236
154664,42156.34828488121
154665,42045.631642646396
154666,42190.888185321826
154667,43211.04994500557
154668,44423.67048355136
154669,47319.62550502598
154670,48418.83170958662
154671,49343.46442257544
154672,50780.000716737806
154673,51005.244757638895
154674,51878.632403359035
154675,51960.228138351165
154676,52363.38795058832
154677,52592.46471909468
154678,53109.97763965007
154679,54002.37388791846
154680,54308.356097179334
154681,54325.96518684589
154682,54519.93715760256
154683,53264.75589156396
154684,51734.64128250882
154685,50998.16691114233
154686,49570.54382137838
154687,49252.21525320615
154688,48907.88326884733
154689,48915.45848250645
154690,49181.34269426331
154691,50715.90387963329
154692,51647.53986877256
154693,52972.6592490757
154694,53610.3832758768
154695,53311.31054298845
154696,52443.4109336389
154697,50723.782471666345
154698,49376.771551279555
154699,48131.80966876178
154700,46395.44944296141
154701,46558.61819481832
154702,48372.32398288524
154703,47555.64366698493
154704,49257.68420265631
154705,47380.90459220159
154706,44838.04068065365
154707,44324.39938340742
154708,43738.72253271626
154709,43239.82804591242
154710,41343.216653657015
154711,40521.30379785081
154712,39727.96085176958
154713,39464.80317780283
154714,39483.0743416796
154715,40557.587984078615
154716,41651.44895203148
154717,44237.120450713046
154718,45583.193161991345
154719,47113.80391944171
154720,48040.699223331394
154721,49007.968369139475
154722,49037.66856169466
154723,49412.584917493485
154724,49143.02415086738
154725,49255.93083287554
154726,49182.27173595196
154727,49371.03084457391
154728,49796.85089024441
154729,50194.03996225746
154730,50432.520960162045
154731,49242.396274519415
154732,48190.41283237142
154733,47978.001605868034
154734,47352.187501562876
154735,46790.693186942364
154736,47023.020563421815
154737,47639.849227316314
154738,48159.62003968818
154739,49529.9558197387
154740,51337.371457173205
154741,52354.56412610291
154742,53209.744314982476
154743,52842.52732710347
154744,51145.48244915376
154745,49512.699894315796
154746,48855.01587894364
154747,47905.77814801451
154748,46702.941262172084
154749,47105.8921086677
154750,49046.39694978924
154751,48980.13365549758
154752,48732.005356322006
154753,47356.448847006846
154754,44907.068300113126
154755,45016.64476699877
154756,44860.539560107834
154757,44320.65589297389
154758,42017.96109467775
154759,41326.31005671141
154760,40627.261521965775
154761,40664.5851556596
154762,40703.31349398509
154763,42112.74363419843
154764,43686.2230127878
154765,45964.0844475233
154766,47365.9842199932
154767,49328.19106895084
154768,50433.57656741548
154769,51346.10532425584
154770,51589.45852956749
154771,51875.90648214561
154772,52238.71975187743
154773,51357.83334062004
154774,50793.496023810934
154775,50977.71945106774
154776,51662.726738520556
154777,51497.4293629109
154778,51440.82041947379
154779,49455.814148631434
154780,48513.131730529465
154781,47760.587407978375
154782,47677.76413594419
154783,47546.74156644978
154784,47331.30207791111
154785,47578.87201429106
154786,48293.036747778795
154787,50306.99320916984
154788,52103.88253609485
154789,53139.7655542358
154790,54110.518010913045
154791,53744.851857521346
154792,52213.670647092156
154793,50658.49364908707
154794,49649.975541608015
154795,48903.9068707531
154796,47556.6202884431
154797,48075.87370244763
154798,50438.94066122132
154799,49871.57917495436
154800,49779.565990932926
154801,48435.597646725095
154802,45717.807929962844
154803,45696.418470437406
154804,45386.03035064054
154805,44990.81712976523
154806,42751.610921925036
154807,41980.40517908768
154808,41017.95221925114
154809,41449.22988515319
154810,41547.935405275144
154811,43087.13921661236
154812,44431.81625098937
154813,46530.02172524686
154814,47457.77989714126
154815,49779.794748106215
154816,50858.87949248902
154817,52438.400871444064
154818,53248.18062217567
154819,53187.42027324192
154820,52574.857041982825
154821,52276.88640589135
154822,52119.52306775928
154823,52170.53531870004
154824,52087.24176336303
154825,52719.45780897736
154826,53694.72099756221
154827,52162.61940731082
154828,51996.57899023219
154829,51529.04765355419
154830,51412.02220743992
154831,51078.91639446503
154832,51458.103077708845
154833,51811.05598977633
154834,52124.5203364971
154835,53769.9633211905
154836,54495.64634743545
154837,54878.95697183377
154838,55330.56564518726
154839,55095.00760023508
154840,54012.97729417019
154841,51949.06672314356
154842,51680.6182613669
154843,51096.54171867753
154844,49872.28029001987
154845,50419.44929424817
154846,52914.1981930831
154847,52962.75852928856
154848,52949.343916888545
154849,51192.31218669657
154850,48403.94296570561
154851,48482.38462856011
154852,47996.064293604286
154853,47679.87059057025
154854,45374.52676051278
154855,45201.90483789414
154856,44361.25616828723
154857,44554.69548640138
154858,44713.19263893249
154859,45663.4251555055
154860,46800.974428380876
154861,49590.23455705688
154862,51584.56853327292
154863,53778.44621079505
154864,55648.95914439441
154865,56823.38263744561
154866,57479.3344959995
154867,57509.380772127915
154868,57075.21566117724
154869,57101.451108459856
154870,56587.35551692406
154871,56040.185635424525
154872,56269.52490619957
154873,56208.64516165804
154874,56059.5010640223
154875,54990.07113686629
154876,54182.032012877055
154877,53591.479270549615
154878,53440.339154498
154879,53316.33063542048
154880,53283.05265237763
154881,53186.57728629273
154882,53783.65117487939
154883,55457.694351557744
154884,56582.40171586052
154885,57217.03406275294
154886,57877.458799050706
154887,57234.34881231768
154888,54841.30037278849
154889,52773.249091250975
154890,53101.2977035109
154891,52713.20992759991
154892,51611.07675790295
154893,51863.761470922145
154894,54177.02085761639
154895,53387.715678630295
