Id,Predicted
137376,67279.42457603253
137377,66282.81843158929
137378,64356.23249433611
137379,63788.72414829038
137380,64062.76238991167
137381,63086.088537470736
137382,59692.12723822723
137383,58861.26977498763
137384,57515.44145300643
137385,57282.32471768872
137386,57207.9387274902
137387,56996.671777791
137388,57283.14477034835
137389,58431.37343815672
137390,56350.851258075745
137391,56849.402458751356
137392,57692.07653598083
137393,58359.95440233082
137394,59014.36369840072
137395,58895.94824906484
137396,59033.345783866964
137397,59764.646799586364
137398,59435.854805572606
137399,60400.09126354563
137400,62313.41028494456
137401,62858.6008283623
137402,63137.57882086235
137403,62120.70308741883
137404,60720.99119053418
137405,59662.62768729661
137406,59106.29385840863
137407,59325.721251376475
137408,58955.220528484475
137409,59843.74542534042
137410,60635.715504757856
137411,61721.26777978693
137412,63882.288523206116
137413,64719.93662062238
137414,66572.11180579737
137415,66558.89681200571
137416,65755.24893965578
137417,64841.064368038955
137418,64083.66926261213
137419,63531.287239011755
137420,62929.20060902589
137421,63089.086564083635
137422,64914.04302415173
137423,64427.122692998855
137424,70119.84710497421
137425,68555.94674696398
137426,66321.88226721238
137427,65976.15005700575
137428,65129.611153429214
137429,64787.51156211773
137430,62750.93889228307
137431,61974.83137098923
137432,60865.499533964416
137433,60769.06877441604
137434,60657.17511826178
137435,60866.84145741652
137436,62212.72296304266
137437,63865.4685729654
137438,61491.39795321334
137439,60780.531243139994
137440,61764.94940571742
137441,62495.65212605107
137442,62701.35314468512
137443,63344.06041393889
137444,63184.31502178861
137445,63421.8911399401
137446,63519.14234817631
137447,64022.66719612295
137448,64891.983984581566
137449,65069.23258407289
137450,65281.05707349173
137451,64123.23428120249
137452,63302.64865339068
137453,62509.15486767666
137454,61490.70374319275
137455,61349.011509166914
137456,61227.58981430005
137457,61564.11366145671
137458,61998.136266361784
137459,63104.81811610377
137460,65085.99699306772
137461,66227.96215558008
137462,67227.73690149303
137463,67238.1759190396
137464,66136.85745440127
137465,64772.82446946783
137466,63700.939211629324
137467,63126.87297536397
137468,62434.1199330936
137469,62412.433611121414
137470,64088.88687779916
137471,63615.337350608395
137472,66547.78662027605
137473,66716.20894905488
137474,64541.08373696839
137475,64357.968593135454
137476,63003.18630337767
137477,62018.235312667275
137478,60632.89456939112
137479,59489.28801857661
137480,58235.27413695027
137481,57957.503280449666
137482,56263.640969993154
137483,56039.554118544336
137484,56351.19167220485
137485,57690.062238030594
137486,57748.035487836554
137487,58208.77704313292
137488,58777.398921487016
137489,59842.89209063708
137490,60344.696624673365
137491,60915.753013373775
137492,61170.50522996155
137493,61556.56243409742
137494,61679.1538163668
137495,63161.270116392734
137496,63820.4575052047
137497,64287.67680374999
137498,64522.16149001372
137499,63896.26204243992
137500,62660.983305250265
137501,62210.858974605966
137502,61832.970915414466
137503,61563.95491499631
137504,61044.326652753785
137505,60829.100694810004
137506,60861.033132055585
137507,62129.24160580764
137508,64458.20104623093
137509,65564.56812353912
137510,67191.87749590467
137511,67106.71248324115
137512,66399.89557124807
137513,65587.66535633912
137514,64364.44201170679
137515,63798.50055743312
137516,62942.87086852965
137517,63409.069749328184
137518,65258.52350906659
137519,64661.0214143373
137520,67956.87329054857
137521,66589.66607660263
137522,64489.290906268165
137523,64195.99604136581
137524,63881.72819283226
137525,63201.64146785009
137526,61171.70288672732
137527,59822.085131290194
137528,59021.33863919075
137529,59343.085217076194
137530,59629.75764793725
137531,60921.925016295776
137532,63196.35033528595
137533,66801.6953587077
137534,70802.29915200308
137535,74346.83522700591
137536,76500.07708980553
137537,76906.88097899233
137538,77156.23866767337
137539,77223.69482044836
137540,76986.89537862493
137541,76961.19959237256
137542,77214.20482916612
137543,77629.95579293884
137544,77760.98974250922
137545,77642.36852555296
137546,77539.92705623043
137547,76847.35697552128
137548,77092.71540447233
137549,76431.58435270755
137550,75270.5423165418
137551,75112.61502746062
137552,74926.17507658029
137553,74905.38091758346
137554,74913.52216846825
137555,75732.20528103971
137556,77050.84401175362
137557,78297.6951145369
137558,79378.52641422843
137559,79123.70663712863
137560,77401.75997613494
137561,74974.11988861927
137562,71735.6605866282
137563,70841.49095740168
137564,70036.5689966987
137565,70326.37272192474
137566,72076.07951454983
137567,71248.1052702409
137568,70108.04288972712
137569,68346.74251108407
137570,66055.49852285587
137571,66014.55789812643
137572,64859.47419131202
137573,64102.813715441465
137574,61592.39414959938
137575,60239.2607663278
137576,59765.78179367557
137577,59771.704181653746
137578,61781.52838551876
137579,62791.55944215095
137580,64913.43512974206
137581,68140.76525018552
137582,72087.50279814535
137583,75778.4619398024
137584,78018.69049495105
137585,78155.83637538184
137586,78341.3593353075
137587,78658.49842893894
137588,78506.88973295172
137589,78481.19394669935
137590,78539.68753174451
137591,78811.30245263132
137592,79294.00468816074
137593,78857.59522787764
137594,78730.57666024662
137595,77896.89155934926
137596,77659.85718073217
137597,77275.9166631151
137598,76100.40985731677
137599,75957.04988827261
137600,75634.60272364032
137601,75571.7057454575
137602,75529.02434039555
137603,76705.8718095607
137604,77951.86889174425
137605,79131.13107695451
137606,80004.92976111833
137607,80219.01991981809
137608,78568.94019730762
137609,76163.63618518566
137610,72897.20645113009
137611,70964.45874047914
137612,69821.49366937019
137613,70808.8636774057
137614,72736.46786687213
137615,71972.08665890017
137616,70250.90727477577
137617,68570.18137266011
137618,66242.95712809524
137619,66064.22894249726
137620,65073.10269671949
137621,64395.09007357878
137622,61676.134692571955
137623,60436.07840067205
137624,59786.109880678516
137625,59746.12083570872
137626,61416.61805946085
137627,62349.333182679075
137628,63393.44370277164
137629,68054.04575588525
137630,71762.5422103404
137631,75560.92601599495
137632,77202.54030809636
137633,77630.20281477024
137634,77822.92230715635
137635,77840.93778677519
137636,77800.10729372811
137637,77674.11601411396
137638,77759.82896196173
137639,77327.36159976326
137640,77317.46927921101
137641,77231.84002640218
137642,77302.35555324488
137643,76375.3930792194
137644,76141.75368500111
137645,75958.62755618287
137646,74817.90359668326
137647,74455.10800694297
137648,75787.33141969505
137649,75507.14776497167
137650,75812.3364932535
137651,76949.78345715004
137652,78375.97730159546
137653,79526.40813892928
137654,80820.03920327582
137655,80356.54232566505
137656,78991.38444103161
137657,76248.86809206719
137658,73803.95688783494
137659,72094.8770182491
137660,71120.72829828087
137661,71595.78730546324
137662,73297.57952470401
137663,72379.36982252316
137664,71018.83350515607
137665,70525.17424701383
137666,68910.67071583147
137667,68748.06816507838
137668,68310.73717814301
137669,67778.08081597184
137670,65593.98177398935
137671,64419.510648355696
137672,63915.82966413586
137673,63909.66202236045
137674,65015.95170991041
137675,65861.76590158237
137676,66972.7788570001
137677,70455.39396646257
137678,74753.43499158886
137679,77827.5731037668
137680,80087.88544630348
137681,80281.25867519811
137682,80520.8289277573
137683,80049.52225397195
137684,79269.65005458612
137685,78799.08528766992
137686,78785.37190399272
137687,78403.9356173
137688,78262.3751290056
137689,77696.44022598317
137690,77225.20905530445
137691,76504.70207586298
137692,76137.25347600273
137693,75828.83061766363
137694,74711.6796954287
137695,74911.88439303193
137696,75640.66900171319
137697,75798.2243308251
137698,76004.17831736064
137699,77543.52433573887
137700,79381.31203015542
137701,80305.08175347031
137702,81491.14638549052
137703,81501.59227132035
137704,80125.38439379598
137705,78233.59631903519
137706,75261.9366753502
137707,73631.5223029104
137708,72689.6410225953
137709,72936.18013512476
137710,74997.10619744663
137711,74321.80471783894
137712,72271.89655171044
137713,71134.25391833202
137714,69636.1692722564
137715,69095.117579375
137716,68231.6736037628
137717,67647.38829723417
137718,65541.10927213304
137719,64691.75888311604
137720,64587.22281354534
137721,64581.05517176993
137722,64661.24560211343
137723,66911.96056214065
137724,68228.37117665158
137725,69671.04999471469
137726,75073.36176831876
137727,77912.860757802
137728,81017.46898639406
137729,80545.10075079885
137730,80805.76238610853
137731,80430.16552751214
137732,79589.22391837697
137733,78535.32711932086
137734,78345.18041025863
137735,77956.98779679893
137736,77113.21500746484
137737,76842.45437232964
137738,76771.75061050216
137739,75790.26733016549
137740,75236.75195593343
137741,74214.56857833313
137742,73058.91010612501
137743,73605.17565164006
137744,73861.14188022893
137745,74501.92563267433
137746,75080.73827542989
137747,76675.35215597253
137748,78478.6973609327
137749,79969.21358541101
137750,80733.80119027714
137751,81220.40988426763
137752,79773.20801460795
137753,77810.39750982008
137754,75462.57731028092
137755,73942.0246087807
137756,73354.60515835434
137757,73432.42255915402
137758,75176.43144825054
137759,74440.90886214824
137760,71969.37734586286
137761,70121.97568150584
137762,67928.8228623516
137763,67559.3282550855
137764,67182.63728308603
137765,66813.3077473123
137766,65287.17310427418
137767,64256.37373943457
137768,62919.76030232482
137769,62912.58466531178
137770,62915.43557357808
137771,63760.69623893963
137772,64036.67232903109
137773,66174.91231978647
137774,64179.55887783318
137775,63055.602455849694
137776,63969.92939612398
137777,64715.32147457455
137778,65095.3361950887
137779,65497.11311953767
137780,65328.03380141406
137781,65306.41690854518
137782,65241.93505409752
137783,64973.181768259754
137784,65343.43746231908
137785,65202.578510219915
137786,65346.09160138414
137787,64124.97382161576
137788,63350.817715469595
137789,62787.03000373687
137790,61760.393496711964
137791,61406.29473719413
137792,61038.499209176225
137793,60850.35472264372
137794,61384.11514573216
137795,62941.44389163604
137796,65518.51593267015
137797,66303.12256516745
137798,67417.02138464233
137799,67198.95642383445
137800,66040.84778095823
137801,64866.43920920225
137802,63906.97513970122
137803,63528.59273341928
137804,63000.96795777509
137805,63306.10608451387
137806,65236.71170514349
137807,64962.93457398278
137808,70613.78353413187
137809,69014.27438986472
137810,66580.68863995373
137811,66115.13379762085
137812,65637.01733307088
137813,65425.473162053
137814,63465.21300054012
137815,62520.17055650827
137816,61459.5985338298
137817,61967.399444058494
137818,61892.6537357373
137819,61830.84118326975
137820,61973.540813162086
137821,63589.24517312365
137822,60690.01334684962
137823,59311.51795323552
137824,60225.61394774072
137825,61006.17673881653
137826,62003.57659708409
137827,62129.55627873147
137828,62461.81499305029
137829,62602.933964963246
137830,62480.7918534467
137831,62146.72259120163
137832,62532.81333764905
137833,62845.30552974936
137834,63104.84203093537
137835,61713.87344426286
137836,60571.018881926306
137837,60132.35589543152
137838,59550.36846041998
137839,59537.984759746
137840,59233.240112707295
137841,59537.02364379653
137842,60088.69579376746
137843,61793.77604528626
137844,65102.58560421589
137845,67075.0091729834
137846,67974.44505810819
137847,68613.94348877828
137848,68194.03586542959
137849,67218.3093364127
137850,66105.26366280516
137851,65480.57788624161
137852,64672.1878211949
137853,64887.680693823575
137854,66698.3140308893
137855,66183.4078218111
137856,70377.08241103901
137857,69100.82741396509
137858,67537.0692405476
137859,67295.32292058338
137860,67645.4822706586
137861,67509.70429234183
137862,65819.69039403202
137863,64722.36065163679
137864,64156.59885793596
137865,64340.066669747685
137866,64630.306582905774
137867,66191.77349755164
137868,67573.93993560015
137869,70685.84086606927
137870,75063.22779937772
137871,77640.50285393387
137872,80402.9999391324
137873,80702.81412321594
137874,79887.2809216012
137875,79732.14112577825
137876,79422.30728359983
137877,78602.98941339021
137878,78151.82578601093
137879,78140.02633345366
137880,78117.3357281438
137881,77325.61033094647
137882,77188.24561321632
137883,75254.82039600695
137884,74565.38298018333
137885,73970.66934058089
137886,72519.04252365293
137887,72691.6845948156
137888,72147.55807451715
137889,72907.04023761327
137890,73661.88421969813
137891,74738.1160282331
137892,76589.79036034067
137893,77340.79254490473
137894,77697.27162613194
137895,78011.08311229528
137896,76328.34891661645
137897,73676.74222588316
137898,71666.24381371241
137899,68617.2645734818
137900,67405.61343822388
137901,67515.22596694784
137902,69397.69988766056
137903,67161.46797390733
137904,64672.65628787427
137905,63118.21619163924
137906,60676.00721686785
137907,60661.36305951158
137908,59164.13918397109
137909,57789.05344082756
137910,55303.29169830008
137911,54443.58058551108
137912,53632.72449244271
137913,53574.14218189555
137914,53347.985013657104
137915,54898.09968467173
137916,56239.18212061526
137917,58936.00225466021
137918,65033.94523296335
137919,68271.00279249492
137920,69898.29511200881
137921,69153.22657712738
137922,67295.47605446378
137923,67174.26498341736
137924,66721.06033308299
137925,65751.66904640266
137926,65537.43680662573
137927,64162.48529851347
137928,64396.17621183721
137929,63637.72914457867
137930,63683.327260389706
137931,63579.69086061488
137932,63672.72515244528
137933,62216.3746512774
137934,61356.04555069975
137935,61775.49855302611
137936,62380.52229191235
137937,62408.490467874246
137938,62882.11982077272
137939,64233.55327512038
137940,66614.21800477724
137941,67477.96940465936
137942,68807.13681630329
137943,68689.96801894462
137944,67217.4537685288
137945,65629.50651356326
137946,62291.17022260332
137947,61359.45670871953
137948,60295.45753841084
137949,60632.95203690558
137950,62502.2599075875
137951,62000.92752500245
137952,61810.83724138386
137953,60328.87515539241
137954,58766.70016100352
137955,58675.01758024675
137956,58135.33746332384
137957,57591.20863007087
137958,55361.44228334815
137959,54609.223650281136
137960,53930.745843551114
137961,53935.269410588844
137962,54130.823327296865
137963,55639.258501406206
137964,57712.40146249683
137965,60191.593082404455
137966,64460.19737540476
137967,67742.7676265992
137968,68791.01992740366
137969,69044.55834870967
137970,69486.10856022063
137971,68927.90807240215
137972,67749.85237553425
137973,66846.86016004518
137974,66150.87647325682
137975,65041.219000071185
137976,65301.041266740234
137977,64941.12715800957
137978,64875.49172714114
137979,63681.52495962612
137980,63327.6773800541
137981,62947.71409819792
137982,61955.78324325139
137983,60485.00010807375
137984,60029.17078528703
137985,59564.25905560565
137986,59105.18951676516
137987,59850.22128248088
137988,61693.59722807924
137989,62617.20702359059
137990,63714.38767540864
137991,63708.750506004326
137992,62038.0966839455
137993,60092.595923131834
137994,56734.46377628934
137995,55633.008618248154
137996,54303.96635935978
137997,54588.24267152452
137998,56231.48848087922
137999,55567.97996414878
138000,54154.9237858803
138001,52460.51187355441
138002,50944.82395901138
138003,51317.28055128639
138004,50579.61756083033
138005,50346.43766968199
138006,49140.37071800344
138007,48335.15247830856
138008,47623.059562008
138009,47613.1043751511
138010,48810.298092030185
138011,50439.08582332139
138012,52458.67658854655
138013,54231.335862530555
138014,56863.47699728808
138015,59416.68680092926
138016,60989.97296313613
138017,61292.6740834412
138018,61276.2844537067
138019,62028.99772541638
138020,62245.61340127601
138021,61815.46484018663
138022,62396.00527516723
138023,61991.63519072134
138024,62492.9231059991
138025,61994.666541338396
138026,61645.99078533631
138027,60442.97951597232
138028,59882.01889613086
138029,59588.062485028204
138030,58957.75605179998
138031,58011.02605134766
138032,57448.45462806754
138033,58140.23518506126
138034,58224.78243342036
138035,59065.853808744454
138036,61035.50907757218
138037,61630.45038926112
138038,62898.82297263718
138039,63830.43436713444
138040,62151.6843487296
138041,59921.36750841451
138042,57658.71945220954
138043,57052.43141354611
138044,57369.895752936216
138045,57805.94336859927
138046,59665.11643327324
138047,59154.144534023755
138048,59055.26577631123
138049,57393.39433636736
138050,56473.353895460525
138051,56036.18466575356
138052,55574.43297864177
138053,55403.36717534342
138054,54008.00638955235
138055,53526.766020345705
138056,53045.58988052615
138057,53876.01656688091
138058,54503.20536543754
138059,56076.026798591076
138060,57518.544795461356
138061,60189.789666259836
138062,65283.43613448137
138063,68592.77581434157
138064,70364.79507161028
138065,71392.0388856504
138066,71820.20225874297
138067,72907.62925948753
138068,72811.08184644097
138069,72799.84031657875
138070,71912.63262110866
138071,72104.27307810845
138072,70502.43539814853
138073,71778.92258120448
138074,72685.92886963987
138075,71982.62868585372
138076,71443.61360439226
138077,71009.61343645447
138078,70567.86072531197
138079,70738.52152003151
138080,71983.04982500803
138081,72302.56739217945
138082,73089.10323002322
138083,75095.77234041087
138084,77176.57578846953
138085,79020.63846256978
138086,79405.09848606051
138087,79504.14447448631
138088,78620.67013042557
138089,76168.36248726213
138090,74316.12415020421
138091,71936.14467744375
138092,72401.19278379758
138093,72467.38930796945
138094,74656.20913338455
138095,73934.99107965606
138096,71702.66263158084
138097,70263.80083672135
138098,68267.46037077859
138099,68425.53890443721
138100,68051.02886923667
138101,67806.75351823326
138102,65428.65412143201
138103,64404.387130603034
138104,63319.205344629685
138105,63211.73324343383
138106,63214.58415170013
138107,63811.88592134796
138108,64073.591837128835
138109,66000.84175519107
138110,64126.28708657683
138111,62883.283668803495
138112,63655.38340053866
138113,64640.05571242306
138114,65175.60944648038
138115,65489.714325041685
138116,65208.098094022505
138117,65440.650235408684
138118,65014.463184096574
138119,65438.50757668326
138120,65743.47396532747
138121,65788.35459024056
138122,65923.00408307387
138123,65039.93063034342
138124,64345.33481991577
138125,63560.713219816185
138126,62543.333465951524
138127,61944.202988053235
138128,61497.71623263629
138129,61133.96553514982
138130,61129.66616028369
138131,61692.59273857717
138132,63742.63639555852
138133,65202.94552378651
138134,66128.70796467876
138135,65737.55154514087
138136,64597.54380009613
138137,63370.75364906241
138138,62344.66012452558
138139,61606.82980415431
138140,60822.45571524315
138141,61012.75959262705
138142,62906.733450401945
138143,62160.44089497849
138144,61265.30558447231
138145,60428.84518906999
138146,58624.035163948734
138147,58423.937807616356
138148,57573.76442488565
138149,57075.22517693211
138150,54749.534783790165
138151,53400.2081693057
138152,52478.953328896045
138153,52335.47106404362
138154,52543.74024966597
138155,52501.12755353261
138156,52597.03665739732
138157,52436.614792003966
138158,52944.02389227556
138159,54054.09878725972
138160,54225.05843231664
138161,53851.31167809576
138162,54638.74010005449
138163,57135.72642512817
138164,57868.80709286995
138165,59697.841085444015
138166,58998.20013366751
138167,59280.521674192554
138168,59117.02981028983
138169,59579.86758353175
138170,59760.45793585878
138171,58112.79872647092
138172,56692.49583543176
138173,55598.33996883421
138174,54834.81978350249
138175,54772.986943869975
138176,55375.62249988736
138177,56678.754332193006
138178,57421.2350854769
138179,58895.555578878455
138180,62621.17262614666
138181,64306.0024334942
138182,65432.918242523294
138183,65577.00884529923
138184,64998.134850173265
138185,64252.87643993346
138186,62632.71762446421
138187,61964.06076416321
138188,60914.83702975739
138189,61115.45735259993
138190,63146.73623956523
138191,63021.81862137519
138192,61797.193165762284
138193,61420.09836230462
138194,60455.72623426416
138195,61876.72717946365
138196,60885.440892617946
138197,60591.684312357356
138198,58438.633509507614
138199,57156.268001384866
138200,55868.84416273172
138201,56791.61386133732
138202,56866.862122492734
138203,58355.259826678805
138204,60295.06435686609
138205,63951.508262470605
138206,68949.15179771243
138207,73053.94636705844
138208,75325.12423897909
138209,75654.83115805007
138210,75276.9056518301
138211,75537.0739082102
138212,74122.53683305775
138213,71976.89904759817
138214,71471.53450628147
138215,70384.4350867765
138216,68788.75171569119
138217,68104.9894156538
138218,67911.9617720799
138219,66998.7577514912
138220,66368.33895243877
138221,66064.00634638706
138222,65543.04054923842
138223,65662.85132204962
138224,66293.78551292392
138225,67185.1545484419
138226,68585.4390268713
138227,69478.4594276307
138228,73259.0537213391
138229,74117.45163261096
138230,75882.02004721816
138231,75932.23991700541
138232,73320.23661350152
138233,71824.57408858313
138234,68444.355871616
138235,66393.70881845476
138236,65222.451420134756
138237,65393.316854998826
138238,67194.32196084924
138239,66384.6418500308
138240,63875.22580258278
138241,62088.397203235276
138242,59686.16335157799
138243,59368.938315395615
138244,58972.06376285023
138245,58103.714534817176
138246,55703.00919375913
138247,55102.183522090665
138248,54579.38320068548
138249,54642.255732900434
138250,55078.63429604107
138251,56616.32494790359
138252,58330.05935025855
138253,61706.996136993606
138254,67175.89528791145
138255,71243.93130388197
138256,72501.69198944683
138257,72405.87782072254
138258,71687.83792917416
138259,71766.03076288644
138260,69612.63112293578
138261,68571.47551244007
138262,67553.04066399859
138263,66445.68882228762
138264,65916.76551995584
138265,64787.26889006619
138266,64700.48581246722
138267,63892.369012360396
138268,63054.84842894212
138269,62326.92834426257
138270,60945.641382940994
138271,59676.36423957451
138272,59630.71346376755
138273,59049.41611139486
138274,59552.22798316056
138275,61842.10019254139
138276,64852.592640864255
138277,65477.36387642118
138278,66845.5662284897
138279,66970.53822594522
138280,65639.90302490068
138281,62940.64879626119
138282,60572.161687415595
138283,59477.70164604903
138284,58272.50453263958
138285,57757.5248860703
138286,59095.42025599294
138287,58342.08251741583
138288,57274.52229287092
138289,54874.39584168554
138290,53364.021363494736
138291,52943.05584402504
138292,52393.52712544042
138293,51901.801112469664
138294,50244.52481533258
138295,49631.35253620937
138296,48779.464542019625
138297,48769.50935516273
138298,48542.64992863966
138299,50064.42493696596
138300,51833.828671982345
138301,53444.72633361528
138302,57637.363552728915
138303,58578.090400011766
138304,60011.71455649922
138305,60643.63538883392
138306,60918.537415015075
138307,61704.399031116096
138308,60474.9519248786
138309,60374.83856922256
138310,59140.181772327975
138311,58682.32165610009
138312,57743.0342869156
138313,57385.77439714235
138314,57288.12067899998
138315,56633.9677072063
138316,56021.8590577083
138317,55523.40929744005
138318,54757.71021323188
138319,54500.23163958426
138320,54679.68327967327
138321,54843.22023463108
138322,54996.470157258016
138323,55328.21484332699
138324,58077.09077671022
138325,59408.95665293139
138326,60330.961200386024
138327,60179.43694599554
138328,58339.47613948019
138329,55475.654875188644
138330,53987.83494198979
138331,52564.28742322541
138332,51243.45266516165
138333,51315.358849114884
138334,53300.020028834086
138335,52664.31059209178
138336,49703.13645134945
138337,48655.31642666578
138338,47028.066072853246
138339,46899.92015414612
138340,46579.12177325357
138341,46484.02675948199
138342,45197.76130295127
138343,44433.884732685096
138344,43656.24013515256
138345,43970.38345388845
138346,45148.02464776755
138347,46958.16043024312
138348,48429.45070222734
138349,52094.7803344012
138350,55210.20512966423
138351,57379.05827113755
138352,59718.70836294949
138353,60920.98750330719
138354,61519.439771277146
138355,62464.05991702224
138356,62361.84006375794
138357,61379.08322089375
138358,60903.84892517336
138359,59886.087472924206
138360,59954.74368960792
138361,59788.46997813471
138362,59650.45950136565
138363,59409.89706845724
138364,60044.46051152354
138365,59607.00804473557
138366,58474.47847670962
138367,57282.28915017454
138368,56650.040371123796
138369,56425.19334804354
138370,56370.803497908906
138371,56575.60470643196
138372,58719.53416315102
138373,60211.293118264
138374,60981.58702944821
138375,61183.11282561246
138376,59420.566269864416
138377,56305.65750066819
138378,53943.75757889442
138379,52943.141169712006
138380,52300.50831968294
138381,52443.115975787514
138382,54774.2243807648
138383,54625.65408014545
138384,55314.423127227004
138385,53538.283225297375
138386,52110.59438693901
138387,52290.94004706621
138388,51788.34610206652
138389,51529.963458512764
138390,50750.94304394906
138391,49768.11594054299
138392,49856.10866654729
138393,51671.03882963753
138394,52254.86130179468
138395,53685.371292715514
138396,55990.41945621794
138397,57910.989006696786
138398,62738.18975763007
138399,66293.81964466316
138400,67851.69348990699
138401,68733.59256700269
138402,69386.53660528836
138403,69256.23390807472
138404,69041.65178827013
138405,67841.40079801944
138406,67830.06394478805
138407,67869.15448700199
138408,68181.77915588366
138409,67891.23084775392
138410,67521.29419619343
138411,66851.33051998024
138412,66604.39108573567
138413,65816.21842445036
138414,64453.05483037356
138415,64090.24219225209
138416,64840.63248330308
138417,64501.12983038972
138418,65466.11682516114
138419,66263.80521917123
138420,68385.80570767897
138421,68672.94225939961
138422,68974.88587768664
138423,69699.79276788558
138424,68605.23308569555
138425,65786.85207971344
138426,62350.18071779801
138427,60812.342715287676
138428,60678.29888084814
138429,61120.3197714515
138430,62840.37027691472
138431,62605.38517218647
138432,62538.614324447386
138433,61069.71771947458
138434,59210.06609818169
138435,59001.61977486692
138436,58587.07580113899
138437,58301.92190438374
138438,55710.272679578185
138439,54702.25133088036
138440,53169.001260960795
138441,53536.49584792459
138442,54183.7835181314
138443,55088.62573847472
138444,55314.875304883826
138445,56013.392709098785
138446,57881.41831251729
138447,58988.10137964898
138448,59771.04637371919
138449,60645.59894664614
138450,60888.35146181423
138451,63631.61150483283
138452,64902.081956010414
138453,65208.45221590615
138454,65345.76954841122
138455,65368.11307928272
138456,64183.47362086376
138457,64367.202840434285
138458,64382.87113807661
138459,62433.49196605947
138460,61283.675815844064
138461,60431.49389136847
138462,58893.886143084244
138463,60381.08614528689
138464,61521.235818914574
138465,61748.29449434642
138466,61769.37628502811
138467,62322.47215394785
138468,64769.18694199187
138469,66243.43344180545
138470,67444.63332180268
138471,67399.9687469017
138472,65988.52866409185
138473,64845.98005024654
138474,63807.75184380111
138475,63021.11958000068
138476,62892.17411078033
138477,63220.980249262735
138478,65471.63537083873
138479,64920.556217458434
138480,63338.226320744594
138481,63599.96814598959
138482,61576.04995832742
138483,61374.53250188093
138484,61371.47046882474
138485,60902.34536402387
138486,59227.061698891455
138487,58133.460467391094
138488,56806.479493426974
138489,56680.45278948022
138490,57040.35524064313
138491,57271.94790182261
138492,59727.18760931538
138493,59419.07536645949
138494,58648.414839609584
138495,58495.767432115135
138496,59070.24765618435
138497,60177.6037208568
138498,60681.92020499887
138499,61069.026881542006
138500,61054.98613250584
138501,62348.43128685373
138502,62223.6237167113
138503,61027.513516976425
138504,62178.98904308657
138505,63034.21860406174
138506,63277.630871423826
138507,61593.867509701624
138508,59586.386860596635
138509,58395.07054966033
138510,57443.67821208854
138511,57346.40415958694
138512,57025.54020466309
138513,57216.58746951586
138514,57493.84601210578
138515,58067.288607506525
138516,61322.98344566447
138517,63769.3281651121
138518,65196.27571483814
138519,65388.16914233316
138520,64697.80548159879
138521,63699.56420913319
138522,62316.4102581536
138523,61787.426924530846
138524,61108.504450090724
138525,61585.64976991826
138526,63508.506200860356
138527,63003.03369765246
138528,62085.59824044424
138529,61096.72717863527
138530,59692.70253471899
138531,60275.2564511212
138532,59224.81527675864
138533,59073.57588730447
138534,57998.24539107495
138535,57371.86137431232
138536,56915.51900363291
138537,56886.10220453689
138538,57121.76840570137
138539,58352.842979008725
138540,59375.841591911616
138541,62622.23667240365
138542,68651.94062125174
138543,73289.68966542897
138544,74906.76604964501
138545,75398.3338105331
138546,75950.49772584057
138547,75718.59639212127
138548,75525.94092175677
138549,74393.67375389657
138550,72755.81628943402
138551,71774.80840362709
138552,70911.76265823792
138553,70397.06951538783
138554,70112.48098971021
138555,68973.29438815461
138556,68171.95497732903
138557,67220.7833315661
138558,65526.744756741085
138559,67311.38316717764
138560,67126.6030107708
138561,69315.02953666962
138562,70953.35937635726
138563,71992.38157606416
138564,75300.10831041206
138565,76992.86399574352
138566,78544.24036243322
138567,79029.47250255739
138568,77510.76272821495
138569,75490.85205428413
138570,72766.97307960477
138571,71183.62218791533
138572,70461.04663931616
138573,70589.37854027776
138574,72707.24163947368
138575,71894.16859772298
138576,70866.45712706454
138577,68957.58386059527
138578,67011.69072187968
138579,66915.05802971461
138580,66660.55685451953
138581,66312.76384886653
138582,65017.313846088866
138583,64247.0366934632
138584,63730.1017043657
138585,63720.1465175088
138586,63814.54097797258
138587,65479.69688801783
138588,66908.51112175429
138589,69874.82510590983
138590,73995.62134474456
138591,76928.75861299451
138592,78696.55837430387
138593,79065.98837835727
138594,78952.91293701518
138595,78919.29347869805
138596,78629.98039133425
138597,77120.13854318287
138598,76898.088459475
138599,75753.37492374406
138600,75023.08318571071
138601,74174.33193484729
138602,73173.01982687582
138603,72061.82012366019
138604,70801.91647960956
138605,70444.14551173306
138606,69365.41445915253
138607,68916.51015515339
138608,69440.98763785904
138609,70733.83758300277
138610,71405.42620268086
138611,72910.62768122705
138612,75060.32049458416
138613,76109.11370101762
138614,77077.97700456237
138615,76174.7211678931
138616,74121.11182920524
138617,72640.28778245547
138618,68777.87519867223
138619,67034.38794268771
138620,66149.78185689363
138621,66331.8515144566
138622,68138.82410201133
138623,67286.42273934672
138624,65768.32366861668
138625,64468.63376129751
138626,62909.74261193676
138627,62817.9460863963
138628,61608.038690630005
138629,61318.046507077954
138630,59883.536016506085
138631,58899.42360086007
138632,57998.51602564551
138633,57598.69520998054
138634,57938.503715357074
138635,59184.02846096825
138636,60600.58514678037
138637,62966.513246638104
138638,67118.78306047349
138639,71075.01409032344
138640,72592.79876554232
138641,71893.79176942742
138642,71803.16184847637
138643,72349.40556296788
138644,71453.20517729239
138645,70741.43456474112
138646,69532.63574669811
138647,68954.20399381076
138648,68646.47427053853
138649,68425.97798371647
138650,68233.65707823595
138651,66756.05518972652
138652,66120.94965284156
138653,65403.935382712065
138654,64962.141500706726
138655,64348.55890863465
138656,63821.438491852015
138657,63442.63577500027
138658,63418.787855168994
138659,63756.77681744685
138660,65657.38495308947
138661,66699.8818706605
138662,67508.82403749702
138663,67351.54230251945
138664,65574.65520496559
138665,63116.1439923363
138666,59088.05934322995
138667,57885.6877137187
138668,56646.05176837833
138669,56527.83880252562
138670,58120.61025229776
138671,57182.896324232046
138672,56678.87654049549
138673,55294.73690623849
138674,52692.588958752516
138675,51806.73963300066
138676,50870.79709385003
138677,49951.38950331187
138678,48557.94170216875
138679,47346.20571200154
138680,45909.81172535322
138681,44933.954782287285
138682,45059.483368139874
138683,46025.62329760197
138684,47151.044127216
138685,50606.87864305268
138686,53301.319718168954
138687,55133.81490172821
138688,56399.639924579664
138689,56688.524915688744
138690,56805.64544925527
138691,57416.368914121595
138692,56691.008232464796
138693,56480.655774474304
138694,55209.456127391975
138695,54924.67235103724
138696,55363.971749223216
138697,55058.84479677134
138698,54961.191078628966
138699,54074.59448519966
138700,53289.67558027209
138701,52680.582809412575
138702,51934.33070271507
138703,50857.10543586271
138704,50701.443292554715
138705,51263.956416457724
138706,51753.523623964196
138707,52991.46272064679
138708,56497.99661757246
138709,58707.3110055499
138710,60147.52657863168
138711,60050.4212791636
138712,58433.18690563912
138713,56280.86326882279
138714,54692.820502182185
138715,53037.794501648226
138716,51645.00488637535
138717,51709.109988729
138718,53685.3117154188
138719,53084.12787498494
138720,50079.37703773962
138721,48604.50688228119
138722,46597.41452000787
138723,45365.723127504854
138724,44939.96295999736
138725,44277.80976183784
138726,43399.181356570356
138727,43055.805301716005
138728,42433.86332177149
138729,42413.22158589337
138730,42739.94198667967
138731,43630.73412932017
138732,44774.08554064604
138733,48436.54434692922
138734,50693.518778951584
138735,53139.60463370363
138736,54365.06854218207
138737,54793.427248053864
138738,55497.91654795583
138739,55902.90399424935
138740,55409.647624495534
138741,55179.677371403166
138742,54730.8145088822
138743,54225.096842263985
138744,54624.82413268575
138745,54341.95259572198
138746,54291.115908531065
138747,53328.94030981123
138748,52759.76175837198
138749,52225.10099524318
138750,52240.8069953628
138751,51301.27172329873
138752,51709.09221415375
138753,52186.794583121104
138754,52390.88570402848
138755,53967.33536935071
138756,57471.474796475275
138757,59098.405998262344
138758,59367.24908604936
138759,59620.49964545126
138760,58167.332240713185
138761,56142.30991573004
138762,53255.30256078594
138763,52068.17916825072
138764,51294.812655062444
138765,52330.622894190084
138766,54432.09469000571
138767,54574.03366634212
138768,55207.613238157006
138769,54476.18674225974
138770,52463.708164945245
138771,52775.483288225405
138772,52283.86320562323
138773,51644.229162650554
138774,49488.13029027849
138775,48333.02562916579
138776,47487.90585859936
138777,47498.39633028093
138778,47760.76813198084
138779,48906.371533785605
138780,49245.79078248785
138781,48473.13596575991
138782,49344.99600738929
138783,50345.79245361629
138784,52195.713236674594
138785,52805.66799992319
138786,53483.93256831654
138787,56033.06447806722
138788,56065.37580984076
138789,57137.75725670087
138790,57088.91102844195
138791,57310.56881740976
138792,56545.9759635442
138793,57012.77723119043
138794,57049.07409194819
138795,56420.04747424824
138796,55323.42864169833
138797,55153.54500392978
138798,54528.182205706275
138799,53560.40316045318
138800,53326.71493544451
138801,52927.717367957346
138802,52966.89807920699
138803,53350.07697452245
138804,55819.7473527513
138805,57461.0000605337
138806,58407.64600427726
138807,58320.36142930575
138808,57578.75939598173
138809,56277.55487059851
138810,54281.776720714755
138811,53691.954196090956
138812,53185.16347666362
138813,53979.927524192295
138814,56224.84185182016
138815,55536.719957905865
138816,55177.14014074676
138817,53763.62021518878
138818,52235.62055195161
138819,51727.47347842427
138820,50730.89189050087
138821,51782.907876038276
138822,49792.74926730795
138823,49535.034488286714
138824,48841.509738514374
138825,48969.07843692446
138826,49161.81821358589
138827,49302.82206047191
138828,49552.311922181216
138829,50016.35467431684
138830,50344.02760589934
138831,50214.360299152664
138832,50593.0973425652
138833,50776.945937159035
138834,53556.483335036966
138835,55164.73196658073
138836,56025.45644096719
138837,57088.154012819796
138838,57740.70483708907
138839,57387.875274257196
138840,57839.04670028179
138841,58658.94560804532
138842,58729.166030802444
138843,56964.96789528645
138844,55228.15254596125
138845,54818.366453610564
138846,53494.74514608629
138847,52523.186416076234
138848,52399.413630834955
138849,52496.25029875617
138850,52488.818563713365
138851,53041.00893305651
138852,55143.56367891873
138853,57277.51319840695
138854,58122.10281993627
138855,58279.4687449806
138856,56762.05442151835
138857,55042.212111811095
138858,53066.3886924291
138859,52546.039746480245
138860,52128.6518020627
138861,52190.49876905978
138862,53985.00864263555
138863,53368.510306806034
138864,52168.707352085345
138865,51186.71618314253
138866,49294.76113615591
138867,48627.78645588559
138868,47945.020784875866
138869,47561.15656341429
138870,46247.917236889465
138871,45686.48851111724
138872,44968.74054509677
138873,44939.03280736851
138874,45253.6086607462
138875,46596.38798810565
138876,47736.50040802774
138877,51832.42653797527
138878,54492.346631379034
138879,57417.14985118352
138880,59736.49531929693
138881,60898.37810054267
138882,62191.54598913652
138883,61924.643513007984
138884,61703.70832529966
138885,60724.32334639106
138886,59448.95274408229
138887,59855.032333475996
138888,58866.490562671504
138889,59719.9004498532
138890,59940.17916295998
138891,59300.20707593553
138892,59106.08370156783
138893,58282.93637175502
138894,58035.27860272548
138895,57483.15547459156
138896,58011.9158838171
138897,59138.4007123467
138898,59714.748477711604
138899,60089.226396406004
138900,61659.98971444099
138901,63078.626181031876
138902,65655.85624440826
138903,65756.94321993555
138904,64281.10041741347
138905,61079.87289706027
138906,57043.84954241125
138907,56069.859607996426
138908,54816.497261174234
138909,54616.546888363126
138910,56092.37963837053
138911,55169.34031223356
138912,54857.78060892867
138913,52800.89995026414
138914,50976.75476730418
138915,49836.44716408495
138916,48987.31573006001
138917,48136.65513586507
138918,46835.859184335866
138919,45848.82728345686
138920,45060.72792156834
138921,44353.59896411246
138922,44128.59622882332
138923,44349.56542924165
138924,45624.78090074185
138925,49194.96872358979
138926,51931.91630801189
138927,54824.84908158868
138928,56132.11479108554
138929,56393.8691003986
138930,56519.593434653834
138931,56469.56543986284
138932,56309.325948206446
138933,54991.239148638866
138934,54340.939252441174
138935,54320.83177286514
138936,54479.29239213525
138937,54890.941565954665
138938,55458.09904813137
138939,54997.75856459466
138940,53828.08881764889
138941,53590.20435240951
138942,53076.1443705144
138943,52727.2774344946
138944,52615.04763914839
138945,52728.94031585255
138946,52768.85328291942
138947,53216.79515891488
138948,55080.06600714434
138949,56963.281687425086
138950,59422.07219321988
138951,59045.52270584604
138952,57163.63728258538
138953,55028.901397726004
138954,53686.3791720457
138955,52036.91528993258
138956,50799.41196513299
138957,51330.98858244765
138958,54032.52590127273
138959,53940.923761400496
138960,52359.19007710841
138961,51022.207141225204
138962,48787.14359107257
138963,48123.91634354875
138964,47597.005371530664
138965,47335.78291372556
138966,45891.31534549359
138967,44723.00785711076
138968,43660.41622474573
138969,42662.56703681663
138970,42725.79738917057
138971,42827.473393789405
138972,44253.49950446628
138973,47554.8684202385
138974,50174.49217111197
138975,53404.23505754138
138976,55366.49934211517
138977,55670.77514977635
138978,55586.99053383278
138979,55039.69289508668
138980,54758.59713953861
138981,53778.99976550068
138982,53489.362508299106
138983,53366.984307137536
138984,53834.09138424051
138985,53515.15778217906
138986,53341.41693278375
138987,52329.65229056488
138988,51202.26898549237
138989,50375.41176936708
138990,49937.74635836702
138991,49577.41652520276
138992,49571.848759846886
138993,49744.00610637018
138994,49886.17421187512
138995,50853.120246534905
138996,53863.46758717897
138997,57343.782632426104
138998,59319.27322939579
138999,60140.89121186709
139000,58696.69447384353
139001,55949.39471201975
139002,54784.269946703644
139003,53861.878393630825
139004,54353.424273823985
139005,55162.941784192604
139006,56843.62103375394
139007,56563.54699113799
139008,58660.819326301425
139009,57035.993091003766
139010,55390.64214471081
139011,55302.93222462642
139012,55012.58229280789
139013,54487.32612906184
139014,52862.80697350055
139015,52206.40039545267
139016,51870.16666938992
139017,51945.313832164116
139018,52202.96142797357
139019,54091.25978397272
139020,56186.55640372674
139021,58411.418503489534
139022,62631.415607479204
139023,64804.074943855725
139024,66121.9455539444
139025,66155.47414078884
139026,66391.31986888949
139027,66759.25548218148
139028,65903.88835563736
139029,65811.8821845813
139030,65805.8629900745
139031,65295.291270163296
139032,64673.87845766784
139033,64299.937014521405
139034,64203.19679877895
139035,62831.153370283086
139036,61367.577168268195
139037,60653.114631267286
139038,58954.11786717479
139039,58788.89887408929
139040,59720.82784597876
139041,59938.60594275877
139042,60106.57202005004
139043,61472.08672910258
139044,63257.28759697753
139045,64646.90119894369
139046,66724.79610694908
139047,66604.12671021465
139048,65222.6628858445
139049,61591.14715940901
139050,57415.33405455321
139051,56521.15553316332
139052,55387.213725107315
139053,55616.65555350352
139054,57421.9713905615
139055,56846.5568128612
139056,56524.37148757219
139057,56456.292530492734
139058,54228.485340474355
139059,53736.08333350965
139060,53272.5957609052
139061,52757.25039089839
139062,52059.44591819948
139063,51460.68606165616
139064,50866.93241031735
139065,50822.0943921968
139066,51061.06444482125
139067,52220.045496512765
139068,53742.70949882933
139069,56559.16775607353
139070,60013.891360147114
139071,62217.9692609681
139072,65111.63504270865
139073,65525.691684234705
139074,66034.77110930758
139075,66280.63377293442
139076,66326.42280294767
139077,65495.95591874315
139078,63975.70692478629
139079,63667.90498659448
139080,63534.95470401121
139081,63204.25001480716
139082,62999.74297144389
139083,62040.746247566334
139084,60902.02735136788
139085,60419.89197253355
139086,58252.78632729373
139087,58085.5379221805
139088,58740.67580247431
139089,59071.783399131615
139090,59137.24458740212
139091,60596.11623597166
139092,61971.274068435516
139093,63479.80575560191
139094,65236.95476175198
139095,65200.77299741457
139096,64320.16862573647
139097,60956.3885979955
139098,56780.69830834675
139099,55806.680758206065
139100,55077.11836637084
139101,55073.11641693171
139102,57070.74557557986
139103,56561.50028023112
139104,56556.306214246666
139105,55106.29353254671
139106,54452.27456170367
139107,54222.81560674016
139108,53583.219491611344
139109,52870.844038459625
139110,51022.50234201883
139111,50057.736282888036
139112,48889.7519390371
139113,49456.573508257956
139114,49210.86879852425
139115,49474.985240915536
139116,49656.61943019659
139117,49839.30429912981
139118,50385.145726579205
139119,51748.4251067297
139120,53667.31567346302
139121,54652.45946156076
139122,54270.198617529844
139123,55854.73494836532
139124,56263.26019452461
139125,57963.323411905585
139126,57734.39910724909
139127,58016.22161128536
139128,58038.63300862894
139129,58404.60240115962
139130,58049.22156062038
139131,56744.408095626466
139132,55984.817115244725
139133,55562.045784851216
139134,54808.80271869924
139135,53963.66065535166
139136,53896.07787772197
139137,53619.9464369646
139138,53186.64434454365
139139,53380.79275928724
139140,54526.96854784127
139141,56152.13255062087
139142,57093.796774276445
139143,57145.94765707923
139144,57701.700519592225
139145,56170.14581410651
139146,55146.7663768449
139147,54571.81357166529
139148,53284.95272194861
139149,53540.972303998904
139150,55746.2529122696
139151,55257.24663206588
139152,56699.44454684473
139153,55296.73277333295
139154,53895.51871166388
139155,53623.41448165058
139156,53881.85724951223
139157,53775.75018537102
139158,52061.45530591307
139159,51209.13183753206
139160,50235.80411111929
139161,49921.262856388974
139162,49882.586070922815
139163,49887.93020068991
139164,51328.340893076675
139165,51208.91419799218
139166,52083.73661894543
139167,52844.55230070992
139168,53239.36778376143
139169,53941.129886849965
139170,54931.94520629187
139171,57645.01632558188
139172,58468.81113967551
139173,59663.941230064855
139174,60081.00118981944
139175,60670.89679072841
139176,61705.490238488426
139177,62332.15725003038
139178,62478.91457711045
139179,61319.37051074234
139180,58526.959500591365
139181,57023.28545702224
139182,56267.98099893735
139183,56041.52813724143
139184,55550.265003183486
139185,56586.21729807511
139186,56951.75564196664
139187,58082.6199246832
139188,59844.514212501286
139189,63035.77448726051
139190,64716.42120548705
139191,64797.066397518865
139192,64243.2641855107
139193,63323.379031517674
139194,62317.04220076171
139195,61763.11827902132
139196,61129.402842970674
139197,61271.366149832174
139198,62944.19159814434
139199,62662.757245508044
139200,64544.71964757135
139201,64800.25330173351
139202,62844.057101583414
139203,63417.28457224674
139204,62157.00639060414
139205,61476.85502478378
139206,60739.661729515494
139207,59551.740768996875
139208,59121.48189406995
139209,59113.82804383641
139210,59340.47059740905
139211,60856.08659002989
139212,62537.520324699384
139213,66992.000411405
139214,70873.90116494283
139215,74379.08109907774
139216,76093.98739270239
139217,76253.83842345045
139218,76065.08678869225
139219,76549.06265934632
139220,76317.81013258833
139221,75821.51117561197
139222,74673.02403487651
139223,75062.92792811016
139224,74367.48015609452
139225,74355.25858691827
139226,74404.1041768981
139227,73981.92668048758
139228,73877.63806243545
139229,73403.13177646181
139230,72225.17131435532
139231,73085.4443197793
139232,72871.11736365443
139233,72437.75203742548
139234,72256.79740917038
139235,73144.47857072459
139236,74761.49219418336
139237,76263.92567974927
139238,79095.01672130261
139239,79236.90458853386
139240,77464.73271323463
139241,75466.8895614962
139242,73163.11047140928
139243,71319.54234517433
139244,70323.86266487524
139245,70503.70083818941
139246,72222.4360372405
139247,71336.23234309546
139248,69447.8824280394
139249,68598.86545358434
139250,66467.66982109784
139251,66153.34350593429
139252,65883.70754713849
139253,65192.90683172753
139254,62444.77384525903
139255,61561.102493278384
139256,61029.78365093878
139257,62698.25918997395
139258,62737.76597842638
139259,63917.89130059468
139260,65722.08082256987
139261,69611.62627960744
139262,73238.31776321249
139263,76002.69650178071
139264,77591.81123368116
139265,77493.7100392868
139266,77480.54312915055
139267,77324.29501792301
139268,77280.02987347837
139269,76898.95623654756
139270,77125.9430029972
139271,76900.47121141461
139272,77546.62906816072
139273,76689.95768968137
139274,76250.40059964398
139275,74583.45095120871
139276,74083.83664844716
139277,73882.43577618698
139278,71189.38769302345
139279,70656.88363139595
139280,70338.65505279704
139281,69746.98919019761
139282,69613.25092920368
139283,70699.92787840411
139284,73675.81099850115
139285,75087.95203037454
139286,76713.4829681257
139287,76585.29530068151
139288,75210.36155923882
139289,71918.11146742078
139290,69606.84203014513
139291,67257.19933100228
139292,65944.5527526626
139293,66219.26086228578
139294,68561.60729012986
139295,67705.73547200277
139296,66236.96127395102
139297,65413.42986823132
139298,63749.277272454245
139299,63607.76155408177
139300,62752.65218535329
139301,63980.071563981
139302,61605.37885260625
139303,60340.28280505068
139304,59878.29453213693
139305,61850.39238277637
139306,61968.47394981085
139307,63680.30430189047
139308,66973.98789027425
139309,69699.04067640076
139310,73237.08656526681
139311,75798.6179898034
139312,76722.93715135407
139313,77016.96027111971
139314,76886.46914452875
139315,77170.06626356689
139316,77167.38373571164
139317,76921.39358809376
139318,76964.93228125657
139319,77110.0320286601
139320,76780.09578261127
139321,76326.80438051336
139322,76315.94579100194
139323,74748.44100682613
139324,73837.1176709984
139325,72380.07895516869
139326,69706.71894223649
139327,70987.92597750762
139328,71704.98688839303
139329,71823.99381180193
139330,72900.05662873232
139331,73921.86945857567
139332,75511.96251275491
139333,77630.53948974381
139334,79872.82105888965
139335,80073.35482592935
139336,78188.14968298492
139337,76113.9457799058
139338,73684.52156554432
139339,72903.06967141
139340,72095.2072729274
139341,72302.19380573124
139342,74194.45257144578
139343,73703.23107255441
139344,72495.17522823466
139345,71277.66782007352
139346,70255.93901926151
139347,70016.7481331496
139348,69496.55663070186
139349,69268.09944182062
139350,67940.62025860995
139351,66820.05435751578
139352,66070.01826253676
139353,66060.06307567988
139354,68299.17956165508
139355,69687.29673965115
139356,70831.37044449167
139357,71459.20195130838
139358,75362.26097456526
139359,79061.34613425769
139360,80535.18821505053
139361,79470.5256529673
139362,78066.890319869
139363,78474.20180588726
139364,78011.04331433136
139365,77648.21657904486
139366,77474.92076819463
139367,77225.79749800239
139368,77205.81486596698
139369,76671.01768224536
139370,76259.1050089419
139371,74916.73930814644
139372,74024.15627526933
139373,73341.35832128141
139374,70643.91113630706
139375,71291.02190008792
139376,70938.42329382834
139377,71370.5283370011
139378,72195.84228473954
139379,72567.53480772031
139380,74168.20420673167
139381,76149.83232743376
139382,78367.09102335127
139383,78388.03802926152
139384,76868.62013207893
139385,74676.01402981287
139386,72483.80432265814
139387,71198.14850830051
139388,69994.50206348748
139389,70436.04230119466
139390,72396.80906095884
139391,71956.81763787466
139392,70651.75683032563
139393,68992.51691290908
139394,67061.02491705767
139395,66974.8572420173
139396,66441.45095944621
139397,66165.5011959994
139398,64762.571530040346
139399,64257.10101086428
139400,63615.67476547358
139401,63516.015347501896
139402,63557.55944804006
139403,64903.29015520517
139404,65921.62869035582
139405,68781.48208932635
139406,71148.05218260785
139407,74229.36618884999
139408,75882.30309718035
139409,75882.15283679226
139410,76012.29976151393
139411,76680.03476638393
139412,76957.99576692175
139413,76924.27979586695
139414,76243.31361103454
139415,76484.35857941634
139416,76655.15790070915
139417,76455.89118008719
139418,76138.92190613603
139419,75325.51636391772
139420,75126.49002246319
139421,74750.04530327053
139422,73219.52014617974
139423,73392.84128275386
139424,73031.22670504873
139425,73373.50767317066
139426,73246.25208449227
139427,73208.33672447946
139428,74268.5175405386
139429,75112.69894935607
139430,76452.93890157307
139431,76534.82997725914
139432,75012.52998131028
139433,72996.42287080055
139434,71978.56729121968
139435,71518.65954777205
139436,70513.34418288211
139437,70637.14427599528
139438,72856.05341925513
139439,73233.90997244562
139440,69838.02526517014
139441,68439.44579541321
139442,67122.1258377029
139443,66899.6927301924
139444,67108.13949902226
139445,66919.13489230655
139446,67079.85717413687
139447,66468.81657073711
139448,66018.64707045848
139449,66084.4335148532
139450,66124.29692159634
139451,66021.61768408936
139452,66319.47124280105
139453,67350.19701823566
139454,64560.66076955196
139455,62458.43581860545
139456,62637.03926007101
139457,63454.74791633817
139458,63870.12697809917
139459,64785.58879373483
139460,64919.12081668483
139461,65059.36066798659
139462,65136.899292400536
139463,64820.35640812553
139464,64995.047904420404
139465,64880.5746148072
139466,64981.44611024667
139467,63930.05542242864
139468,63438.26536293473
139469,63295.17804642128
139470,61871.93819549733
139471,61391.05389643412
139472,61433.666025606835
139473,61762.06759726406
139474,61868.28970935758
139475,62225.40222085097
139476,63569.00664691511
139477,65487.89086316184
139478,67282.16724682492
139479,67338.25220388379
139480,66416.6443613961
139481,65046.3539982812
139482,64689.69521914324
139483,63473.260038085326
139484,63403.83897181268
139485,63622.27103241981
139486,65282.78931915889
139487,64751.348081544194
139488,69667.08206065872
139489,68487.27531550145
139490,68326.42258809607
139491,68073.10722678977
139492,68127.28937211956
139493,67640.8334101377
139494,66866.42267302393
139495,65520.74950946372
139496,64410.34933416595
139497,63976.872729195005
139498,63797.773505991194
139499,64222.81212412295
139500,64225.047227622665
139501,64141.5612514717
139502,61057.264727670365
139503,58160.92444641911
139504,58834.544762630096
139505,59201.373802732494
139506,59764.47914490224
139507,60613.57827559038
139508,60761.08533033662
139509,60288.4157725512
139510,60334.930461718504
139511,60881.88080651344
139512,61290.31392655198
139513,61225.02800900214
139514,60515.13765157297
139515,59401.04897177957
139516,57293.80191712381
139517,55889.99367856171
139518,54264.76876749844
139519,54472.96725158171
139520,54413.32459387175
139521,53949.069933960534
139522,54813.84961196675
139523,56247.04294513373
139524,58421.93953349736
139525,61150.07703074521
139526,63709.636230385004
139527,63957.84203561126
139528,63113.350986344965
139529,61743.1621558358
139530,61070.11969144645
139531,60171.126883805366
139532,59419.947349270056
139533,59797.19884472277
139534,61802.32106038918
139535,61682.57746810219
139536,61413.343363266846
139537,59822.75453607083
139538,57453.01275338749
139539,57034.90469481281
139540,55553.17683903138
139541,55212.58934223972
139542,54049.04900538767
139543,52918.63452797959
139544,52392.103334465406
139545,52280.13096307514
139546,52430.4335205884
139547,54316.35350122603
139548,55593.191043405786
139549,58843.56560168611
139550,61887.003585496546
139551,64241.12125089035
139552,64790.468535062035
139553,64431.03787603206
139554,64948.18740203662
139555,65227.01722159946
139556,64539.9829349915
139557,64078.99029452385
139558,63524.75035111119
139559,62113.47729213444
139560,62334.89374696158
139561,62387.23737778776
139562,62465.88384587407
139563,62290.889225771745
139564,61874.00773840899
139565,60913.1949923969
139566,59062.342809915324
139567,58198.15459556726
139568,58404.34898279563
139569,58550.33374622364
139570,58912.076576212225
139571,59466.578996307224
139572,60634.38586853971
139573,61898.77535721656
139574,64332.40024887751
139575,63840.671430597955
139576,62565.55098274348
139577,60718.30051619305
139578,57880.48978363571
139579,56193.047401955075
139580,55085.801095422
139581,55178.64821214776
139582,57341.956324426275
139583,56232.48105936486
139584,55735.688479439166
139585,54185.703841200695
139586,53038.3108867881
139587,52433.66596706605
139588,52118.070252775884
139589,51876.446015402755
139590,49915.77794684266
139591,49269.7042332501
139592,48685.3732042667
139593,48543.54766916714
139594,48804.956356804156
139595,51578.83622306422
139596,53262.970006377094
139597,54624.183826747525
139598,57406.923135585224
139599,60546.60118239125
139600,61501.11639383969
139601,61194.689378365576
139602,61637.41451949287
139603,61532.38811093298
139604,61693.924096194554
139605,60795.48501663983
139606,58828.48798306271
139607,56968.646433775655
139608,57412.76332162716
139609,56560.21209490072
139610,56104.619303793836
139611,54833.360183064506
139612,53585.47975558728
139613,52089.58703440316
139614,50635.42774997154
139615,50998.5803930571
139616,51442.470703206985
139617,52000.97176204727
139618,52088.816074248134
139619,54363.78984645268
139620,56606.84067552729
139621,57912.93727281054
139622,60865.81892655745
139623,60637.735924341025
139624,59318.95587116487
139625,55445.81725539982
139626,53580.94534705936
139627,52928.26756930677
139628,52485.06358091266
139629,53674.184877232314
139630,55923.05682472843
139631,56145.53304631671
139632,55715.03671755181
139633,54585.558754380116
139634,52534.18526782678
139635,52002.40567369376
139636,50981.61158614278
139637,50322.54884838139
139638,48773.7359889875
139639,47976.15539943128
139640,47537.72678270578
139641,48336.215383045885
139642,48772.606192131694
139643,50472.42330618002
139644,52068.58099666598
139645,53895.619939871984
139646,55775.00668621366
139647,57703.46808108812
139648,59862.308345198806
139649,59959.03383470361
139650,61524.544277103785
139651,60995.46799669111
139652,58940.07752586796
139653,57411.72540070145
139654,55775.36502690835
139655,55138.2596799151
139656,54963.52861753531
139657,54592.901609161665
139658,54459.12881682607
139659,53345.89545799165
139660,51873.80558512681
139661,50590.1387923943
139662,49727.75242808379
139663,49554.57292528316
139664,50813.89561788979
139665,52396.59450468484
139666,53490.829575502416
139667,54499.763198054934
139668,58058.31647061406
139669,61038.64201372146
139670,63555.25945392106
139671,63391.31798476509
139672,62345.647335005444
139673,59715.441281105646
139674,56207.872977923325
139675,55183.88301271963
139676,54337.308112776984
139677,54551.26259691216
139678,56153.728156763296
139679,55682.571886120924
139680,57334.22017240522
139681,55512.42409061378
139682,52933.6002802016
139683,51743.571212136216
139684,50260.759747880285
139685,49326.95779968431
139686,47968.62193551474
139687,46744.174472079445
139688,46190.71810168868
139689,46380.666145759926
139690,46406.06080575068
139691,47838.42628102204
139692,49824.81203892977
139693,52872.964761094234
139694,53941.56431605266
139695,56400.781980959095
139696,58990.66656997195
139697,59476.80794660486
139698,60417.028331565285
139699,60232.276623710495
139700,58980.46932478855
139701,58560.9817086957
139702,56778.20657967187
139703,56905.68598572578
139704,56846.60419142227
139705,56709.97408432507
139706,56531.805621087864
139707,55651.730912280946
139708,54422.672416042406
139709,53563.60445092582
139710,52563.404577764355
139711,51888.989042376605
139712,51776.07509700644
139713,52061.70478285823
139714,53376.84441227256
139715,54531.82268995883
139716,55710.26985479756
139717,58470.485344384484
139718,61268.33150671602
139719,61471.72550293006
139720,60748.78387181597
139721,58576.970366213245
139722,55427.39543842423
139723,55184.574445645485
139724,54487.525099768296
139725,54657.19109470807
139726,56782.16876289463
139727,56016.85810795893
139728,57186.128053496825
139729,55484.69234097288
139730,53194.42638155589
139731,53114.88117647956
139732,52741.28181566597
139733,53075.80333155299
139734,51986.33890269125
139735,50812.30812079909
139736,49835.44218494557
139737,49749.03902942393
139738,50078.97468339053
139739,51504.90032848014
139740,52839.55222202344
139741,53562.5809606639
139742,56327.43656592105
139743,58411.2598829644
139744,60240.93941657979
139745,60220.66841656431
139746,61136.79146128078
139747,61153.26424059473
139748,59239.36014431871
139749,57399.962883724336
139750,56718.13839925957
139751,55818.23136778508
139752,55148.580662144406
139753,54793.105398807864
139754,54654.23282576815
139755,53159.484392492064
139756,51854.45939856153
139757,50545.31279036257
139758,49415.93325522112
139759,48764.22078921067
139760,48457.71482778368
139761,49369.75387942633
139762,50319.4475226888
139763,50847.14911549123
139764,52729.5941747489
139765,54714.47317790175
139766,57396.59379520514
139767,57625.589012571174
139768,56620.015284548426
139769,53826.016820059995
139770,52122.732776734265
139771,50192.26276609393
139772,48983.04738172041
139773,48862.34276420134
139774,50842.53244619616
139775,49892.791842886414
139776,47977.14746056514
139777,46254.87553034026
139778,44495.722896984655
139779,44396.69174412304
139780,44276.27496635903
139781,43226.56592676847
139782,42354.72423180204
139783,41376.301761380644
139784,40235.81618745761
139785,40231.06485466521
139786,40335.08443505158
139787,40769.598963381184
139788,41170.67698392082
139789,41541.43751037143
139790,42201.435412254825
139791,43701.19259169516
139792,44508.83351369898
139793,43667.591872715806
139794,43806.44397861862
139795,43937.87186007289
139796,43652.57988136347
139797,43195.48615992589
139798,41234.20984291773
139799,40799.29680719031
139800,41203.25002002803
139801,41294.420301743216
139802,41243.461937944165
139803,39896.4764412363
139804,39195.38318379703
139805,38836.48408391666
139806,37771.203312657744
139807,37089.03600243621
139808,36984.23045320742
139809,37109.28475549128
139810,37257.112939937404
139811,37552.715510765105
139812,39482.112393667056
139813,42814.943570259275
139814,46076.209492379145
139815,46505.778428497884
139816,46283.777064855436
139817,44280.25887553995
139818,42962.24178647265
139819,42614.29511668705
139820,42027.80815889183
139821,43057.45240026981
139822,45353.77801170155
139823,45282.09708243756
139824,45376.522886696344
139825,45143.659976415955
139826,43130.16024794458
139827,43900.43812570352
139828,43709.55845007874
139829,43376.8100477889
139830,42193.29474570751
139831,42033.48289279228
139832,41447.79964535043
139833,41412.404327772834
139834,41622.45304185828
139835,41887.39783972748
139836,42279.7665722972
139837,42023.26410445542
139838,41389.47097801952
139839,41688.63384380187
139840,41746.23875418133
139841,40959.2923865219
139842,40056.599327630734
139843,39948.10411400029
139844,39735.61257733695
139845,40514.07955918431
139846,39875.419367163784
139847,40022.181176129074
139848,40367.81147633831
139849,41141.87966524173
139850,41307.9982409608
139851,40327.096625950966
139852,39419.114259116104
139853,38476.60043947725
139854,37571.3931660387
139855,36972.42971824814
139856,36863.24661334494
139857,37290.666408186386
139858,38095.539665288285
139859,39869.969557256314
139860,41605.067778314
139861,44142.364374480305
139862,47593.93241984498
139863,48091.02448006066
139864,47923.249193306714
139865,47180.41951462339
139866,47082.0588372827
139867,46436.25185969897
139868,45036.180978618846
139869,45342.080066619565
139870,47455.466328216084
139871,46933.46607560017
139872,48243.40014346133
139873,47872.84362959518
139874,45591.47331995957
139875,44851.980427935065
139876,44808.39194754256
139877,44168.67527268855
139878,43375.16458214052
139879,42901.569319232396
139880,42248.29335414471
139881,42419.62932414866
139882,42850.89583929997
139883,43738.29170586827
139884,44858.382165883406
139885,47908.94630128374
139886,50594.39793773881
139887,53039.09350818392
139888,54480.50201545624
139889,56400.50046997929
139890,57794.235788472644
139891,58278.392520007255
139892,57724.47975514589
139893,57477.18689194828
139894,56863.688375852944
139895,56958.880319742486
139896,57875.403855938814
139897,57997.08313436066
139898,57947.96003434393
139899,56484.10516553545
139900,54870.71715784081
139901,54218.10150813348
139902,53868.43009793648
139903,53257.13399661239
139904,53442.10569622288
139905,53285.8982246783
139906,53257.802139056694
139907,53290.84164042632
139908,53846.431158011655
139909,55775.19908530529
139910,58393.01144378347
139911,58803.87532172612
139912,57943.094635169815
139913,55654.705944586814
139914,54553.84514963448
139915,53105.60033333231
139916,51659.18635528782
139917,51734.63934032075
139918,53870.80774423674
139919,53275.04516391678
139920,52309.618959394924
139921,50419.93775213198
139922,48143.98572909205
139923,47491.88408699596
139924,47216.34503392096
139925,46505.06517638337
139926,45378.35717889005
139927,44818.85871089955
139928,44217.292018572654
139929,44182.9070004014
139930,44659.10617808092
139931,45753.154123743
139932,46844.91952763327
139933,50259.064049153516
139934,51606.933067335565
139935,53411.96056161562
139936,54721.42903589723
139937,55028.34889202259
139938,55544.98699894594
139939,53858.27569083732
139940,53440.37089205563
139941,53006.16587346949
139942,51972.69320422063
139943,51749.88925148715
139944,51773.053931878516
139945,51331.46188784336
139946,50922.269049178736
139947,49362.10022320857
139948,48283.583868912894
139949,47384.56928706233
139950,46740.567566803664
139951,46546.97074462101
139952,46914.50776530171
139953,47194.654792217494
139954,48599.9758202078
139955,48943.64444940926
139956,50207.19573286204
139957,52862.1224672432
139958,56069.0279178991
139959,56339.02172513247
139960,55139.76618468739
139961,54239.604877669306
139962,52790.546357465675
139963,52156.0196076956
139964,50876.345020414876
139965,51167.40479666649
139966,53211.121570264775
139967,52525.35505326988
139968,51113.07553945863
139969,49614.96033941624
139970,47463.846599022356
139971,46985.67922024367
139972,46831.22207972246
139973,46066.447437181574
139974,45096.51718806783
139975,44622.71492288084
139976,44423.299915148804
139977,44391.46637422903
139978,44522.55623824391
139979,45594.418038870215
139980,46902.701118367724
139981,50906.544089999705
139982,52075.810676706584
139983,54496.4711377645
139984,55064.26724765544
139985,55600.22716115371
139986,55540.26431104693
139987,55036.18629725991
139988,54573.19927961296
139989,53376.89508881521
139990,53136.58713679838
139991,52717.92860364075
139992,53059.08160644729
139993,52173.2004836408
139994,52198.781401816836
139995,50982.517472508975
139996,49592.780646136875
139997,48660.35259816888
139998,48036.9772299233
139999,47932.12640323832
140000,48691.34626604838
140001,49446.63780975508
140002,49481.434209426225
140003,49798.09812300214
140004,50890.2389756043
140005,53910.94703398603
140006,57120.026542182284
140007,57457.683439988694
140008,57071.249820568344
140009,55517.12542092003
140010,54026.264422444045
140011,53317.32336453532
140012,51892.65388738849
140013,52052.64198366052
140014,54154.771298162836
140015,53433.48466541142
140016,52358.11848410671
140017,51527.580455635936
140018,49642.89819649562
140019,49939.725526567905
140020,49663.52735941566
140021,49286.826609694996
140022,48239.02158166107
140023,47230.73291504443
140024,46658.61570847996
140025,46536.573723475405
140026,46788.09131073827
140027,48133.42194434287
140028,49732.194090553334
140029,53165.21089435409
140030,55031.52888972668
140031,57528.44606001509
140032,58978.60140883174
140033,58644.37143314838
140034,58468.0660305739
140035,58304.002425260995
140036,57533.06337772636
140037,57023.00564479106
140038,57021.005854626266
140039,55618.79914044471
140040,55931.02858632474
140041,55266.99075088521
140042,55253.88292549436
140043,53804.85392683332
140044,52350.07678912599
140045,51809.44200876637
140046,51028.82443087972
140047,50927.67147255698
140048,50795.648178276046
140049,51416.17213323615
140050,51516.80502042841
140051,51943.22417297944
140052,54194.05007509704
140053,55924.67075582813
140054,59860.41913261116
140055,60285.792030776836
140056,60506.324482636046
140057,58023.93587783939
140058,55606.50418257349
140059,54684.91659744838
140060,53746.06887151378
140061,54149.16338667586
140062,56366.16993872332
140063,56003.75787453202
140064,55696.9977559597
140065,53954.05959533443
140066,51965.2558093135
140067,51620.18122315068
140068,50735.30131591421
140069,51055.892604217464
140070,49786.97059710605
140071,49111.88678123974
140072,48279.14101532464
140073,48625.36099283561
140074,48718.826994190065
140075,50277.42998282294
140076,52815.22517268453
140077,55398.48564916561
140078,58155.62666920663
140079,60677.92685838959
140080,62148.43593636028
140081,61673.619089421605
140082,61617.858119645985
140083,61556.730932360755
140084,61445.84590267107
140085,59239.059219936935
140086,57957.12427051329
140087,57313.571057343695
140088,56908.471129409525
140089,56213.284922569524
140090,55843.69090749632
140091,53877.677127539726
140092,52111.30629092644
140093,51368.271434670954
140094,50528.617518700594
140095,50138.698532402
140096,50130.56756873866
140097,50104.287405278614
140098,50465.17746605819
140099,52821.14897704662
140100,54955.48198480076
140101,57638.35823338555
140102,59980.716546109245
140103,60015.64807746088
140104,60690.43052993308
140105,57744.73075659028
140106,54614.193595628574
140107,54808.09745680465
140108,54540.177001659446
140109,54562.457562324635
140110,56524.23634898655
140111,56565.22458125045
140112,55501.62674779295
140113,53873.488643116725
140114,52261.703817503745
140115,52305.28024374989
140116,51623.58748074186
140117,51259.37412505625
140118,50556.88775427734
140119,50182.04964997905
140120,49221.53561701392
140121,49795.53961484713
140122,50211.41303231954
140123,50849.53786777635
140124,50884.185920098775
140125,52167.24304511265
140126,52614.67296399815
140127,54581.96207964882
140128,54786.657904779
140129,54744.908656437416
140130,55658.58323747372
140131,55174.595990181275
140132,56229.2870590469
140133,54817.36950269445
140134,52296.31580734213
140135,51590.138558284896
140136,49392.9276151552
140137,49224.48201391996
140138,49294.18382372602
140139,46200.082563183736
140140,45067.07836407826
140141,43785.99170865443
140142,42563.65606665291
140143,42537.385746829765
140144,43421.377036310114
140145,43768.99962304719
140146,46160.6554671518
140147,47522.95602223103
140148,49143.02213516675
140149,52479.37999206691
140150,56127.83628646913
140151,56612.76343902082
140152,56513.547414053566
140153,55136.445487152225
140154,53985.686142929655
140155,53531.97758713353
140156,53186.70219672317
140157,53750.283538540316
140158,56771.82248733387
140159,56903.501609980915
140160,55415.86917835824
140161,53653.79823793618
140162,52414.93187091031
140163,52258.226974701975
140164,52061.69368924293
140165,51548.19271438799
140166,49629.807955495104
140167,49089.63740653509
140168,47852.02046318592
140169,47989.87833218699
140170,48104.71584625174
140171,48635.88414565467
140172,48828.205752343536
140173,48319.33172174601
140174,49662.28573548857
140175,50853.241206731895
140176,50760.84427768139
140177,51600.92755549565
140178,51601.475119261915
140179,52761.14064302206
140180,51791.480016499496
140181,51490.197347699504
140182,52112.86015558621
140183,50675.799996525806
140184,46060.26623240461
140185,45741.53345395252
140186,45062.55443701517
140187,43616.964176701375
140188,41658.84772022035
140189,40324.91363588773
140190,38907.36369739351
140191,39132.426646247324
140192,40459.023504913865
140193,41541.19401440969
140194,43132.773582695365
140195,45959.843021485125
140196,48224.67324478872
140197,50465.89166155036
140198,53416.609345686375
140199,55125.95108912236
140200,55516.21722714991
140201,55879.61895294688
140202,55349.7945600481
140203,54628.867579699734
140204,54038.924498898275
140205,54273.92617387277
140206,57213.48896410989
140207,57582.45400509565
140208,55513.00362326208
140209,54029.003369605045
140210,53006.75086919128
140211,53379.13992175325
140212,53452.14325709689
140213,53763.96290595235
140214,52320.09797289072
140215,51924.274305809595
140216,51266.69999834435
140217,51192.29382159169
140218,51439.183379272516
140219,53531.85802894743
140220,55070.42492010237
140221,57553.720253143925
140222,59010.86942091164
140223,61429.508190743756
140224,62380.61622887462
140225,61798.0752288139
140226,62188.72790419019
140227,61099.19900712941
140228,60706.06779092678
140229,58460.85307917663
140230,56583.78915906176
140231,55465.952993805666
140232,55069.91228869065
140233,54546.1931166291
140234,54415.957148530215
140235,52575.509373297355
140236,51235.49009794053
140237,49934.72964419219
140238,49458.66875566193
140239,48887.450697806635
140240,49602.60975639367
140241,49379.4562113858
140242,49975.27753399005
140243,51011.77908204853
140244,52513.13560785264
140245,55813.579378355906
140246,60912.25847360088
140247,62045.810723746705
140248,60894.76934920955
140249,58411.7191523711
140250,55157.07203441008
140251,54797.859111880236
140252,54456.639580550574
140253,55041.79873625887
140254,56541.64464728228
140255,56507.44779709137
140256,56271.29908332499
140257,54671.1982259106
140258,53716.33279242485
140259,53983.60535626738
140260,53705.495415132675
140261,53583.12600489972
140262,51422.69151720965
140263,51203.53300828256
140264,50929.5456037996
140265,51184.43611090291
140266,51501.864123648724
140267,53941.373643107865
140268,55634.38623524094
140269,57292.52553720185
140270,58144.588091185025
140271,62019.10627943387
140272,62136.34542973208
140273,62140.104596000136
140274,61863.86840041593
140275,61649.70057210083
140276,58887.23907067758
140277,57584.26584570491
140278,56379.43315043812
140279,55702.79980352021
140280,55253.81980212878
140281,54706.014840568
140282,54284.38500214283
140283,53058.58236337487
140284,52128.019509946615
140285,51668.336135797865
140286,50689.96255908736
140287,50713.1697498806
140288,50759.78160845099
140289,51088.81007634357
140290,51795.435886733765
140291,52031.02639378265
140292,53130.97023712392
140293,55895.05367665033
140294,59731.11504421782
140295,60961.656165480235
140296,61896.61402437334
140297,59871.05520415275
140298,57457.14905900794
140299,56573.44044799019
140300,55277.76460569099
140301,56039.597467475054
140302,58011.32541820896
140303,58000.11350394587
140304,56870.01222454999
140305,54641.52583121042
140306,52828.47970479722
140307,52848.00493135587
140308,51995.00503275387
140309,51767.106036130644
140310,50407.8139148908
140311,49482.74520995997
140312,48654.96726554518
140313,49075.706203533475
140314,49434.66637602129
140315,50824.10187292427
140316,53127.091311072625
140317,56195.03638867381
140318,57778.267733459405
140319,61063.760308727535
140320,63620.46526690815
140321,63498.02460810052
140322,63333.8041757196
140323,61422.884581321865
140324,59326.87926492143
140325,58368.980715630256
140326,57206.83511904605
140327,56561.88471388219
140328,56458.29724647221
140329,56444.53006394546
140330,56062.861257745804
140331,54392.739800854644
140332,53666.42018339944
140333,53091.868370248725
140334,52595.624571653774
140335,52521.96531406447
140336,52820.42872380918
140337,53053.94981641017
140338,53587.83938515923
140339,54157.80507893353
140340,56097.40921822646
140341,57208.27705275703
140342,60802.13665777237
140343,62637.34043968979
140344,62035.68265795943
140345,60104.80215974898
140346,57177.65658734331
140347,56262.12678211216
140348,55172.874945865384
140349,55960.04872097948
140350,58502.2172996364
140351,57684.73872284798
140352,56872.44411717976
140353,55262.92446689898
140354,53378.40288370343
140355,53122.51315154715
140356,52043.3468024607
140357,52046.97390101517
140358,50322.71103306537
140359,49344.790931014904
140360,48554.97632613797
140361,48598.483200454524
140362,49198.11460947863
140363,50775.6492292731
140364,53146.918432534294
140365,55809.20322615043
140366,58593.265562033324
140367,60833.59686210474
140368,62512.71261236606
140369,62466.202857160846
140370,62353.28870039995
140371,62653.139246705665
140372,60867.098650482796
140373,59039.72212165188
140374,58674.70448587688
140375,57874.567376234765
140376,58083.0866837382
140377,57965.44371249262
140378,58075.985556902815
140379,57081.00948065256
140380,56422.699219624265
140381,55632.41467440445
140382,54705.504334708814
140383,54452.82149415921
140384,54760.87494522003
140385,55314.738824481865
140386,56332.494657465555
140387,57784.89659425907
140388,60245.75610606505
140389,62073.41049291787
140390,65302.508911253644
140391,65113.03975146219
140392,63788.83995356171
140393,61379.6222948536
140394,58433.623252483354
140395,57631.894052138625
140396,56746.01926270844
140397,57076.012290986786
140398,59408.52162511469
140399,58938.75776429209
140400,57306.817724408276
140401,55360.5070870591
140402,53545.30815548795
140403,53257.75631709778
140404,52393.54776454891
140405,51961.162074608445
140406,50901.95618576449
140407,49924.70629524785
140408,48829.50336517515
140409,48647.98784609155
140410,49187.89632291757
140411,50673.5114420441
140412,53078.64231329613
140413,55191.00603682659
140414,57852.13430080647
140415,60818.04456664229
140416,61683.74162034711
140417,62643.77916779408
140418,62912.339853391684
140419,63083.61698804485
140420,63436.74053780444
140421,63827.973530168965
140422,61994.666286093394
140423,61732.06119159034
140424,62026.00465894683
140425,61486.08328303626
140426,60917.65862690563
140427,59875.33881993002
140428,59868.58843155698
140429,58958.21113963471
140430,58188.60954190511
140431,56599.50316215022
140432,56322.84174411868
140433,56107.296167364046
140434,56514.85768591158
140435,56576.89749985803
140436,57203.03981404964
140437,59855.076533440326
140438,62998.25661908818
140439,63296.01690831767
140440,62103.61790756605
140441,59668.97815786784
140442,57362.59539563966
140443,58221.85942787777
140444,58260.400510358515
140445,59705.21467979466
140446,62042.39173652224
140447,61895.012295104796
140448,59856.88230889535
140449,58355.921510247455
140450,56289.58606312889
140451,55771.66332896641
140452,55467.338983489004
140453,54939.68054296799
140454,52478.38385515971
140455,52198.715678961584
140456,50991.3097260445
140457,52115.2807574668
140458,52458.11777425171
140459,53501.62829635255
140460,54012.04301588935
140461,53841.95554005527
140462,54833.87749028493
140463,55996.898314317026
140464,56645.34580586914
140465,57990.00671522906
140466,58528.839542643094
140467,59868.398188886604
140468,59953.28362131436
140469,59286.20704148551
140470,58115.37302848875
140471,57963.02774596045
140472,57405.3114448644
140473,56157.54403400679
140474,55735.83144373988
140475,54227.253090815844
140476,52005.08680223619
140477,50434.58467097208
140478,49729.31483155487
140479,49532.65768060248
140480,49093.73267232913
140481,49463.54466856612
140482,50615.83276713322
140483,51620.40779866163
140484,53586.361518389065
140485,55670.54965371987
140486,60336.78581699121
140487,61889.39579546639
140488,61610.85711856128
140489,60518.083611855356
140490,59630.31121261286
140491,58987.3319700857
140492,58229.01803509323
140493,58665.668341298384
140494,60881.57481055721
140495,60489.290880411114
140496,59929.83623119053
140497,59522.9835348259
140498,57525.89482876063
140499,57303.75529486409
140500,57111.460244516406
140501,56348.477015079276
140502,55126.57585615163
140503,54124.79318888516
140504,53045.88013550116
140505,52833.45478538514
140506,52774.68306602189
140507,53416.41736109008
140508,53424.6949145336
140509,53539.212193794694
140510,54386.67910582555
140511,54348.86528755571
140512,55854.553714660826
140513,55750.85905413315
140514,55581.43212024481
140515,56377.82629153277
140516,56334.10167928932
140517,55210.43258391662
140518,55348.53866662267
140519,54236.566734268206
140520,55506.65734886161
140521,55806.198671055725
140522,56001.704615235125
140523,53953.90886359136
140524,51652.748627604655
140525,50852.190751587266
140526,49765.7971037966
140527,49076.20432001611
140528,48221.62272602118
140529,48266.194168176065
140530,48934.78300690811
140531,50336.8950911699
140532,51496.72031523392
140533,54851.11955331382
140534,59079.68030072434
140535,59370.09164174045
140536,59734.65734623649
140537,58192.10968540864
140538,59967.51789338178
140539,58782.93841785752
140540,57802.98029239084
140541,58340.8178897576
140542,60328.886936036106
140543,59852.59265748934
140544,59060.312726542696
140545,57656.97463467821
140546,56001.20567647781
140547,56505.90860846049
140548,55270.10075997854
140549,54859.32736503572
140550,53676.27466538935
140551,52898.836623141186
140552,52630.875404718216
140553,52401.37288856776
140554,52783.64146302461
140555,55155.025740382465
140556,57547.82989564251
140557,60451.70406847748
140558,63342.44824923912
140559,66406.95675640843
140560,67478.77753285624
140561,66327.20718262321
140562,66351.92555961577
140563,65524.1849662962
140564,64863.38286559806
140565,63719.84548676186
140566,63258.8183410959
140567,61466.41572042314
140568,61527.31462581631
140569,61361.65232612223
140570,61074.305436892646
140571,59969.5806269924
140572,58726.809380088474
140573,57890.80337768828
140574,56527.528515402286
140575,57247.36746060166
140576,57557.04436901105
140577,58049.9855749967
140578,58826.49405279131
140579,59997.12440049186
140580,60895.02642009553
140581,63366.42878403332
140582,65971.57238351987
140583,67120.71196363897
140584,66815.94060933616
140585,63654.492799996384
140586,61826.5441824589
140587,61933.414833003975
140588,61584.9860355889
140589,62106.300191687515
140590,64354.727325198735
140591,64932.21545826322
140592,62739.448156936305
140593,61257.04668128795
140594,60302.834387408206
140595,59867.26475973251
140596,59513.03936981861
140597,59198.631652118245
140598,58335.719703651164
140599,56772.45143045185
140600,56613.859544502106
140601,56578.6547092762
140602,56919.48210587239
140603,59664.29024143817
140604,61224.09220643903
140605,62410.42522447531
140606,64921.968774556255
140607,68684.36925135161
140608,68189.84303043151
140609,66302.36074431328
140610,65966.54918301028
140611,65746.5796188982
140612,65470.167559379755
140613,63995.41679917574
140614,62853.17634917406
140615,62254.81895870679
140616,62046.749687213145
140617,61320.730628922334
140618,60096.43720896101
140619,59262.91607037767
140620,58035.52083819384
140621,56175.607074463405
140622,55071.28651119885
140623,55674.036217313005
140624,55491.00096860506
140625,56811.89071411718
140626,58185.62685269537
140627,58520.97879860109
140628,59897.50627726632
140629,62137.96928257157
140630,65506.72425557294
140631,65724.94696937175
140632,65005.91360735372
140633,61942.68311411839
140634,59339.00764437695
140635,58931.58115404648
140636,59395.59235125035
140637,60637.2927921009
140638,63396.6417058037
140639,62952.96572155543
140640,62107.840009742584
140641,60491.81357949453
140642,58575.911582368826
140643,59020.83970710601
140644,58454.38158509353
140645,58019.71785115944
140646,55557.53828444418
140647,55465.77636036527
140648,54699.44222907282
140649,55509.260167620414
140650,55554.57161227333
140651,57563.11638792933
140652,60654.12846492371
140653,61059.41027270617
140654,63203.5799803345
140655,66070.74785641427
140656,66247.81661872295
140657,65468.52043480617
140658,64979.46897890125
140659,63792.38463081313
140660,62642.361596154195
140661,60370.7805228208
140662,59359.56993326582
140663,56530.82212220856
140664,54470.12999996901
140665,54085.53655424874
140666,54050.81108598853
140667,52663.529756979406
140668,51712.31503652178
140669,50362.66278894807
140670,49267.00535453041
140671,49139.05325129939
140672,49431.697386411215
140673,49982.14573511934
140674,51552.39330985395
140675,52419.54291427285
140676,54695.08833053018
140677,56944.832452914925
140678,61268.41950685022
140679,61128.2302167457
140680,59556.82845408152
140681,56294.632162091846
140682,53972.52606541177
140683,51996.683558625344
140684,50432.11818899576
140685,50153.15646394731
140686,51781.417803096396
140687,51094.03708836087
140688,48291.300770552225
140689,46536.80954805343
140690,44846.87674676283
140691,44364.18483433039
140692,43758.325132820704
140693,42738.09982169172
140694,41714.72989796862
140695,41096.728397729654
140696,39948.91068157605
140697,39882.14819399434
140698,40115.41734143321
140699,41219.64042682877
140700,42436.85618626227
140701,45018.95744311066
140702,46245.24657976533
140703,47229.86803641208
140704,48399.944407486895
140705,48968.70928501147
140706,49465.94525018392
140707,49187.189176962245
140708,49345.9103568115
140709,49646.216592778386
140710,49623.138809206
140711,49677.143189126975
140712,50217.41153682673
140713,50017.83416507608
140714,49886.18857946998
140715,48911.66175999546
140716,48353.61534738557
140717,47321.35813494724
140718,46507.76364940415
140719,44912.970185877144
140720,45297.8826519907
140721,44883.49157861831
140722,45216.7550158152
140723,45817.808273981245
140724,47631.603995358826
140725,48432.22472984187
140726,52704.20126038705
140727,53808.65030140897
140728,52967.16572761643
140729,50108.88343025319
140730,49627.82660784258
140731,48674.662988972465
140732,48199.29806713447
140733,48385.612501019146
140734,50847.29281113189
140735,50596.11134384373
140736,48268.11622488081
140737,46433.23340751805
140738,44306.13281145373
140739,44162.52760950742
140740,43864.60514083666
140741,43350.94271465602
140742,43114.74826469159
140743,42749.60179906005
140744,41941.80720050579
140745,42015.85366438535
140746,42089.64421802698
140747,43968.03555373117
140748,45799.60582039671
140749,49391.941030176
140750,50569.9286927943
140751,51664.913800676215
140752,52525.42677215061
140753,52200.05597674564
140754,52061.06261348415
140755,51839.0114698258
140756,51883.9837865636
140757,51247.07057417138
140758,51687.84909674607
140759,50760.62577170078
140760,50565.76939840772
140761,50249.79996686565
140762,50160.02787220139
140763,48904.55063533612
140764,48355.878658977905
140765,47324.79689163461
140766,46870.70280585046
140767,45692.96880473911
140768,45524.718628433824
140769,46527.956763631584
140770,46533.48050824316
140771,47231.44550583415
140772,48418.248315275734
140773,50613.87480599046
140774,53859.654552297645
140775,53483.5879895402
140776,53605.087786925455
140777,50544.65926107096
140778,49746.89763271112
140779,49318.800187711706
140780,48390.935987202494
140781,48439.94821210495
140782,50274.9916981875
140783,49631.69127903944
140784,47347.21893933337
140785,44888.785283764664
140786,42754.29705823745
140787,42660.50747873334
140788,41549.600020596896
140789,40865.26828271962
140790,39664.43261418116
140791,39302.344085237266
140792,37936.92157665494
140793,37995.308843677674
140794,37963.552192931864
140795,38614.206065405495
140796,38843.39796550179
140797,39379.99535015321
140798,41307.0494404997
140799,43120.02506633824
140800,43704.63408917317
140801,43965.0109710308
140802,43569.14248153287
140803,44585.131307814074
140804,44858.534037636804
140805,44622.21496535723
140806,44795.85538168077
140807,43873.457130255876
140808,43725.924073199094
140809,43852.89183058159
140810,43959.61172715585
140811,43619.282013207536
140812,42964.82492255755
140813,42366.91546999381
140814,41683.29012654531
140815,40958.09962654995
140816,41175.89378178982
140817,41409.44904929951
140818,41596.23433305878
140819,42357.972360647655
140820,45572.6864760695
140821,47069.05844342931
140822,51180.41735380436
140823,51225.880598386495
140824,51376.62153617022
140825,51128.185628712505
140826,49680.091319246574
140827,49285.003634553184
140828,49436.29170299733
140829,49924.05371647801
140830,52364.08722399377
140831,52351.04057848396
140832,50903.01398539815
140833,48888.24207144167
140834,47013.396339190316
140835,46513.468556189604
140836,44951.76389973375
140837,44164.18590904727
140838,41722.29719906721
140839,41433.42704842845
140840,39812.032896308425
140841,39357.854647861845
140842,39241.29540722559
140843,39485.896618908395
140844,39684.24833373245
140845,40118.4593379014
140846,41803.88989791408
140847,42782.92835288288
140848,43523.0383712744
140849,43652.2999119071
140850,44144.16729836582
140851,44530.086936835185
140852,44384.10381142644
140853,44482.77911159451
140854,45119.5959531709
140855,45156.43248877206
140856,44838.460156931484
140857,43113.444722744265
140858,43198.96609907961
140859,41498.34560167762
140860,40119.25322736165
140861,39297.07389605489
140862,38140.033037390574
140863,38475.686331215744
140864,39193.95276721798
140865,39305.67753307884
140866,40210.4341742251
140867,40976.25003897638
140868,43150.66168759616
140869,45358.27506552905
140870,49860.96439942147
140871,51047.07979831123
140872,52185.72498563208
140873,51402.80882362722
140874,50909.69422585649
140875,49804.194580809344
140876,48978.6385939416
140877,50040.99832669218
140878,51943.20959725127
140879,51377.309559702546
140880,49302.03222623887
140881,47485.21430198424
140882,45242.565743324245
140883,44063.16597816717
140884,43058.26852124046
140885,42440.42708588352
140886,41360.89475943987
140887,40783.23281513092
140888,39987.99071090529
140889,39929.281023564974
140890,39331.01956790272
140891,40758.7699389662
140892,42753.36622828382
140893,46563.628324735495
140894,49722.92670186784
140895,51269.446997321415
140896,53410.061485956394
140897,53585.78993974193
140898,54766.26247000661
140899,55251.8228418129
140900,54760.187444420684
140901,54347.40838598444
140902,53135.98366099361
140903,53036.07080086888
140904,52768.4161661705
140905,52228.12798446675
140906,52075.490265531356
140907,51105.11851415249
140908,50531.497975922546
140909,49512.17181465212
140910,49096.07611519221
140911,47574.096175600615
140912,47186.398521836105
140913,47013.67956624199
140914,48113.585419652
140915,48478.80721233358
140916,49913.00543947524
140917,52483.19063795673
140918,56092.27100511862
140919,57719.417933673365
140920,57987.29845706299
140921,56218.4026423085
140922,54789.45592170464
140923,53697.07850509268
140924,52986.70468844975
140925,53280.94681538643
140926,55157.18756041104
140927,54946.994388251514
140928,52884.04540808155
140929,51066.31083047227
140930,49266.36215768452
140931,48897.042532047795
140932,47867.46217221009
140933,47885.415563433715
140934,46089.489158423276
140935,45318.68161414858
140936,44817.05203729438
140937,44867.20690094794
140938,45177.3651125721
140939,47361.14876272685
140940,50114.548096469654
140941,53204.700722378824
140942,55004.12947680448
140943,57778.305150054635
140944,59074.88812622315
140945,59458.9843743472
140946,60067.13751742974
140947,59412.51584150165
140948,58814.226700805324
140949,58635.206016841694
140950,58277.84721239394
140951,57229.2202176903
140952,56123.09319115462
140953,55669.41909090502
140954,55611.278068197826
140955,54805.599747699685
140956,53376.54725934904
140957,52240.741026253134
140958,51362.28394016772
140959,49982.24096914686
140960,50191.0037379011
140961,50367.31558636563
140962,50667.65889549278
140963,51729.51741912337
140964,53850.21364151705
140965,53990.50756336829
140966,57362.75379851943
140967,57082.7312092068
140968,56711.736560484285
140969,53059.330892150654
140970,51147.9346356634
140971,49458.76685740635
140972,48842.238459591914
140973,48992.19919319324
140974,51324.79262692664
140975,50940.84904597397
140976,47854.67649320311
140977,45961.979972195884
140978,44239.92067768723
140979,44373.070293135905
140980,44645.69137689884
140981,44343.622688057614
140982,43283.06381004335
140983,42719.22712590285
140984,41739.79701443116
140985,41912.09715608264
140986,41955.3464532404
140987,43282.88745851405
140988,44254.31253590326
140989,47500.42451780867
140990,49478.9068682029
140991,50719.463263632715
140992,53003.81145166533
140993,54152.34056482192
140994,54957.19876027085
140995,55455.875003828856
140996,55812.36680405696
140997,55844.48365421018
140998,56106.77692107158
140999,55569.48667418902
141000,54576.656191648595
141001,55447.711468360416
141002,55396.00926993651
141003,54592.69538916037
141004,54785.00526286224
141005,54138.122202415274
141006,53118.75607907095
141007,52679.250578404884
141008,52432.970837496854
141009,52554.728539299584
141010,53491.39699706736
141011,53668.403076580886
141012,54837.62330993491
141013,56519.49971470566
141014,59534.02309500249
141015,60073.87322295769
141016,60821.68830805794
141017,58857.59586922455
141018,57162.21592716507
141019,57457.94382298814
141020,56271.800150595525
141021,56474.80717563785
141022,58649.42564888019
141023,57884.535075185566
141024,55397.49045046121
141025,54366.54931451708
141026,51766.2811176932
141027,50520.16224273376
141028,51901.972040019915
141029,51887.06387305936
141030,50099.81998013614
141031,49445.688797995834
141032,48744.55857807497
141033,49795.34156583255
141034,49794.48673831013
141035,50850.297639727505
141036,53002.40294527696
141037,53368.41460706434
141038,55271.461302603675
141039,56972.00523283533
141040,59428.89059646222
141041,59290.74203479115
141042,59123.96429318896
141043,59997.28667842621
141044,58950.02106053961
141045,58604.48557895702
141046,58860.9106363083
141047,59140.63365436893
141048,58827.15584050536
141049,58667.77478738393
141050,58525.19712408522
141051,58862.92842834865
141052,58911.33001077466
141053,58115.09703991051
141054,57047.62236174723
141055,55815.611444716065
141056,55280.22420105552
141057,55447.953253518026
141058,56258.773311564844
141059,55783.98731667106
141060,58003.632592855414
141061,58884.778201151275
141062,61221.724854896616
141063,62391.70734111262
141064,61828.38988908138
141065,58986.39666038051
141066,57837.06173073923
141067,57885.31102450568
141068,57259.132734687366
141069,57502.932729759195
141070,59370.30079925665
141071,58564.271476931106
141072,56381.69250919467
141073,55100.588589805004
141074,52593.40576098588
141075,51971.38211279059
141076,50709.14284169973
141077,51319.28724865553
141078,49456.035886522695
141079,47444.80067501631
141080,46161.15617052522
141081,46486.0956863455
141082,46603.807423690276
141083,48181.14227185472
141084,49929.5269329014
141085,50507.380774327095
141086,52345.992853848205
141087,54995.60630568641
141088,54089.58585277614
141089,54686.37002043696
141090,55149.410080212474
141091,54751.86396138419
141092,55284.94773492349
141093,54142.94344011464
141094,53527.69137529805
141095,53012.11495966988
141096,52099.80691412903
141097,51771.26992355055
141098,51694.23156481407
141099,51147.7779155913
141100,51230.22313883597
141101,51410.1066453577
141102,50330.85545092953
141103,49187.78200202465
141104,48054.679371349455
141105,48877.98230920904
141106,48576.03461326461
141107,49810.243032982675
141108,50882.83257693653
141109,51925.98414326791
141110,54275.223132078085
141111,56368.56919475086
141112,58860.37145224137
141113,58507.23455383695
141114,57774.2197001976
141115,57849.02209140246
141116,57556.31369066031
141117,57827.01146468208
141118,61606.69361166054
141119,60357.49530493258
141120,55870.11947688133
141121,54763.36495478085
141122,53424.335409317115
141123,53203.60598420267
141124,53294.27815539298
141125,53247.45747407721
141126,52299.61407015742
141127,51208.53344398742
141128,50763.99645536813
141129,50726.49845329395
141130,50855.776627250336
141131,51210.39579015678
141132,51944.42432541914
141133,51776.5942114955
141134,51077.41078945473
141135,51182.40618011823
141136,51766.12121359773
141137,51931.310302659585
141138,52454.36291686591
141139,51596.895812938186
141140,50670.58921777495
141141,50048.6239815437
141142,50452.932657083176
141143,49423.294063099114
141144,49756.9245130839
141145,49488.55216538556
141146,48750.08306453952
141147,47112.59185256247
141148,45506.19135298415
141149,44461.76617202911
141150,42035.97150821473
141151,42030.17697336866
141152,42435.57729541201
141153,43356.31775454422
141154,43321.88489853977
141155,44393.05808934608
141156,47477.42488202403
141157,50853.23646772991
141158,54213.71637407574
141159,54907.89809942703
141160,55924.72377198446
141161,55375.05678591441
141162,54685.013715908564
141163,53624.18612593386
141164,52917.69229951206
141165,53466.21635287705
141166,55878.727304710854
141167,55658.87029728542
141168,54832.525381976506
141169,54015.583152771374
141170,52246.10111327937
141171,51298.98771810377
141172,51221.71773649915
141173,51032.014812909125
141174,48858.58773208303
141175,48131.74277072739
141176,46910.51335954115
141177,46051.06245282702
141178,45859.96398234421
141179,46100.23183259288
141180,46160.08266275846
141181,45876.34846805471
141182,46614.22167146457
141183,46918.881316718915
141184,46641.55184589603
141185,44750.75787807639
141186,44527.562881301346
141187,46100.48527255582
141188,43399.45300804533
141189,43942.606158284165
141190,44534.95387171733
141191,44812.55685095967
141192,46119.51628118073
141193,46429.4133114915
141194,46031.37329945424
141195,43290.48889838384
141196,41618.665939988685
141197,40662.43490503696
141198,39143.906733697346
141199,38277.05558726754
141200,38065.925192449184
141201,38931.58859452912
141202,38350.5480360249
141203,39058.23383048384
141204,40293.40412236973
141205,42022.317430448384
141206,45741.93720641346
141207,47956.30449045042
141208,49391.07377693709
141209,49012.339017662816
141210,47851.184860633126
141211,47985.112804560005
141212,47609.64268800863
141213,48042.32215261838
141214,51819.95628064327
141215,53271.26176229742
141216,49038.1459363302
141217,48648.22365184091
141218,45985.15798200334
141219,46985.79020774908
141220,47160.61329436972
141221,47513.38868574775
141222,46090.27316041193
141223,45613.20214725674
141224,44627.79387955112
141225,44554.06686718195
141226,44604.21981979982
141227,45982.152094325334
141228,46192.59792685987
141229,48912.8711713687
141230,51872.048205609724
141231,52571.27212585731
141232,53790.56721457656
141233,53235.90164721107
141234,52100.287914804394
141235,52074.87783877214
141236,52338.51988965964
141237,52261.076725150015
141238,52105.09226799081
141239,52718.097382870146
141240,53749.13979895287
141241,52571.18329103533
141242,52391.85320208701
141243,50955.67256544853
141244,47825.956935284536
141245,46464.67538620084
141246,45313.45875109408
141247,44825.85687914665
141248,46456.867237351704
141249,48310.43809355076
141250,47823.98314184704
141251,48509.257522506814
141252,49124.12986459414
141253,51968.81488693197
141254,55119.50885387623
141255,55978.97676044667
141256,56908.452208377836
141257,55845.1942621369
141258,54837.48135868447
141259,54431.09407637559
141260,53191.69703446983
141261,53859.68139382867
141262,56156.02255015051
141263,56461.30880520654
141264,53867.52401385951
141265,52185.06945219538
141266,51357.57218303745
141267,50720.51385886095
141268,50781.127944149324
141269,50896.60861089109
141270,49043.70378324807
141271,48308.01849581795
141272,49228.31428490326
141273,50029.63534013592
141274,50609.16300832204
141275,52132.71157331069
141276,54781.35386271509
141277,52742.31936582406
141278,55635.70246532404
141279,57108.150978000886
141280,55100.23007787692
141281,52973.60026604673
141282,53355.3898830486
141283,52680.00085239136
141284,53491.855961940775
141285,50999.90406069692
141286,50481.45735836212
141287,48250.40706658573
141288,47529.328050605895
141289,47412.0559247157
141290,47341.94590497859
141291,45469.34989539975
141292,45076.99542035899
141293,44079.45398252898
141294,43591.55637497432
141295,42989.68940524391
141296,43052.807012526195
141297,42628.8132145013
141298,42999.66010561738
141299,43028.15093167736
141300,44893.6257037437
141301,48836.074286200754
141302,54733.85931173011
141303,54967.64420733517
141304,55695.28049163156
141305,54700.39245524127
141306,53576.356654215735
141307,54073.70374460563
141308,53303.7305726001
141309,53668.42857810973
141310,55889.61343691262
141311,55445.96180822324
141312,53991.76522035635
141313,52322.52000701868
141314,50519.24758635251
141315,49623.17412103233
141316,49442.937543374544
141317,48104.72183278667
141318,44714.689733743566
141319,45425.82697731786
141320,44624.879881722845
141321,45727.12619076654
141322,45848.98062198017
141323,46952.93161525011
141324,49649.93959906827
141325,49014.517599754225
141326,50604.721162087226
141327,49330.83475807858
141328,48789.102830878954
141329,49635.923618520916
141330,48743.18904811901
141331,47296.384367583814
141332,46848.45647302357
141333,46119.62619263438
141334,46239.57949963305
141335,45525.22134231906
141336,44976.259735177715
141337,44840.13982134005
141338,44671.381562178096
141339,42385.99312220552
141340,42027.2408967527
141341,41070.58462387292
141342,40570.85846151094
141343,39708.63364328778
141344,39554.73640369652
141345,39845.276763653965
141346,40076.85044587569
141347,41085.92152568372
141348,42236.038177250455
141349,43476.42746769623
141350,47923.54292613152
141351,48384.73581083537
141352,51073.585671168745
141353,51204.67983093911
141354,50753.60747405811
141355,51153.72165872872
141356,49696.99607719306
141357,49767.53732850728
141358,51823.01771954874
141359,50732.05032038884
141360,49975.83771501485
141361,49550.91701000378
141362,47023.49334855969
141363,46898.72688038824
141364,46758.5337216309
141365,46055.23387727602
141366,44558.53339219535
141367,43703.225250682925
141368,42837.267606749294
141369,42736.08427506669
141370,42909.59637490753
141371,43896.361905972255
141372,44826.967346969526
141373,47206.33300403125
141374,47618.560778502266
141375,48018.83442180982
141376,48554.66296820625
141377,50236.871692470595
141378,47933.55223867488
141379,47108.86791299694
141380,46494.599648557174
141381,46089.38682965361
141382,46060.202452391204
141383,44932.0278435046
141384,45376.81776868946
141385,45132.54260336105
141386,44810.55712404085
141387,43249.752450921245
141388,43029.53643830426
141389,41753.50704820631
141390,40991.77517936166
141391,40565.39396094614
141392,40286.53443565097
141393,41143.485585958115
141394,40892.92835434348
141395,41011.41415685075
141396,41801.99796096281
141397,42992.2522960371
141398,46172.96594009578
141399,49271.568026533256
141400,50487.7870859693
141401,50637.93823140433
141402,50491.498506640346
141403,50399.11328803207
141404,49390.47822938064
141405,49561.75857869449
141406,51557.48261713878
141407,50033.8196169873
141408,50790.73346927964
141409,49207.24347670559
141410,47098.02382185437
141411,46859.2957346888
141412,46059.72210386889
141413,45485.31997117022
141414,43943.6289538623
141415,43045.248543883645
141416,42166.20308202686
141417,41923.512847633414
141418,41398.27230887391
141419,42003.44357740982
141420,42780.44648816606
141421,44579.81158305962
141422,44655.30736561191
141423,44976.140864076515
141424,44949.75587842727
141425,44424.52299547062
141426,43619.681159269
141427,44273.89642319016
141428,44021.36633876087
141429,43813.58391885147
141430,44387.891260858814
141431,44526.75617981536
141432,44781.41209308025
141433,44433.57279262346
141434,44232.932824566335
141435,42052.60164173386
141436,41290.78739523187
141437,39667.005058145216
141438,38562.39601139715
141439,37838.16638263905
141440,36926.329421009104
141441,37324.54208355371
141442,37367.10704493305
141443,38181.2784452036
141444,39453.582098045285
141445,41366.684662093
141446,43635.094836883756
141447,44975.93603196274
141448,46831.842644292876
141449,46260.41280641448
141450,49146.30818140774
141451,47419.66637024508
141452,46195.81194207738
141453,46703.38442591753
141454,48390.756636287675
141455,48057.927977492705
141456,47069.15333808974
141457,44893.11310634997
141458,43135.17707140095
141459,42435.20990890641
141460,40985.98134832467
141461,40270.370227623745
141462,38579.81088629287
141463,38290.74860644038
141464,38128.91805973746
141465,37873.83688419873
141466,37929.21894459407
141467,38923.53580010079
141468,38795.589049065835
141469,39344.70635716687
141470,40497.866175106275
141471,40918.768481674015
141472,40229.84310541321
141473,39988.57015741442
141474,39617.54104233694
141475,40564.61080203236
141476,39536.39251114924
141477,37094.23460374283
141478,37364.67584422497
141479,37428.97964815317
141480,38473.66123533559
141481,39776.65659591149
141482,39857.6782809107
141483,38538.70742337624
141484,38124.61445710868
141485,37744.38958832684
141486,35985.002847705415
141487,35265.54151883644
141488,34522.10467997431
141489,36401.065248782994
141490,37399.07080341072
141491,38826.285838588614
141492,40300.21259749901
141493,43361.92162086973
141494,46196.76770836074
141495,47260.99042598146
141496,48623.72991904216
141497,48797.80806516045
141498,48108.29352663439
141499,48770.7339702074
141500,49198.316110621425
141501,49813.99892792656
141502,52586.937857900455
141503,52249.93167907989
141504,48143.849072092555
141505,47451.09046799309
141506,46225.6514795793
141507,45719.33296509461
141508,44861.11366827076
141509,43680.32473839584
141510,42940.543266170156
141511,42632.10915343382
141512,41092.75066103641
141513,40792.48016857112
141514,40697.32084306562
141515,40820.17216944573
141516,40862.41851220976
141517,40147.297434032196
141518,37994.1105673659
141519,38396.06917437736
141520,38963.69679192841
141521,38897.086478877725
141522,37545.81105520899
141523,39348.60566459911
141524,39938.04538861582
141525,39098.16198020122
141526,36997.6768693782
141527,36400.224595683605
141528,36462.827474832484
141529,36670.817967717754
141530,37076.477365696934
141531,35463.42042965693
141532,33554.601207850326
141533,32840.65583916491
141534,32449.478149352417
141535,33227.85178134157
141536,33057.12390254172
141537,32995.42108257498
141538,33921.271877383704
141539,34641.43786295302
141540,36571.30105978239
141541,38852.23452506652
141542,41062.772490040574
141543,43542.673027268414
141544,44295.638576860845
141545,44207.801970108216
141546,44658.88549620268
141547,44897.527818464114
141548,44213.680928173526
141549,44321.20978623791
141550,46400.22754621724
141551,45991.965412714075
141552,47736.1942505809
141553,46139.25080627454
141554,43804.98330772165
141555,43372.1324266083
141556,43521.79969759666
141557,42427.47125266843
141558,40463.502788676036
141559,41669.66069963112
141560,41035.33932157961
141561,41159.2258110324
141562,41417.06086347632
141563,42785.84793813111
141564,43127.338123047215
141565,46408.7065941954
141566,47887.145423112364
141567,48736.07664749935
141568,48423.59449347206
141569,48912.53171233145
141570,48607.4486155485
141571,46304.7819745575
141572,45464.538307845345
141573,44675.22565524021
141574,44343.89717884832
141575,44091.84427006922
141576,43903.181090149046
141577,43697.623725713966
141578,43704.07359646622
141579,41383.61605844952
141580,40647.17175341974
141581,39960.81640358206
141582,39381.93537751239
141583,38748.29025778105
141584,38368.092349665756
141585,37966.434713870905
141586,38038.35612641165
141587,38848.755323259255
141588,39549.74585780892
141589,41570.297829036994
141590,44329.73066408202
141591,45217.31126530079
141592,46444.23535436753
141593,46622.079146144984
141594,45664.3924140362
141595,45185.22652862221
141596,44198.16626019281
141597,44172.92750672599
141598,48068.986377106165
141599,47617.511300107304
141600,46942.27222550435
141601,44786.16478716957
141602,43869.46548737835
141603,43714.856425012775
141604,42661.56101330734
141605,42281.52862339088
141606,40556.713654829015
141607,40000.22703656505
141608,39169.02400064611
141609,39086.995123386914
141610,39046.89830820373
141611,40517.27806028555
141612,40389.56774429093
141613,44730.32374577894
141614,46313.37551193651
141615,45926.35496423422
141616,47498.68865410727
141617,45749.47818980327
141618,44773.37890707434
141619,44682.18201263399
141620,44588.73307176717
141621,44173.25293971961
141622,43756.44182034899
141623,43617.16985172753
141624,43825.455380737505
141625,43650.50578785668
141626,43669.39581820042
141627,41372.08593466412
141628,40548.29778590007
141629,39756.00686278264
141630,39133.68816718091
141631,38725.0838735421
141632,38222.0376129487
141633,38121.26596505044
141634,38506.32589390778
141635,38731.78435991702
141636,39910.50376251828
141637,41564.41606872292
141638,44293.137923050104
141639,44962.60913342676
141640,45339.08927936608
141641,44740.64676133937
141642,44319.61556615574
141643,43825.563959103776
141644,43681.99248042458
141645,43753.13236181045
141646,45790.410433390876
141647,45782.1648945323
141648,45126.392780549395
141649,43300.83924543693
141650,41090.063112333126
141651,41027.66048169895
141652,40938.31830646106
141653,39432.95835656562
141654,39290.033498268036
141655,38753.01664011183
141656,37896.84766416241
141657,37800.81848435052
141658,37719.02340893219
141659,39362.91841327113
141660,39865.390200348214
141661,41835.92623492955
141662,44276.52180878279
141663,45529.62841036054
141664,45767.129910815085
141665,45400.819047566314
141666,45248.15910027513
141667,45533.279106766
141668,45381.34321938317
141669,44783.17312996406
141670,44757.04045833673
141671,44881.546924828246
141672,45190.03228637024
141673,44922.63205139068
141674,44954.27682477201
141675,42932.69116680123
141676,41965.72945975678
141677,41133.70363551242
141678,40354.650749649394
141679,39973.468719746095
141680,39153.90441772246
141681,39141.316776643696
141682,38903.41386934209
141683,39084.004833885185
141684,39955.68654976063
141685,41770.75459824157
141686,44502.72331091777
141687,45067.83292955121
141688,45203.63820093764
141689,44970.63622744938
141690,44016.11216200432
141691,44103.52667624783
141692,42645.71510686401
141693,43789.56622395217
141694,45435.525367784925
141695,45005.825309425294
141696,44332.26128672716
141697,42447.70747542333
141698,40758.51997883997
141699,40060.0379899121
141700,39484.17046900673
141701,38870.08298282079
141702,37405.050940508234
141703,37872.94802623708
141704,36960.54814995006
141705,37719.86633542382
141706,38197.14894688171
141707,39638.41939066763
141708,39873.55465614825
141709,41791.05397250499
141710,44107.639938353874
141711,45494.05620791637
141712,44976.13702431787
141713,44962.565113551296
141714,45044.3983996537
141715,45236.08984304539
141716,44627.542993121264
141717,43984.82332515345
141718,43529.980145017886
141719,43445.24142489338
141720,44224.54004586004
141721,43982.75982775105
141722,43913.06125350944
141723,41133.023010751516
141724,39758.76279341091
141725,38645.02121718022
141726,37816.937743022405
141727,37315.30589306659
141728,36363.93592206351
141729,36553.959930799116
141730,36116.993318723915
141731,36174.153370851905
141732,36336.66627409586
141733,38486.47133245143
141734,41374.04312892549
141735,42029.0184073987
141736,42419.87248956084
141737,42261.0560958434
141738,41147.750139570264
141739,41499.60844297613
141740,40753.34421042061
141741,40967.97750932961
141742,43148.549633935625
141743,43009.088725094975
141744,41625.933929303945
141745,39584.26828780314
141746,36962.620848602
141747,36556.60764371775
141748,36774.89140089075
141749,35742.85331013475
141750,35783.6576478838
141751,35469.981464319644
141752,34822.34784470313
141753,35099.27662720539
141754,36059.5321356688
141755,38369.9525448611
141756,39091.68359564646
141757,42485.58650541181
141758,43227.84915078501
141759,44021.491010940095
141760,45565.680799330585
141761,46248.26641968819
141762,46238.23523325502
141763,45388.6329866864
141764,43053.323346823796
141765,42405.488527579866
141766,42154.40526253609
141767,41638.9043304032
141768,41942.58070211774
141769,41425.48971955663
141770,41240.11441590242
141771,38881.016209356174
141772,37793.701672318406
141773,36986.510498921445
141774,35552.13151035127
141775,34377.13384669024
141776,33298.52865976027
141777,33050.2155570704
141778,32926.89193600341
141779,33115.05563819742
141780,34913.066720193885
141781,36194.71827170778
141782,38485.163022999935
141783,39856.38437500298
141784,40358.30466310783
141785,41212.40601263042
141786,41102.027636249164
141787,41518.28800715509
141788,41283.33107801332
141789,41610.07283036739
141790,43948.85411305103
141791,43398.86994947527
141792,42050.74300994919
141793,40091.67329539136
141794,37614.57495240569
141795,38538.91836340384
141796,38524.88326514045
141797,37791.037866254104
141798,34976.10457981085
141799,33769.742632348236
141800,32858.029966587455
141801,32619.070719016574
141802,33167.88845782356
141803,33559.138166681376
141804,33987.84535407771
141805,35678.09456252572
141806,36828.73669133301
141807,37622.87991507999
141808,38474.9839034665
141809,40136.05292417483
141810,39949.813841429575
141811,40089.31774731393
141812,40055.185318337535
141813,38233.88654524946
141814,38410.099399624865
141815,36552.397250773465
141816,37237.08105396424
141817,37035.08292496304
141818,37271.53163861271
141819,36346.10237387696
141820,34722.02315397736
141821,33839.94708787998
141822,31884.288762911518
141823,31729.84596176066
141824,31623.83838664594
141825,31564.983842914262
141826,31264.611101592232
141827,31710.916820836646
141828,32438.122697892704
141829,35444.46021738532
141830,38613.44193447186
141831,40026.686333945
141832,41968.990509152696
141833,41096.86225216395
141834,41525.11714530372
141835,41468.70794829708
141836,40979.373720847325
141837,42615.36510983901
141838,44710.29148969669
141839,44886.61995662528
141840,44994.540275385174
141841,44018.733838473214
141842,43770.21971579259
141843,43408.15781376848
141844,43702.59960394375
141845,42573.521456630486
141846,41778.156313537984
141847,41607.47906226393
141848,40328.224616546424
141849,40022.11178314651
141850,40238.45437454454
141851,40294.855550401204
141852,40791.57321000479
141853,40889.84672325715
141854,41511.000692647896
141855,39313.3538354129
141856,41015.53423314602
141857,41694.21191535444
141858,42509.734408023345
141859,42173.586607746736
141860,43011.75326753067
141861,43246.14473558131
141862,42774.07670885971
141863,42974.4237046352
141864,42840.749506360386
141865,41689.32974915462
141866,41231.18493037234
141867,39629.05451304548
141868,37612.14661099594
141869,35688.72359564079
141870,34565.71623388123
141871,34173.488662656426
141872,33763.98683697376
141873,33686.96804816578
141874,34722.89818377914
141875,35407.38668929575
141876,36455.86344895965
141877,37641.72009147143
141878,40169.21103635729
141879,41695.13229320744
141880,44335.3815213329
141881,44813.58042126289
141882,45622.7986523298
141883,45619.93732982998
141884,44855.34113793063
141885,44907.30837903202
141886,46868.11587981889
141887,47448.27401759034
141888,47134.422534825906
141889,45928.68801439843
141890,45721.23222306251
141891,45382.78286766344
141892,44714.065561110685
141893,43462.87475301131
141894,42700.09525254263
141895,42088.51604420668
141896,41110.892394959
141897,40781.564474776416
141898,40644.32392191324
141899,40649.66707336623
141900,40411.19804421655
141901,41345.16893300526
141902,39462.60561085138
141903,39308.19524050704
141904,39648.33881198712
141905,39901.30353962168
141906,39739.80133329598
141907,41246.435363123535
141908,41233.54771117835
141909,39731.52206406424
141910,37753.537612807224
141911,37446.61762317911
141912,37724.55011537462
141913,37665.40469931914
141914,37753.836658486834
141915,36852.86471009981
141916,36798.08341873975
141917,36189.85328862858
141918,35335.41871527695
141919,33777.27420842029
141920,34274.266626347286
141921,34569.73911777
141922,35255.76970558075
141923,35881.35925489044
141924,37308.55863187854
141925,38591.95292727864
141926,41536.79729356046
141927,42939.78583780779
141928,44340.83676826305
141929,44772.43485140865
141930,45291.68265723361
141931,44926.42159090371
141932,44316.91241530651
141933,44370.16086123319
141934,45778.38128390366
141935,45506.291791282645
141936,45006.36030192523
141937,44203.83013708211
141938,42633.169815371504
141939,42347.83001633837
141940,42423.779229296546
141941,41585.36790395403
141942,40156.91509121693
141943,39573.25462415262
141944,38521.5965305156
141945,38127.559642129876
141946,38134.70323165768
141947,39950.60259025148
141948,40237.087364765575
141949,43083.24650001414
141950,45274.53782422968
141951,44793.73143353388
141952,43228.40293457116
141953,43998.51302758033
141954,45045.364097530204
141955,44909.17383425009
141956,45018.161051073395
141957,43669.346995679145
141958,43396.54819599129
141959,43204.485388084206
141960,43362.10574516458
141961,42882.57606440099
141962,42786.016987036855
141963,41598.17382067599
141964,41484.0410067284
141965,40681.2239656509
141966,38896.360977141536
141967,38330.16284912342
141968,37181.42700113211
141969,39254.4000634988
141970,39621.44841186368
141971,39626.693392305235
141972,40535.50483362371
141973,41706.86019420453
141974,44190.56834366315
141975,44917.3395102952
141976,45325.03233541148
141977,45828.083401785814
141978,46077.51010184417
141979,46681.15526073756
141980,46341.25623919534
141981,46525.73117452149
141982,48162.9629721671
141983,47149.78740413901
141984,45628.48475138748
141985,45203.775564313844
141986,43601.55753972656
141987,43386.11635807542
141988,43516.36832711137
141989,42859.00730798754
141990,41419.24534236197
141991,41177.96007373905
141992,40107.12146791597
141993,39616.74288712448
141994,39562.99099234801
141995,40528.578363978704
141996,40699.17629399994
141997,44747.11630874718
141998,45778.725834227436
141999,46405.566387722916
142000,43962.891261842015
142001,45755.78446940217
142002,46197.55053891698
142003,46305.16424978137
142004,45851.92881220945
142005,45220.77591729595
142006,44757.700536953605
142007,44714.36698990648
142008,45261.60829828075
142009,44918.96678270043
142010,44650.13414881668
142011,43412.44098577807
142012,43231.44017190408
142013,42171.8868827785
142014,41094.176326107234
142015,40478.65220982547
142016,39212.53830804185
142017,41152.0554859288
142018,41581.291042165096
142019,42033.426392039015
142020,42939.143925498865
142021,44196.83582816627
142022,46947.46558513389
142023,47440.86828308007
142024,47389.436089163384
142025,47276.47463363853
142026,47170.339966231695
142027,47552.74729663926
142028,46656.51931671459
142029,46950.34113283757
142030,48748.161930742186
142031,48721.450480871186
142032,49147.62984847098
142033,48177.672893249946
142034,46680.046353251106
142035,46291.07659473041
142036,47015.88473484882
142037,45973.93628965231
142038,44350.22365618832
142039,43780.7081529683
142040,42769.169278629895
142041,42612.494988472325
142042,42656.346852077135
142043,43794.759496887054
142044,44068.156728676615
142045,46806.800056923064
142046,46878.373014008874
142047,46642.87472965199
142048,45919.39535333037
142049,46985.82003904906
142050,47502.064155499604
142051,47512.59164037732
142052,47068.62499600053
142053,46665.58173958757
142054,46230.86802512484
142055,45466.25293527334
142056,45759.067846161015
142057,44997.81136729074
142058,44908.78873470074
142059,43333.63405210462
142060,42514.91353274405
142061,41473.83446612861
142062,40114.19677726181
142063,40085.16131674072
142064,39310.31888802526
142065,38989.06527540897
142066,38828.34880922728
142067,39561.54022606754
142068,40453.16523881088
142069,41616.81278020626
142070,45299.54084332859
142071,46489.342504257984
142072,46745.627617021935
142073,46104.50224553956
142074,46466.95746584396
142075,46340.16103946145
142076,45348.797658746036
142077,45507.93531528732
142078,47104.744703626886
142079,46820.67386265125
142080,47687.94148476465
142081,46653.87717035104
142082,44982.30336780793
142083,44645.27724209497
142084,45352.58487867931
142085,44250.948040900344
142086,42749.351063490314
142087,42470.27399212595
142088,41408.05222871021
142089,41411.152165734464
142090,41489.73416919479
142091,42100.066914883006
142092,42362.35482989311
142093,44905.05772889496
142094,46003.29460229849
142095,45502.19176980505
142096,44089.226320968555
142097,44515.606884147215
142098,44413.18578984913
142099,43768.52092839182
142100,43501.16892785947
142101,43587.64176524272
142102,42887.17524380544
142103,41263.106615481
142104,41506.95270565427
142105,41088.809651302894
142106,40855.36234524144
142107,39380.67860687136
142108,38546.44491248086
142109,37715.248254429054
142110,36860.182539931026
142111,35954.57210028475
142112,35437.84010038375
142113,35733.49361400949
142114,36471.61019583755
142115,38364.57692089395
142116,39441.84006131366
142117,41076.367773934064
142118,42668.852697359616
142119,43536.40963658635
142120,43506.32001510303
142121,43122.29319304166
142122,43334.70419555525
142123,43403.95967596073
142124,42245.326431146605
142125,42444.46299760679
142126,44982.06355972561
142127,44411.0997116091
142128,40894.68226824726
142129,39285.26957595912
142130,38441.507592447364
142131,38730.045187665644
142132,38675.879400852784
142133,37657.06905628863
142134,35873.49296752312
142135,35229.68309687089
142136,33921.62407760252
142137,33781.50454677196
142138,33786.08921147956
142139,34234.57643891649
142140,34304.11592456742
142141,33949.79662572559
142142,34136.43508175064
142143,36159.27321649949
142144,35814.417755275004
142145,36653.924721329386
142146,37889.19469841543
142147,37996.34967719094
142148,39867.4511600051
142149,40582.06633195397
142150,40388.65534604028
142151,39957.6279998549
142152,40547.20565293888
142153,40362.04687293274
142154,40055.04957100613
142155,39116.68682012818
142156,38200.057202737604
142157,36344.87620511269
142158,34412.673437447746
142159,33442.5078274603
142160,34194.21888059154
142161,34028.2529400399
142162,34720.42019997697
142163,35652.636209604134
142164,36056.014533723974
142165,37377.34961005684
142166,39584.41974741619
142167,40733.03035015051
142168,40520.0126077841
142169,39864.188779981385
142170,39857.26243803625
142171,39472.55923319285
142172,39220.320122773126
142173,40417.81302774013
142174,42586.2369636747
142175,42919.22047903146
142176,42112.13860415692
142177,40774.282434066
142178,40034.16178250906
142179,39542.57704460605
142180,39163.61590315301
142181,37977.38156163827
142182,36585.93075202598
142183,35470.875831848854
142184,34121.63262263429
142185,34125.79214824014
142186,34007.94437649045
142187,34139.83236009702
142188,34850.53450897069
142189,34447.789332126566
142190,34346.09362934619
142191,36061.09051422399
142192,37361.30419839497
142193,38690.75839619137
142194,39033.52319214962
142195,41015.868331312195
142196,42196.236053423774
142197,41676.544369191906
142198,41272.08332993072
142199,40902.14533191643
142200,41908.53530452263
142201,42479.997868573664
142202,42793.394190634426
142203,41163.51459688161
142204,40787.14796892701
142205,40104.52860262345
142206,38070.012030116995
142207,37652.96470964628
142208,37551.68664514023
142209,37916.033426404465
142210,37475.517118842945
142211,38224.139019646704
142212,39439.064581475104
142213,40198.48648203984
142214,42925.36305716031
142215,44112.370575611676
142216,44202.85459935131
142217,44596.67484909385
142218,47099.5375366334
142219,46836.89371465896
142220,46074.95540002167
142221,46559.82333697924
142222,48449.15632468149
142223,48333.93063730657
142224,44415.90558549303
142225,43798.2654825061
142226,42233.22523205303
142227,42024.453491679764
142228,41898.15637034676
142229,40971.293819885235
142230,39646.833015538505
142231,39106.96973402559
142232,38259.09883206695
142233,38245.80430921454
142234,38475.19037664578
142235,39858.55094666555
142236,40417.793659879164
142237,44198.55963218364
142238,43888.36649160521
142239,43487.09362989685
142240,42089.040574670995
142241,44170.934461506215
142242,45115.84786299198
142243,45058.03650367672
142244,44625.03193373174
142245,44129.68074258048
142246,44000.92355368426
142247,43770.82329094824
142248,43515.40455277432
142249,43416.24625541438
142250,43664.01023832687
142251,42659.620775846844
142252,42158.372777277444
142253,42003.312931873836
142254,41161.23920935227
142255,40627.73179969029
142256,38728.933052404296
142257,39517.756670559844
142258,39785.173501949605
142259,40244.26759914059
142260,41230.430380567836
142261,41997.574478533286
142262,43328.88941175855
142263,43774.31510393631
142264,44362.43257078257
142265,43692.073124398645
142266,43361.20142568964
142267,44012.01765636877
142268,43155.99263091947
142269,43442.883336656065
142270,45202.469107121906
142271,44586.14159504956
142272,47067.44706830247
142273,46185.36122841056
142274,44030.46961579811
142275,43735.19189225025
142276,43543.660803883584
142277,42257.99443882789
142278,40831.58862034617
142279,40438.21136282049
142280,39175.47272675277
142281,38892.712009389244
142282,38798.75852530663
142283,40186.76923270462
142284,40820.032306877176
142285,43340.43104761743
142286,43556.78623040739
142287,43111.063320532325
142288,41694.489009630575
142289,43778.498171834726
142290,44396.30536675369
142291,44874.87775889231
142292,45053.51974610446
142293,44537.903681564225
142294,44622.76351072764
142295,44893.14549954021
142296,45181.134962619704
142297,44803.89422332034
142298,44752.972532452346
142299,43150.020916446796
142300,41949.88427145836
142301,41118.20947434194
142302,40694.295275080665
142303,39830.54519366218
142304,37680.4747030161
142305,37883.22772557323
142306,38560.15997901426
142307,38773.0736137659
142308,39209.35973860357
142309,40509.66827853942
142310,42883.24876676904
142311,43500.1631283318
142312,43044.798936619925
142313,43125.239679304206
142314,43434.15449071065
142315,43293.11083369964
142316,42516.9458971395
142317,42928.96228022264
142318,44610.70245613799
142319,44231.22800199388
142320,46530.463777733705
142321,45369.23222224128
142322,43253.208093908375
142323,43047.2168408083
142324,42887.94145304911
142325,41957.4174471083
142326,40523.07787190526
142327,40104.79873615976
142328,39135.0419966927
142329,39201.2377690489
142330,39218.34854048888
142331,40237.50376476876
142332,41016.584712132804
142333,43575.918414522144
142334,43619.38923411512
142335,42629.800603595795
142336,41687.75054138182
142337,43653.678253848324
142338,44562.701301558685
142339,44681.12873370967
142340,43910.53405563036
142341,43127.21564514285
142342,43443.27017428628
142343,43096.24624092364
142344,42874.793412818886
142345,42274.28887300764
142346,40998.82652469309
142347,39858.43314199098
142348,38853.297413273656
142349,38214.54100501186
142350,36692.97660815985
142351,35567.866792542656
142352,34369.271564264636
142353,34844.71389566196
142354,34852.71375855539
142355,34789.44162177097
142356,35970.347288251825
142357,37616.47263060168
142358,39814.77455418884
142359,41341.41724658574
142360,41834.43309156158
142361,42296.10932522132
142362,42974.99341402866
142363,42823.18122947218
142364,42263.83325532803
142365,42407.0646791167
142366,44274.57960893299
142367,43549.405765979456
142368,45755.45919263352
142369,44695.98072118986
142370,42552.56692910158
142371,42323.47595802172
142372,42229.61050501855
142373,41597.02114447193
142374,40137.17863208949
142375,39678.32784707106
142376,38742.436685209985
142377,38726.6793608635
142378,38786.21292122968
142379,40085.34004944127
142380,40670.621816650964
142381,43401.419675601814
142382,43188.841980024925
142383,42560.701362884975
142384,41419.40180153726
142385,42934.9352049629
142386,43393.28301891201
142387,42953.7467588724
142388,42623.50059595565
142389,42658.617831905365
142390,42635.66431834754
142391,42063.476908371005
142392,42833.27020341253
142393,42567.47063847241
142394,42469.23475039283
142395,41207.74847510432
142396,40072.36245506064
142397,39143.86196627828
142398,38587.97811281266
142399,37123.125474587454
142400,35823.76734494137
142401,36001.11823951031
142402,36429.60297946242
142403,37252.63908606403
142404,37885.07373017813
142405,39806.43579127163
142406,41359.78028592787
142407,41822.54678481104
142408,41945.612334908874
142409,41448.93742390005
142410,41972.38441667142
142411,42388.618217434334
142412,41432.913957885445
142413,41619.85056978667
142414,43820.052956848165
142415,43078.183197884355
142416,45411.114918211635
142417,44445.033397894345
142418,42168.77873403026
142419,41718.343467731785
142420,42046.7534531139
142421,41682.616053626436
142422,40255.66665912894
142423,39863.737530960854
142424,38679.68765461188
142425,38699.750196563095
142426,38715.30511389664
142427,39797.54305871854
142428,40334.732516470816
142429,43094.89445864256
142430,42863.02927517008
142431,42273.79087170889
142432,41443.134251048694
142433,42596.97348224054
142434,43622.57720119
142435,43947.76027389218
142436,43771.23489215903
142437,43907.34299983088
142438,43830.93139220528
142439,43770.06951300006
142440,43277.62260694033
142441,42897.46223001016
142442,42875.76626885241
142443,41786.80352987788
142444,41426.65520153577
142445,40823.37623228566
142446,38903.05695252907
142447,37280.32255901504
142448,35571.68719261693
142449,35374.94021140179
142450,34961.31593477465
142451,35343.95093112033
142452,35635.00945933904
142453,37398.86685780223
142454,38809.14245920152
142455,39999.80924044329
142456,41228.88543948409
142457,41120.51531773827
142458,42166.86577571411
142459,42368.28014205829
142460,41921.27167599407
142461,42125.01658881772
142462,44033.39234396546
142463,43553.987858526954
142464,48679.80725209907
142465,46988.384799666266
142466,45110.42636863585
142467,45608.967382227114
142468,45371.74423361465
142469,44806.47862984715
142470,43151.39865336114
142471,42305.04995461193
142472,40506.66923498745
142473,39878.15760105855
142474,39684.626555198585
142475,40113.827306710205
142476,40233.313962801476
142477,41359.59564858308
142478,41705.707602930604
142479,40405.85743801361
142480,40841.443185233366
142481,41970.21070425093
142482,41814.094377597314
142483,42639.8669771599
142484,42445.391774517026
142485,41596.627767509075
142486,41367.65476030276
142487,39185.74274107056
142488,39944.06066473499
142489,39866.70080594023
142490,40066.293075338624
142491,38533.931211748786
142492,37531.711101798304
142493,35660.231882549575
142494,33500.46913377626
142495,33483.41312853235
142496,33261.48008650324
142497,33318.184407270455
142498,33313.67155729856
142499,34099.69483393765
142500,34625.93484705803
142501,37086.72905382119
142502,39750.96615057476
142503,40962.80739377713
142504,42302.040651116346
142505,42592.17735155805
142506,42639.853693962046
142507,42948.03025658596
142508,43773.77595309021
142509,44439.93224735159
142510,46475.003266154745
142511,46294.160993036225
142512,47065.21182204739
142513,45800.11269193653
142514,43949.66950929421
142515,44290.774837343735
142516,43935.05394810458
142517,43037.446313083106
142518,41327.74897549203
142519,41084.70058397689
142520,40108.057918030405
142521,39895.17544876617
142522,39822.81823760321
142523,39754.64442640456
142524,39997.38526951354
142525,40578.97527044811
142526,39292.181452553355
142527,40203.74976875245
142528,40987.002736158596
142529,41568.824778219474
142530,40893.744209325414
142531,41121.41830687123
142532,41306.382753132406
142533,40949.794741754704
142534,40747.29472894709
142535,40363.47418053112
142536,40344.08191898296
142537,40921.160588316736
142538,40852.92640521863
142539,39149.134636648414
142540,36891.487093817595
142541,35676.07813995268
142542,34503.06602412813
142543,33993.87581228223
142544,34241.397903148536
142545,34019.670765566836
142546,35019.31766616441
142547,35419.09825243977
142548,36414.45944903103
142549,38265.085024325635
142550,40508.44888670221
142551,42128.33987716029
142552,43462.33309904125
142553,45344.9546410312
142554,45729.07757339283
142555,45701.67893721329
142556,44980.47636911304
142557,45581.25527133923
142558,49155.46193935785
142559,49043.771876929175
142560,45317.17869912155
142561,44648.46385672738
142562,42284.71390007164
142563,42564.32286084471
142564,43041.71409433737
142565,42028.91626637938
142566,40558.78859081084
142567,39991.87347222247
142568,39082.68035690091
142569,39138.12766913096
142570,39170.600653388545
142571,40921.9528301629
142572,41706.26651408992
142573,43608.03822717999
142574,44849.83223158107
142575,44206.874644312324
142576,44063.043980778806
142577,45947.67690053782
142578,45778.982263084064
142579,45287.07582090099
142580,44877.42932438309
142581,44380.51134416074
142582,43533.837604491106
142583,42651.782553890494
142584,42875.29546951636
142585,42656.14493010901
142586,42670.068982574325
142587,41936.3618497013
142588,40729.41754685851
142589,40423.75111736311
142590,39466.02505449689
142591,39068.56437508772
142592,37685.51369670931
142593,37788.22970291824
142594,37375.53613744994
142595,37422.486869357075
142596,38496.86994234504
142597,41420.75096006424
142598,43271.060620146854
142599,44165.68451896215
142600,44563.356424882724
142601,44452.780327868066
142602,44641.65322350867
142603,44586.215815559735
142604,43776.33860750647
142605,43989.085238420674
142606,45949.57096777501
142607,45451.13516337766
142608,46306.17238573383
142609,45645.628801060644
142610,42458.02348706948
142611,42005.4324855151
142612,41782.45378356445
142613,40888.59740360985
142614,40938.673769464316
142615,40142.560988675
142616,37780.47461149226
142617,37604.98466128498
142618,37656.12448296946
142619,39307.37771294443
142620,40636.20999906186
142621,44864.28816959567
142622,43751.5900486404
142623,43683.64333295262
142624,43661.39896653721
142625,43991.23737496764
142626,44366.82943208792
142627,43463.11673878876
142628,42848.10562824363
142629,42495.56459796418
142630,41878.482770019524
142631,41538.66818040344
142632,42058.678547080606
142633,41937.55867014765
142634,41961.48867054336
142635,41028.331232448414
142636,40105.49504828468
142637,39864.49147403636
142638,39260.117214869024
142639,38551.86643355761
142640,37723.07712770975
142641,37505.38897276685
142642,37180.106605442474
142643,37486.503022110744
142644,38168.96970250862
142645,40290.50279852128
142646,42329.981422999874
142647,43395.77830438148
142648,43622.7669393774
142649,43492.57363334297
142650,42861.40593450312
142651,43011.44535035485
142652,42154.162783311054
142653,42358.09185966316
142654,44475.31287508725
142655,44488.13122368266
142656,46673.687976225374
142657,45559.19069357274
142658,42634.553317583224
142659,42642.3051578547
142660,41534.68378638304
142661,41244.607359070265
142662,38743.79100180552
142663,38063.986550869755
142664,37212.51416657444
142665,37122.767735485286
142666,37052.9974572638
142667,38349.941338929704
142668,39762.09022815233
142669,42991.94652818577
142670,41486.722860201866
142671,41719.253490938485
142672,41894.58919559175
142673,42892.88120166816
142674,42665.32199081773
142675,42031.16671261252
142676,41880.017129867374
142677,41557.872102824884
142678,40817.52558576076
142679,41026.7075876193
142680,41702.93074639436
142681,41552.86797886547
142682,41680.04419678258
142683,40125.89102312316
142684,39059.46240599056
142685,38634.00213335459
142686,37681.46998412865
142687,36357.88405624649
142688,35567.99179961
142689,35170.060537442994
142690,34791.03302079101
142691,35095.01757389724
142692,35247.16337299561
142693,37437.871254588776
142694,40620.44183766344
142695,41172.47336333621
142696,41467.287799808844
142697,41490.35395358088
142698,41052.03652367383
142699,40793.456204472226
142700,40028.74798158461
142701,40280.00336942131
142702,42486.75598940774
142703,41986.07234378576
142704,43781.320517421154
142705,43244.642549746306
142706,39960.85311421827
142707,39487.77346000724
142708,38848.215570370165
142709,37777.669334610975
142710,35449.49565996233
142711,35132.71739753252
142712,34182.74176469626
142713,34089.30607401251
142714,34063.791745237126
142715,35326.42945130282
142716,36262.485495639725
142717,41571.68538906768
142718,40414.02181239709
142719,40045.9339931321
142720,40288.3371285899
142721,41269.5722701874
142722,41995.71689780129
142723,41911.38339814218
142724,41169.30307052966
142725,39710.07946166199
142726,39639.490488280164
142727,39551.029666739516
142728,40053.95483999618
142729,39798.23610789166
142730,39716.90774977873
142731,38507.3805783185
142732,37411.13097000417
142733,36974.741168243796
142734,35873.9906770019
142735,34978.65220147596
142736,33746.708592547904
142737,33478.40873490077
142738,33173.44017089278
142739,33416.065363777874
142740,33743.83483416114
142741,35346.75768330276
142742,36983.19700652408
142743,38872.276728501194
142744,39966.45614940761
142745,40191.74881943347
142746,39960.99088990115
142747,39764.903226820206
142748,39838.18902210898
142749,39981.27168288154
142750,41645.006245944176
142751,42064.1378461947
142752,44084.88404645644
142753,42872.76830075741
142754,39724.22980629656
142755,39662.075482451626
142756,39011.10057224868
142757,38396.87229770467
142758,35758.72771314621
142759,35380.28756777441
142760,34867.098208398274
142761,35025.6416490567
142762,34945.45031578488
142763,36589.440938060274
142764,37990.53312968381
142765,41125.6288709302
142766,39351.434929784285
142767,39524.6272204834
142768,39830.90187979998
142769,41402.261675416594
142770,39903.90916462947
142771,40106.40795842402
142772,40096.03185492842
142773,39616.959773430906
142774,39444.87904159241
142775,39258.13683515034
142776,39264.377503898875
142777,39124.76458517753
142778,38857.28424666629
142779,37623.32095456135
142780,36551.045837187456
142781,36221.72092621285
142782,35592.90066442828
142783,34594.94046028229
142784,33973.47587125234
142785,33795.51597380224
142786,33566.39088015481
142787,33634.74231252952
142788,33752.46391256162
142789,35481.145702138936
142790,37052.476976587604
142791,37939.24371452563
142792,38161.93183078487
142793,38443.2663761931
142794,39244.13445061017
142795,39288.47456799473
142796,38960.499531310124
142797,39355.949314318124
142798,41312.09619522039
142799,41301.03060333446
142800,41583.95928778755
142801,39690.998541125344
142802,38047.6906629462
142803,39387.029581439165
142804,39278.60590492938
142805,38623.846453158854
142806,37036.227273847835
142807,36192.88149949179
142808,35000.93336510359
142809,34850.64554221701
142810,34753.21743471231
142811,35141.12883846455
142812,35291.260979799845
142813,32346.316533493184
142814,32733.23949446086
142815,33107.81235386724
142816,34972.77036544501
142817,34670.40601078204
142818,33946.77651098725
142819,34441.91526317976
142820,34457.55433367866
142821,34858.78031796458
142822,34871.27521859741
142823,34519.673187102395
142824,34885.06529357064
142825,34300.85355462486
142826,34429.043129693404
142827,32992.0002322328
142828,31826.039742970566
142829,31223.76084463431
142830,30123.239266600856
142831,29714.91657227287
142832,30417.808906285765
142833,30157.587039231457
142834,30234.70642673262
142835,30637.287089808047
142836,30873.214415092625
142837,31988.423404631394
142838,33634.4828295114
142839,33994.955352081866
142840,34063.90491331513
142841,33845.457252477696
142842,34047.53235982732
142843,34350.955074591075
142844,34674.71711764543
142845,35798.04197026713
142846,37763.531676443105
142847,37610.521536124106
142848,37096.27514163661
142849,37013.326789794744
142850,35563.674779178786
142851,35995.58875795042
142852,35062.933558232726
142853,34531.70632667175
142854,32188.231767383128
142855,31289.720372446573
142856,30491.98909414268
142857,30051.04935527669
142858,29827.806612772674
142859,30000.34289133764
142860,30184.03389903121
142861,28858.42041421901
142862,28743.70796631107
142863,27722.799356247135
142864,29192.932256707736
142865,30694.28287040736
142866,31317.016780860544
142867,31017.227067573982
142868,31048.104589241095
142869,32050.531363283008
142870,32424.892350627055
142871,32588.756364382232
142872,33306.35740361643
142873,33731.586815201845
142874,33875.70474042173
142875,32176.409223921517
142876,30428.209228259067
142877,29686.289987280543
142878,28666.13763061742
142879,28014.985554970604
142880,27406.817265084745
142881,27580.73443115962
142882,27833.89510726157
142883,28097.833465412405
142884,28707.507306094074
142885,29428.987403946165
142886,31954.999048846785
142887,32785.81200764758
142888,33407.19418421459
142889,34114.547787252326
142890,34508.72122819935
142891,35453.247432362834
142892,35162.971060135984
142893,35865.243562282456
142894,38176.133164901556
142895,39457.483502532974
142896,37366.72795551509
142897,36070.529148550515
142898,33000.52736463929
142899,33617.61687548504
142900,32478.594414446557
142901,32725.821932856954
142902,31348.423033544197
142903,30891.445663746745
142904,29985.28422717094
142905,29924.574989532288
142906,30059.91295783105
142907,31186.22388011137
142908,31271.997114426962
142909,35344.542888402844
142910,35706.4022452602
142911,36113.73573111344
142912,36517.95039687637
142913,38042.3368084213
142914,39656.4563363932
142915,40041.036066976936
142916,39426.395364305
142917,39191.4503215286
142918,39260.29421715139
142919,39562.13699678636
142920,40592.44955185723
142921,40575.47699958477
142922,40556.94533948468
142923,39655.5139886394
142924,38656.99464273688
142925,38104.784041145846
142926,36969.41361109335
142927,35589.87440814375
142928,34179.567365597875
142929,33839.590749913325
142930,33313.13857218921
142931,33683.01401750966
142932,34192.60846310958
142933,35764.10822192619
142934,38118.56515157332
142935,40410.53505432383
142936,40770.50420570629
142937,40352.71642357817
142938,40763.61667698675
142939,40259.43036883656
142940,39497.603059686924
142941,39603.17921210343
142942,42226.125605389636
142943,41761.155174654275
142944,43047.39638505646
142945,41611.36672077011
142946,39663.21480300024
142947,39382.133802593875
142948,39200.45819329214
142949,39130.375845311944
142950,37414.37229129161
142951,37008.1558538436
142952,36300.35019842517
142953,36354.30283397563
142954,36276.66655345451
142955,37718.22194997526
142956,39040.29462071384
142957,42632.106567109775
142958,41450.540794592955
142959,41767.2939969952
142960,41971.650363319495
142961,43086.9163407388
142962,42789.13627379224
142963,42242.42995223477
142964,41998.52248783406
142965,41661.64191666772
142966,41191.13899280969
142967,41229.323987754
142968,41745.8303088932
142969,41618.9117532481
142970,41597.20479956001
142971,40347.73245953124
142972,39488.34991433012
142973,39176.93223716403
142974,38418.7371713445
142975,38095.23579036247
142976,37109.39328109418
142977,36542.15862004518
142978,36344.03969473661
142979,36523.227428940336
142980,37213.3903577237
142981,38570.17739147962
142982,40823.202604166676
142983,42119.42079110969
142984,42869.74068995198
142985,42207.35393698568
142986,41969.037825371684
142987,41845.74380852963
142988,41188.519852725825
142989,41435.48164477745
142990,43918.03739925121
142991,43630.2063688504
142992,44294.60270523927
142993,43822.72805607962
142994,42541.872993837576
142995,42362.42805558819
142996,40980.641256049195
142997,41028.20309379579
142998,39520.67684773875
142999,38813.35308553259
143000,37267.301897938516
143001,36560.455315717794
143002,36563.31027682667
143003,37726.83553711363
143004,38670.07005213481
143005,39813.76190871624
143006,40282.8866680497
143007,41295.392705599246
143008,41518.54114861949
143009,42809.33741233067
143010,42908.67678673203
143011,42439.07172282012
143012,42273.00910317442
143013,42152.008718244826
143014,41840.067920697846
143015,41583.031888340105
143016,42864.94348887519
143017,42466.93653909707
143018,42317.704186084964
143019,40875.37728313731
143020,40018.74104645684
143021,39278.35115488298
143022,38599.82841662027
143023,37123.535474321536
143024,36278.611425865114
143025,36188.240264052074
143026,36340.41306722068
143027,37937.168286468885
143028,38648.67889319013
143029,40511.70468773015
143030,42793.60814020661
143031,43343.28115616976
143032,43588.39639692243
143033,43269.88953313931
143034,43159.97563667797
143035,42756.44059440712
143036,41856.488811055126
143037,42152.36267987096
143038,43732.68534526855
143039,43492.61639185815
143040,45831.83934489107
143041,44297.4082895246
143042,41946.01060868899
143043,41838.50771358503
143044,40532.76502994296
143045,39814.51392708756
143046,38100.078206795566
143047,37890.28933048006
143048,36635.5111381987
143049,36111.389064965566
143050,35755.7781975728
143051,37329.704788920986
143052,38501.190723096166
143053,42046.11402478368
143054,41985.260040378605
143055,41666.92485693428
143056,42169.32310838396
143057,43678.82375059991
143058,44457.0654180798
143059,44547.006041985835
143060,44625.273849670266
143061,44428.384914164155
143062,44644.161218168876
143063,44286.602859406245
143064,45162.791865874635
143065,45092.55198233623
143066,45023.5866589589
143067,44059.006910103955
143068,43564.210188033714
143069,42921.44057736979
143070,41504.10980404922
143071,41751.76940030351
143072,40164.31993243277
143073,39794.093730775145
143074,39646.0416366286
143075,39891.086911816514
143076,40293.377511229664
143077,42315.846701409435
143078,43755.71288547878
143079,44697.79285663787
143080,44830.665352477794
143081,44560.501758896804
143082,44470.288638624595
143083,44620.60122448176
143084,43835.55112820939
143085,43895.882542136984
143086,45788.201889110205
143087,45323.82597825296
143088,48211.14380047688
143089,47075.17298798018
143090,43769.804411754434
143091,43156.31069630339
143092,41796.868921614885
143093,41699.12638536145
143094,39742.485714461734
143095,39096.71097091956
143096,37815.44991931176
143097,37915.993262431264
143098,37659.38957354446
143099,39065.67712976533
143100,40503.72534801477
143101,44938.13697529286
143102,44182.5605896379
143103,44327.9907601699
143104,43995.91346186185
143105,45580.319707120274
143106,46032.69485242515
143107,45957.80779953556
143108,45681.88781347003
143109,45494.83977922759
143110,45511.14018956638
143111,45408.59888018539
143112,46243.33725341997
143113,46321.375921430576
143114,46267.992538884726
143115,45164.26388018617
143116,44192.31508737415
143117,43722.28008852021
143118,43175.80392315317
143119,42717.27326323382
143120,41444.35223734582
143121,40825.43643234139
143122,41118.61069710687
143123,41399.75143928764
143124,41671.305095549455
143125,42654.67698819027
143126,43395.22425023617
143127,44055.54129590973
143128,44368.86105527905
143129,44070.80221934245
143130,44285.47477079836
143131,44401.12648723339
143132,43471.6132360953
143133,44026.21239212267
143134,46036.04338249475
143135,45568.23767126727
143136,48814.25459100761
143137,47156.964168126826
143138,45258.001758441496
143139,44758.6155317242
143140,43577.16248351642
143141,44243.232741519896
143142,41823.01787056231
143143,40345.68638632027
143144,38700.382928521285
143145,38554.818621310515
143146,38473.00392497989
143147,38699.67578200981
143148,38711.38019147086
143149,39363.192362120026
143150,40913.98579786125
143151,42390.46962318207
143152,42010.49395978236
143153,41765.40747139093
143154,41770.41502458929
143155,42324.94441102881
143156,42535.13823363329
143157,41846.99126675903
143158,41405.00315195239
143159,42110.69187816385
143160,43240.12121370752
143161,43843.30560228952
143162,43845.0369733454
143163,42214.44798678328
143164,41602.205604119314
143165,39824.50667603064
143166,37435.62233930128
143167,36588.44927523764
143168,36574.18008144014
143169,36028.95239935458
143170,36284.07462530659
143171,36719.18255924345
143172,38159.091805080076
143173,39203.81067472669
143174,41141.529801646924
143175,42210.035941901086
143176,43797.09009412511
143177,44343.72104393869
143178,44294.283341370916
143179,44333.783542736965
143180,44171.05828681303
143181,44938.424249921096
143182,47359.72162335047
143183,48542.03671221931
143184,47822.485827544646
143185,46248.698077766974
143186,44639.20907008251
143187,44134.8975476495
143188,43423.31954088085
143189,42921.73763438035
143190,41615.68718178597
143191,41208.032635820724
143192,40182.29078870732
143193,38662.67038748007
143194,37818.56233958427
143195,37955.29288670708
143196,37682.02665827117
143197,38783.23538350564
143198,38102.74647825617
143199,39977.88536754127
143200,39968.12069778681
143201,38557.70933319175
143202,37895.71296172182
143203,39421.35586553613
143204,40562.68744151123
143205,40637.42746876337
143206,40466.44880967085
143207,40221.62017729855
143208,41285.251297715055
143209,41684.73582489917
143210,41856.510165116204
143211,39190.0443986989
143212,37313.90870672223
143213,35991.869654368886
143214,34444.56321586074
143215,33594.44747068307
143216,33954.40391485048
143217,33969.78466918597
143218,34117.742396288304
143219,35046.133317032174
143220,35810.412325371035
143221,38028.188254093
143222,40802.3013287343
143223,42619.891363764626
143224,44417.42369134294
143225,45227.918212020915
143226,45955.052018425224
143227,47402.26355156943
143228,47187.02339470112
143229,47658.85122236711
143230,49742.91410033423
143231,49775.18007513544
143232,46593.67759453846
143233,45783.95234193021
143234,44391.86057202839
143235,44048.243547629034
143236,43550.55040402489
143237,42496.71508602043
143238,40786.279056397696
143239,40239.66461378446
143240,39373.17471373832
143241,39198.26203063576
143242,39313.90735240568
143243,40679.850459401845
143244,41562.67806870945
143245,44117.20517318865
143246,44299.44682805602
143247,44210.74456536634
143248,43875.83515335115
143249,44658.69846150431
143250,44110.43907870691
143251,43957.09225732772
143252,42693.965389039666
143253,42617.94403779695
143254,41503.575024876896
143255,41059.1799265151
143256,41272.07178896598
143257,40585.28238412703
143258,40574.18941380061
143259,39615.366560687406
143260,38467.03898647671
143261,37987.925174872464
143262,37210.76273588752
143263,35845.55363036935
143264,34702.66874605175
143265,34221.37007976353
143266,33834.191799396205
143267,33892.61377316648
143268,34131.210978423915
143269,35770.42704546661
143270,37432.68764269994
143271,38932.171684409324
143272,38884.90349618017
143273,38166.86758975016
143274,37774.340589883934
143275,37159.68933342712
143276,35926.23102972603
143277,35992.02028419492
143278,36843.69586723818
143279,35742.91840657336
143280,39685.81752933658
143281,37544.19687546531
143282,33090.661836540916
143283,32497.973185238883
143284,30797.351809434167
143285,30536.50605926765
143286,29149.82592411662
143287,28652.54183043106
143288,27791.52962233799
143289,27735.972601528447
143290,27618.75967575396
143291,28658.042618998526
143292,28413.79548968132
143293,30662.705202440025
143294,32024.7102215953
143295,34056.31292419803
143296,35589.50049369717
143297,36033.613141173126
143298,36742.29312490715
143299,36856.032423635705
143300,36098.423877353445
143301,35976.33018143949
143302,36279.83090527539
143303,36111.19229241324
143304,36384.04861099502
143305,36287.6951675993
143306,36234.15187963233
143307,35253.51110253933
143308,34333.27395543972
143309,33947.729092963265
143310,33266.63205438587
143311,32402.336198245364
143312,32167.75430776591
143313,31005.94852619276
143314,30940.353658714834
143315,30958.738191179677
143316,32478.2290342917
143317,33947.09792956782
143318,35657.434570565616
143319,36757.77923832149
143320,37358.35520878526
143321,37262.52419954863
143322,37872.859282916055
143323,37759.660779915226
143324,37850.96835344686
143325,38405.21953084337
143326,40485.217676340726
143327,40149.98614683634
143328,41664.97268695607
143329,40674.94652432991
143330,37453.65258501039
143331,37047.73895159801
143332,36865.942744332155
143333,37300.73425089936
143334,35910.43233972952
143335,35024.6356737979
143336,32987.1048060155
143337,32747.651106936086
143338,32685.826176237362
143339,33611.2033753902
143340,34188.07863365776
143341,37482.9111031541
143342,37793.29543912854
143343,38486.68989626189
143344,38978.49611986099
143345,39443.82029644181
143346,39564.67521823993
143347,40042.11568740225
143348,40138.213480022634
143349,39957.67086611286
143350,39811.37232813837
143351,39330.39718189861
143352,38919.3883404214
143353,38742.30918766646
143354,38798.98644628629
143355,37781.3982662907
143356,37179.10535491344
143357,36561.50270484277
143358,34953.44140776911
143359,34675.75439932249
143360,34221.242726763514
143361,34278.36040482763
143362,34633.5378861834
143363,35229.193603976935
143364,36117.63871469103
143365,38324.608921878185
143366,40320.32976325563
143367,41809.84545594178
143368,43055.711722185115
143369,43148.52313976322
143370,42921.99472022395
143371,43025.6811496624
143372,42461.929732873534
143373,42659.04393182626
143374,44631.231061749655
143375,44542.75100304224
143376,47019.49000259037
143377,45801.61397018025
143378,42248.50374154944
143379,41879.93493811566
143380,40854.671494483504
143381,40419.48557937249
143382,39019.92098388598
143383,38201.106752865904
143384,37293.196689219185
143385,37196.05860255755
143386,36540.01477527733
143387,37254.997965591894
143388,37495.21519907181
143389,41334.02302902101
143390,39654.35899468669
143391,41359.1203766841
143392,41450.58674700834
143393,42959.22500870079
143394,42945.86041932131
143395,42707.44604883745
143396,42839.142618497375
143397,42225.7991402222
143398,42254.15266692439
143399,42307.54573306957
143400,42609.514683206326
143401,42510.146789934195
143402,42383.182173508365
143403,41055.37910816804
143404,40539.40646473847
143405,39877.106906122506
143406,37295.26503966269
143407,37019.73725634955
143408,36499.63520247578
143409,36288.24465824141
143410,36373.34883982626
143411,37006.76496016589
143412,37697.551001403604
143413,39183.7568895253
143414,41301.78360722368
143415,42097.234488947426
143416,42446.866763848426
143417,42351.152110397925
143418,42570.826037912884
143419,42167.71125657124
143420,41751.26168901621
143421,41895.85356398303
143422,43945.17136315828
143423,43176.57226728104
143424,45292.41573220746
143425,42653.36913199894
143426,40894.88222709565
143427,40632.04975524534
143428,39069.28865400725
143429,38375.494559247134
143430,37282.87465670553
143431,36378.70938914373
143432,35602.35981442199
143433,35537.86303170185
143434,35449.740140420385
143435,36724.92258688605
143436,37505.173676216116
143437,39745.21071606769
143438,38826.24907444172
143439,41068.583410732215
143440,41806.73358350314
143441,43170.72931898611
143442,43213.20655919976
143443,43249.09901454137
143444,42607.73180220875
143445,42492.53245394248
143446,41762.877572028614
143447,41615.15327265529
143448,41955.904824121884
143449,41893.55737184624
143450,42007.92005862037
143451,40662.331421647374
143452,39216.40510141507
143453,38615.2609572865
143454,37811.648247473175
143455,37100.719333507004
143456,36154.29393189777
143457,36091.260387834714
143458,36330.120357978085
143459,36767.68929524184
143460,37759.19480344399
143461,39693.744879369646
143462,41447.3920668414
143463,42380.57379175185
143464,42754.720212280954
143465,43126.36093121308
143466,42775.616490782704
143467,42531.89378489406
143468,42418.70658440809
143469,42539.97720824067
143470,44601.60995544897
143471,43992.540873205
143472,45142.773254451546
143473,43231.00405646435
143474,41074.99238488108
143475,40179.119130656756
143476,39236.1315557654
143477,38340.23365050135
143478,35660.553959088116
143479,34099.08152904126
143480,31970.158621055063
143481,31740.46279067473
143482,31050.41253364207
143483,31338.356246341402
143484,31280.27168360486
143485,31099.016357917943
143486,30614.1843501058
143487,31403.581030327685
143488,32413.379259132253
143489,32903.938521998534
143490,32591.775561723774
143491,33263.688717175704
143492,32578.447539323734
143493,32555.558826962875
143494,32621.557668513185
143495,32097.26328146779
143496,32032.829710461745
143497,32497.188548898655
143498,33009.60690559541
143499,31771.14384163702
143500,30623.311623831287
143501,30072.26586706524
143502,29148.71403468584
143503,29006.793541243464
143504,28847.74668019766
143505,30017.256214389916
143506,30313.65048341044
143507,30647.068498667257
143508,31510.23813777187
143509,33178.64863326649
143510,34989.809056702725
143511,36449.81244949318
143512,36468.806843769315
143513,36835.875473054075
143514,36760.60636275792
143515,36742.36214747696
143516,36449.59478532769
143517,36745.56245485006
143518,38531.424089158565
143519,37676.16749005369
143520,37182.770446525465
143521,35551.767075155156
143522,33090.02554611968
143523,32822.40710122998
143524,31441.651881741753
143525,31170.767486996745
143526,29670.984278767217
143527,28631.573579905013
143528,27776.041025043094
143529,28162.481322571864
143530,28022.296499854132
143531,28122.43863278217
143532,28178.833038184774
143533,27985.634786846404
143534,27559.734807102053
143535,27319.403456971504
143536,27455.094648039725
143537,28251.670505375154
143538,28396.708178553927
143539,28121.503858676388
143540,28695.904762656075
143541,29432.560012478727
143542,29805.960742318315
143543,29900.406705751422
143544,30630.741571046394
143545,31021.541609004584
143546,31162.791212470143
143547,29608.499918856807
143548,28242.653773072943
143549,27760.67329114195
143550,27220.42648981579
143551,26906.747870353618
143552,27004.19970864077
143553,27382.17503767554
143554,27398.76965173066
143555,28910.66398223159
143556,29500.045045192044
143557,31071.718394886193
143558,32670.346485776725
143559,33373.64267774415
143560,33919.887825604375
143561,34174.843412648865
143562,34431.01811717521
143563,34220.04656059123
143564,33357.0991666852
143565,33935.03477097848
143566,35525.521721983474
143567,34941.288715801275
143568,36938.17663290297
143569,35115.85462318276
143570,32524.88726468153
143571,31657.261693306376
143572,31091.49744038299
143573,30525.922336430405
143574,29420.74704262422
143575,28898.91618050087
143576,28844.102181310303
143577,29055.342461667628
143578,29664.376891765653
143579,30351.808582514583
143580,31373.851341798294
143581,33064.24240632646
143582,33882.61740965913
143583,34851.04648861868
143584,36351.00538781193
143585,37664.532312043346
143586,38973.469215309655
143587,39785.10152416362
143588,40057.12516969092
143589,40433.73105285648
143590,40154.27249902041
143591,40180.902654838384
143592,41231.52995851123
143593,41328.930969546076
143594,41305.31524250204
143595,40405.810422142575
143596,39353.9923094176
143597,38935.594448484626
143598,38015.643399807595
143599,36531.366967250666
143600,35883.2613362067
143601,36072.62497600229
143602,36069.615977282694
143603,36776.565171397495
143604,38099.15912455244
143605,39563.82314360676
143606,42309.76074281419
143607,43346.41652877287
143608,43921.66902103882
143609,42853.44048610826
143610,42365.41634017177
143611,42147.61536204693
143612,41634.97916032882
143613,41716.99140828291
143614,43195.9395008578
143615,42450.701196195616
143616,42763.08863441545
143617,40962.57862362348
143618,38326.99965548572
143619,37735.0847906841
143620,37699.319149025774
143621,37289.124854010865
143622,36158.959086183895
143623,34846.27032247265
143624,34047.57036798961
143625,33925.46216108783
143626,33392.87400356136
143627,34521.82146798897
143628,35393.0086548794
143629,37104.986081634524
143630,39024.93460419479
143631,40973.068162997544
143632,41566.87877719992
143633,42629.4840419564
143634,43330.639300847186
143635,43613.35349179633
143636,42893.69817340158
143637,42538.08142648045
143638,41887.35116018225
143639,40842.231295005695
143640,41088.6590773456
143641,41145.042657613376
143642,41241.12518092405
143643,40081.2268623309
143644,39380.680868589654
143645,38961.79828859817
143646,37878.58895486219
143647,36335.360584059235
143648,35284.81882186453
143649,34760.089915009106
143650,34932.71001880488
143651,35159.18305976741
143652,35757.7817321523
143653,38690.314949046
143654,40752.22808972741
143655,41476.56265865264
143656,41926.289632120635
143657,41007.18586281373
143658,40901.621626865635
143659,41184.28972172386
143660,40922.600470540296
143661,41082.31791811129
143662,43056.22227500221
143663,43002.17980167025
143664,45246.63838008032
143665,43421.58926027665
143666,40055.68478160764
143667,39928.31060798966
143668,39090.40443137241
143669,38765.82583197502
143670,36973.87784838079
143671,36578.84529035004
143672,35950.660151207536
143673,35389.62151654112
143674,35266.489756568175
143675,36730.17771751661
143676,37305.842756144775
143677,38768.825762790184
143678,39384.6768374411
143679,41377.505803671105
143680,42041.475392982924
143681,43026.92349949663
143682,43362.940521119745
143683,43119.54238268094
143684,42383.413158649826
143685,42226.44532245826
143686,42119.32342126359
143687,42176.356130335036
143688,42351.67114532352
143689,42188.2724130469
143690,42040.21152066092
143691,41023.52683381212
143692,39753.41360962265
143693,39370.82087666418
143694,38894.4993406972
143695,37274.69630310261
143696,36005.32568747318
143697,36186.37256090824
143698,35925.711785589476
143699,36200.719971676896
143700,36489.92524051419
143701,38158.276599293466
143702,41221.83162828527
143703,42019.14825580892
143704,42374.37539058578
143705,41759.17084347454
143706,41661.86033575017
143707,40869.329245445144
143708,40523.117979625866
143709,40618.24991618394
143710,42507.13328031629
143711,42178.26661387297
143712,41531.28660385057
143713,39995.71332337971
143714,38544.63962420869
143715,38492.23675393255
143716,37817.08872125616
143717,36856.16279745822
143718,34315.86706279335
143719,33449.71650114205
143720,31884.504284541137
143721,31734.379270115765
143722,31694.58840115573
143723,31972.979322844676
143724,31910.413387737863
143725,31717.90506766368
143726,32690.11968424966
143727,32808.099110552066
143728,34121.8348527195
143729,35438.988382076444
143730,36678.88910365576
143731,34710.16622824028
143732,34613.41595958678
143733,34884.35623883345
143734,35239.3959906283
143735,35483.14499222169
143736,36184.50915776093
143737,36423.06989816403
143738,36549.88039663902
143739,35155.93274870548
143740,34790.26161116516
143741,34038.387423741086
143742,33519.83528304443
143743,33630.12567947713
143744,32782.2208297442
143745,32917.80840088063
143746,32857.15152910615
143747,33207.71593000715
143748,34410.456828083705
143749,36063.49338659536
143750,38073.92204516371
143751,39179.36965899519
143752,39911.54102027326
143753,39938.470185752434
143754,40379.08313650959
143755,41140.97507120402
143756,40344.94527206646
143757,41134.887393168996
143758,43300.38616597981
143759,42948.11938488216
143760,45525.14077885648
143761,43245.42767454989
143762,41235.28416703918
143763,40888.14034709302
143764,39513.527171689384
143765,38640.32528679551
143766,37261.22015981076
143767,36762.98309365733
143768,35900.136358642434
143769,34433.913720513374
143770,34167.952293262155
143771,34770.16979615485
143772,34963.813882410606
143773,35974.592841747515
143774,37925.1519715243
143775,40179.29663849499
143776,40710.462047510075
143777,42435.10648569365
143778,43494.33765344183
143779,43697.051829647826
143780,43568.083605624604
143781,42542.557412449096
143782,42399.524429048346
143783,42450.18391374582
143784,42430.854937563265
143785,41998.208754114974
143786,41652.293951551896
143787,40367.9184955829
143788,39435.96985982112
143789,38584.67005468144
143790,37447.95773049931
143791,36332.48803334707
143792,35170.29011726588
143793,34908.136894163385
143794,35231.57020906262
143795,35716.531714497956
143796,36636.775416275166
143797,39214.33871872332
143798,40500.20589644509
143799,41314.34758002204
143800,41880.73415871468
143801,41861.5543977789
143802,41382.4869508691
143803,40953.07777627128
143804,40578.19148470992
143805,40956.783951766294
143806,43058.58422087418
143807,42662.116113413555
143808,43655.02418196723
143809,41629.29005060388
143810,39418.25439573812
143811,38970.28996572286
143812,38025.52415550989
143813,36678.0993191669
143814,34372.16623125825
143815,33541.42829814134
143816,31627.03025097777
143817,31261.422142068564
143818,31209.010854347805
143819,31713.13068361244
143820,31846.58092894604
143821,31616.968124472918
143822,32597.31700671025
143823,33672.96764212938
143824,35230.00920651323
143825,37033.93576456812
143826,37462.28465024515
143827,36569.834987871174
143828,37151.12351851221
143829,36034.18599024466
143830,34588.42232158192
143831,34410.098160499525
143832,35500.53925852557
143833,35966.005620538504
143834,36266.28878972177
143835,34675.74957918368
143836,32941.9297504244
143837,32199.678287604354
143838,30657.0334245794
143839,30194.074890103173
143840,29673.81210431637
143841,29694.904330771362
143842,29665.51640918673
143843,30346.53996457922
143844,30686.997767203982
143845,32618.74801783272
143846,34703.7612400542
143847,35691.57887673081
143848,37909.674256823404
143849,37753.26665432661
143850,38132.21493715205
143851,37879.84863559777
143852,37928.959297746216
143853,38847.066267569535
143854,41391.60516994725
143855,40941.29362120115
143856,40427.61087989462
143857,39413.80758734084
143858,36904.78014731618
143859,36425.750863466834
143860,35682.51200059449
143861,35199.36446748874
143862,32906.70061353159
143863,31054.367498871816
143864,29638.049772546998
143865,29386.720661068066
143866,29487.72269669555
143867,29714.09274397448
143868,29876.8262069861
143869,29732.623108399457
143870,29174.946268769898
143871,28773.23154843556
143872,29447.57992277391
143873,30592.34823086919
143874,30343.131303067006
143875,31401.078409207992
143876,31389.214910934166
143877,32076.699358134843
143878,32132.56875267437
143879,32348.906736314497
143880,33738.76026753554
143881,33980.2413483716
143882,34025.53850577979
143883,32309.740221526088
143884,30405.34554669942
143885,29799.98346122378
143886,28452.883710705002
143887,27810.56604572357
143888,28152.248770278657
143889,28204.964159866788
143890,28282.446250908535
143891,28844.276843769952
143892,29691.76162311061
143893,31086.904747095756
143894,32746.08479372556
143895,34337.767267691954
143896,34614.15357665663
143897,35559.39924255758
143898,35653.711507042724
143899,35580.41587969796
143900,34906.22819314482
143901,35982.86099541515
143902,37506.34732250077
143903,36579.150148044144
143904,36853.025035033745
143905,34964.86159379986
143906,31433.1296044369
143907,30025.61652573852
143908,28843.189058101838
143909,28283.5493721683
143910,27184.327470278837
143911,26386.518236961754
143912,25965.305504103788
143913,25904.596266465127
143914,26066.599652047007
143915,26961.21310038214
143916,27951.605090394616
143917,30208.904683983666
143918,32112.892540649416
143919,34079.44930079697
143920,36075.50649032126
143921,36903.44892370709
143922,36615.654633334765
143923,37128.361708071636
143924,37036.27766361545
143925,36838.21862661101
143926,37180.97588667991
143927,36964.22387401265
143928,37397.88240322946
143929,37976.88814537717
143930,37876.21428228659
143931,37069.6579323501
143932,36671.62291588403
143933,35975.00658082596
143934,34783.78854162532
143935,33417.30018371919
143936,32320.014937239022
143937,31626.653349082506
143938,31476.125452164488
143939,31472.0597460511
143940,31997.014659319575
143941,33767.88483782332
143942,35820.56541547423
143943,37951.43171044185
143944,38651.20234184547
143945,38576.19528301499
143946,39395.85523019565
143947,39247.80700724139
143948,39221.111955360866
143949,39592.51037278811
143950,41560.270255789146
143951,41152.02985221565
143952,41308.922294875774
143953,39868.276560009916
143954,37447.78763724957
143955,36714.60776913106
143956,36859.51260160368
143957,36705.65777791995
143958,35621.11213755899
143959,34755.3212747534
143960,33845.790385045955
143961,33005.14162570202
143962,32798.11581321552
143963,33274.7881350416
143964,34549.88005126912
143965,36735.898577612534
143966,39147.3084439012
143967,41442.3692328136
143968,41920.15866911701
143969,43097.15995940441
143970,42359.04335628345
143971,43095.30580914715
143972,43189.12669518157
143973,42318.87694465678
143974,41950.56292041569
143975,42042.12841567831
143976,42338.966702282174
143977,41996.26914475175
143978,42027.874417457526
143979,41015.147471209355
143980,40043.135182066835
143981,39695.265806955504
143982,38804.24561038336
143983,37394.96322401357
143984,36847.69197474681
143985,36674.34278396365
143986,36737.91398968771
143987,36867.35821517975
143988,37583.15097151066
143989,40764.19847299777
143990,42495.54702609764
143991,43080.571874976704
143992,43505.30805336462
143993,42561.15342727962
143994,41981.02782643793
143995,41510.341899754305
143996,41513.723597928096
143997,41940.31560832992
143998,43783.99231831128
143999,43177.750546637464
144000,44489.019420118995
144001,42060.21723959218
144002,40056.93573375659
144003,39788.86002449921
144004,38267.215872061475
144005,37568.964975872885
144006,36636.5456643503
144007,35427.11884907899
144008,33124.54118136171
144009,33172.96494346914
144010,32276.92784670929
144011,33119.54876606606
144012,34137.477074777074
144013,35697.6751284446
144014,38270.57510057708
144015,40161.09530528753
144016,41013.436560895454
144017,42330.45772249238
144018,43199.762808788764
144019,43630.958532039454
144020,42398.34623608145
144021,41484.32901381403
144022,41113.86400206629
144023,40895.58306059166
144024,40862.889246363404
144025,40635.184727702115
144026,40420.55295029666
144027,39172.37538048556
144028,38324.84116598704
144029,37607.195831977646
144030,36074.336503376515
144031,35252.667888828
144032,34480.518382067814
144033,34850.152449009984
144034,34892.11168712668
144035,35104.00079606602
144036,35735.292076703874
144037,37323.79243804839
144038,40888.968117227974
144039,41750.711794177994
144040,42597.49737512533
144041,41907.69811018454
144042,41615.357791228824
144043,41526.206010782174
144044,41777.54650860712
144045,41977.65901881755
144046,44128.36820598311
144047,44051.58497029932
144048,46414.563794169524
144049,44828.633486317194
144050,41302.308192810335
144051,41322.05854037437
144052,40062.54662854268
144053,39290.77305179306
144054,37542.27772188397
144055,37116.7208829709
144056,36406.97401212682
144057,35523.52890350185
144058,35721.11912671803
144059,36479.495097328116
144060,36577.590999206215
144061,37431.44706039461
144062,39643.58996679606
144063,41570.14704428519
144064,40868.24676707144
144065,42304.08717193795
144066,42117.62549465785
144067,41529.811860559785
144068,41469.06589593929
144069,41737.696797182914
144070,41183.446045095596
144071,41060.82327096995
144072,41269.56829302791
144073,41059.31400958536
144074,40545.32512095169
144075,39476.40522239617
144076,38478.925605152624
144077,38259.15225622239
144078,37448.633392863565
144079,36804.376381000024
144080,35865.928047112575
144081,35662.82971752386
144082,35267.76289203598
144083,35277.53274083333
144084,35725.83002664408
144085,37045.30597524085
144086,38471.50512328545
144087,38840.56449017254
144088,38679.73516535736
144089,37393.8506552352
144090,37247.02855935026
144091,37086.48130948083
144092,38071.34583473643
144093,38091.49900213446
144094,39915.408137489285
144095,39400.645204252774
144096,39438.26786386513
144097,37443.83979987858
144098,34595.68497810392
144099,33747.31443605074
144100,33232.99424081803
144101,32748.18579060083
144102,31379.32079795726
144103,30704.94428561087
144104,30021.66614367478
144105,29698.966727881285
144106,29792.826884125054
144107,30752.281890901577
144108,32000.83117664704
144109,33926.68329726241
144110,35293.255994581144
144111,35422.16335100033
144112,37294.55505685012
144113,37350.55637502911
144114,38513.05030064333
144115,39000.65413869719
144116,38306.67613631905
144117,37777.534279151354
144118,37612.00926161361
144119,37749.11135922298
144120,38139.544147445165
144121,38078.08422405701
144122,38040.94888076572
144123,36439.46858205198
144124,35597.53207305881
144125,34905.055471997424
144126,34056.68317139043
144127,32720.5770415953
144128,32409.961991613047
144129,31736.52792067758
144130,31610.584067444714
144131,31627.816719792932
144132,32184.271714626222
144133,32804.933925645004
144134,34968.45828740579
144135,36334.53938717442
144136,36659.3722823103
144137,36699.44584092946
144138,36944.22952287872
144139,36796.31962381877
144140,36712.40800322819
144141,36824.39156714702
144142,38477.076304361675
144143,38163.32037666491
144144,40001.41631755834
144145,37867.63202845096
144146,35538.461679459215
144147,35256.17625658404
144148,34305.02220648083
144149,33301.12319120486
144150,31275.216344108387
144151,30155.02130497618
144152,27767.77623298543
144153,27556.766238007047
144154,27683.843686191372
144155,28104.83946931723
144156,28288.82158985926
144157,28689.171385499118
144158,29731.179572402125
144159,29911.04497135987
144160,32861.548365741306
144161,34350.757234983495
144162,34297.716001213936
144163,32769.49897700003
144164,33001.99879393025
144165,33751.89642223542
144166,34157.407411320375
144167,33790.54691808
144168,34359.08807577645
144169,34380.03661678982
144170,34618.8589061247
144171,33172.84484933348
144172,31759.580266346362
144173,31161.066833098885
144174,29995.317685438506
144175,29394.83234563204
144176,29153.366152672927
144177,29150.27718984693
144178,29236.611404769166
144179,29370.222029919685
144180,29737.398337625753
144181,31733.70334831811
144182,34576.97649422932
144183,36283.46333872713
144184,36999.40976461669
144185,37774.91732522152
144186,39094.851572858446
144187,39010.45075592154
144188,38911.7571474334
144189,39899.93747790113
144190,42066.44889818249
144191,41639.78170695225
144192,40668.53950856747
144193,39059.21670662458
144194,38028.13611785529
144195,38044.59155491856
144196,38099.60254068789
144197,38134.81253606112
144198,35991.91986495376
144199,35181.88539660546
144200,33364.18430440131
144201,31432.619865917546
144202,30887.248300244675
144203,29788.09186724488
144204,29780.32334680416
144205,29120.197057708698
144206,28983.727670434568
144207,28393.919203090303
144208,29840.869524585018
144209,29998.789612156794
144210,30582.03419353414
144211,31865.334267577866
144212,32068.455032978825
144213,32606.053293598678
144214,32582.789127276246
144215,32195.412791224648
144216,33545.1729374268
144217,33832.146790455285
144218,33760.92025982654
144219,31993.26539225255
144220,30338.435053458412
144221,29407.40201895238
144222,28488.87282570532
144223,27901.20587201659
144224,27245.064634081024
144225,27090.72408539805
144226,27520.158139486495
144227,27709.220743111568
144228,28704.590915649234
144229,30317.668282056202
144230,32867.786200105336
144231,33246.74878114386
144232,33607.57501434743
144233,34376.64268599658
144234,35930.271373084135
144235,36392.358545085954
144236,36535.49871521785
144237,36988.294800463496
144238,38955.83831579428
144239,37650.30477007641
144240,37340.78539036
144241,37191.440639006905
144242,36000.676027947
144243,35878.847983470936
144244,35743.67030978439
144245,34764.79482239761
144246,32364.375167099202
144247,31581.84211849768
144248,30115.42396995403
144249,30097.46856594085
144250,30115.3540209638
144251,30437.08519357512
144252,30600.62150724276
144253,30451.267107104002
144254,29688.253493322398
144255,28722.210409635798
144256,30340.230422210538
144257,31434.41683894572
144258,31572.64587800832
144259,32100.992322677976
144260,32286.82208492997
144261,32914.72279634741
144262,33207.63670419607
144263,33479.07612646284
144264,34299.60936369568
144265,34619.29769931033
144266,34665.928534768114
144267,33238.253325265425
144268,31795.91974189758
144269,31289.796774478487
144270,30213.199097697183
144271,28978.00351060123
144272,28395.385618953183
144273,28477.88893579078
144274,28593.164580409706
144275,28759.842629740484
144276,29624.10935779631
144277,30683.712878036826
144278,34140.212680152625
144279,34992.008749200184
144280,35258.979407959305
144281,36471.69846809588
144282,36520.82446351239
144283,36488.3240069366
144284,36676.72930710112
144285,37235.38092444622
144286,39181.24706799055
144287,38401.70472132746
144288,39225.43097085487
144289,37690.842160871456
144290,34678.111515829274
144291,34257.98012134711
144292,32937.0744045693
144293,32519.402881713526
144294,31403.81510543559
144295,31149.08884956056
144296,30542.865115214867
144297,30402.491083716668
144298,30251.37486311007
144299,30696.832342307087
144300,31371.22310429924
144301,32902.67941378558
144302,35443.537896828515
144303,36876.26130166841
144304,38755.83783107964
144305,39224.92406260334
144306,38953.05507258692
144307,39464.5107337083
144308,38895.4435246926
144309,38063.3326423947
144310,38011.27445472266
144311,37965.754474657384
144312,37649.74020581997
144313,37531.45140232779
144314,37340.78528784953
144315,36505.182966657965
144316,36180.675017875416
144317,35832.88383955013
144318,34595.17203764985
144319,33968.711191071
144320,33140.35543535735
144321,32520.854308050493
144322,32806.06182016184
144323,33366.23506361574
144324,33685.6285356341
144325,35775.43032165513
144326,37589.93534172029
144327,39510.536671843394
144328,39775.352921150545
144329,39526.83021035121
144330,39316.96043019068
144331,39267.53290204347
144332,39299.35877558962
144333,39822.727429398845
144334,41566.95500630815
144335,40911.756896266386
144336,40773.94015562146
144337,38534.34632375175
144338,35610.544035379055
144339,35245.753694463936
144340,34589.40212688464
144341,34384.789764379464
144342,33601.96015106755
144343,31919.35800721508
144344,31128.977693402798
144345,30716.753484965604
144346,30452.182750801756
144347,31360.938868178087
144348,32443.17411048647
144349,34619.32575229833
144350,36794.39454218104
144351,38996.25081270516
144352,39626.04076216385
144353,41495.84386312178
144354,41943.3407721601
144355,42478.41015528936
144356,41709.61119266069
144357,41882.91795617568
144358,41434.44453316123
144359,41040.18748454547
144360,41461.41425841047
144361,41276.42030414497
144362,41287.90882053616
144363,40261.2818055217
144364,39374.04448414241
144365,38912.631529896345
144366,37869.890451523665
144367,36848.83769711117
144368,36092.54233513725
144369,35851.958173957
144370,35646.17583399896
144371,35962.74914420498
144372,36745.0853176797
144373,38372.79779634014
144374,40262.547782322334
144375,42031.261402133896
144376,42897.49634396847
144377,42051.144162115175
144378,41376.61266342564
144379,41093.053415710405
144380,41283.342984179835
144381,41701.46757058588
144382,43455.57774477505
144383,43133.03043995504
144384,43824.06867843764
144385,41794.756120320846
144386,38849.10786758056
144387,38362.322672220434
144388,37730.98497713898
144389,36928.39719573119
144390,35937.65663727658
144391,34455.70757743342
144392,33294.346715858665
144393,33212.617085961196
144394,33147.71395766493
144395,34150.01476381127
144396,35475.01969189071
144397,36946.08497392297
144398,38210.75828535065
144399,39002.70800301852
144400,39129.964852583034
144401,40456.848491081786
144402,41004.84149256737
144403,41269.182498135975
144404,41337.949528492456
144405,41257.95342372039
144406,41012.32964994349
144407,40914.3311319259
144408,41198.270394599655
144409,41145.88444148371
144410,41090.76116496746
144411,39771.28973545664
144412,38842.14796191252
144413,38724.248156804046
144414,38166.212411515306
144415,37401.893412481666
144416,36795.10482750635
144417,36667.05862840824
144418,36352.14337333076
144419,36297.985561217465
144420,36589.44067463383
144421,38086.64486459727
144422,40381.99095910768
144423,40862.848615348434
144424,40767.426969314314
144425,39704.69279134941
144426,39829.67486939171
144427,39841.28998871376
144428,40643.0790697495
144429,40920.1184214347
144430,42432.59372346201
144431,42257.75165012883
144432,42267.88658425574
144433,40288.72982430528
144434,37794.68019748834
144435,37098.1845136684
144436,36362.53261896137
144437,35614.929372536266
144438,34066.808298043405
144439,33465.09143795096
144440,32780.19123166513
144441,32363.95020963543
144442,32201.74452093073
144443,33106.79572910605
144444,33944.15749368143
144445,35242.83162314747
144446,36759.248661665864
144447,37301.74257887194
144448,37824.91224224248
144449,38723.39839984245
144450,39356.241309911515
144451,39958.74780651856
144452,39844.8436861979
144453,39851.24215529235
144454,39916.610130039306
144455,39922.49830619059
144456,40534.940312137165
144457,40521.61033984014
144458,40608.39022428572
144459,39353.67687836715
144460,38492.602302778985
144461,38263.32934450185
144462,37484.419255927205
144463,36852.007906991086
144464,36147.15989267259
144465,35802.89427367954
144466,35766.4114881684
144467,35708.53991765186
144468,36273.811650300195
144469,37190.53957922333
144470,38431.798183889514
144471,38843.01768707193
144472,38989.78143152979
144473,38076.366073299905
144474,38103.14429296719
144475,38166.75719033972
144476,38187.90298117693
144477,38550.76556144322
144478,40480.60402064465
144479,39873.86206168736
144480,40852.137208218905
144481,38840.22790834445
144482,36446.06557120208
144483,36130.12028018773
144484,35598.980639661044
144485,36044.101607048666
144486,34593.13351198373
144487,33188.8380989994
144488,31409.63104177956
144489,31337.654649709308
144490,31411.94592861991
144491,31628.053971768928
144492,31644.38134413286
144493,31585.198176770085
144494,31687.070753723783
144495,32240.173838351453
144496,32976.70757144407
144497,34415.88849594251
144498,34944.12416969431
144499,35189.329846659
144500,35785.59890398058
144501,36094.68570762114
144502,36448.170717255314
144503,35602.07782119655
144504,35945.55045291002
144505,36590.79133207212
144506,36764.879277969645
144507,35418.26389436495
144508,34314.223818278624
144509,33868.67604494665
144510,33156.488215337406
144511,32257.881966542547
144512,31709.10347986445
144513,31361.79730671106
144514,31236.56525834325
144515,31074.19627223769
144516,31312.766657956734
144517,32608.75561230141
144518,34214.93811054624
144519,34544.073110085345
144520,36150.60013023169
144521,35362.781645209165
144522,35027.709307191915
144523,35548.46279312184
144524,35274.166201758766
144525,36154.50099902401
144526,38763.16486884551
144527,38260.98871443939
144528,38130.50962104554
144529,36092.87418645653
144530,33809.71820637906
144531,33280.34013959309
144532,32217.202447644464
144533,32080.264978436273
144534,31289.772233376847
144535,29577.6316337838
144536,27867.688514209618
144537,27785.78006591413
144538,27808.588706113034
144539,27800.162609519157
144540,27707.633352292414
144541,27604.39327123343
144542,27710.878727993786
144543,28194.26051572605
144544,28914.04185315327
144545,30181.708920533772
144546,31574.92811302277
144547,32028.822513147046
144548,31529.10300530096
144549,31923.20050556242
144550,32378.387015585475
144551,32402.34737353806
144552,32984.39454458526
144553,33468.87719013461
144554,33388.517525132454
144555,31818.17428884456
144556,30674.6099020598
144557,30290.00361876839
144558,29647.042090112853
144559,29330.316602790004
144560,28918.034823497357
144561,28765.15420709039
144562,28807.524710994156
144563,28861.16025792207
144564,29270.30702750955
144565,30623.949080319253
144566,32666.200835597592
144567,35172.396872152545
144568,35369.0767329197
144569,35754.171357212144
144570,35758.81750110628
144571,35722.68948132338
144572,35639.98018801549
144573,36795.30581730252
144574,39161.171370907156
144575,38778.025223918616
144576,38660.482530435926
144577,36781.77562590275
144578,34410.38403477521
144579,34064.5187191048
144580,33186.40545607385
144581,32722.83543713279
144582,31328.805579933796
144583,30823.692833809524
144584,30430.999848764
144585,30436.92203405411
144586,30641.250449120154
144587,31715.341529157802
144588,32623.800144719946
144589,34061.19554420517
144590,35735.51562466833
144591,36762.58749058798
144592,37930.597258744994
144593,38896.77916806072
144594,39780.70526692293
144595,40075.85009401151
144596,40056.719444140355
144597,40015.48125963941
144598,39967.436546237324
144599,39932.08190285971
144600,39578.23403994084
144601,39759.060464196154
144602,39973.063284783915
144603,39057.04622388493
144604,38302.531912454804
144605,38238.72638928723
144606,38057.272708064935
144607,37764.471757134794
144608,37071.349479247976
144609,36611.63132464202
144610,36497.22637450765
144611,36542.87017833937
144612,37037.68015334606
144613,38342.16723038862
144614,40469.016573449895
144615,40584.07355975922
144616,40283.97628623449
144617,38782.45996206331
144618,37580.17878676956
144619,37696.57507576897
144620,37560.64079489093
144621,38159.52646180807
144622,39886.56699618172
144623,39323.39695623629
144624,40063.839737281916
144625,37919.99787178225
144626,35679.84901189287
144627,35052.22347661161
144628,34701.397684503834
144629,34273.339709312764
144630,32801.61940054014
144631,32002.219231395782
144632,31717.579219971878
144633,31531.863752160403
144634,31533.021531524937
144635,32508.413685433272
144636,33101.017684716804
144637,34394.69115907228
144638,36416.67131295463
144639,37827.556325256
144640,38868.977438102855
144641,40072.62480745984
144642,41144.78691179543
144643,41575.62315905106
144644,41552.656652151374
144645,41411.060942491924
144646,41026.96620299677
144647,40902.54717588564
144648,41393.50039841994
144649,41318.50723457217
144650,41446.91687701788
144651,40551.486682758186
144652,39875.913646274676
144653,39758.15762665169
144654,39421.44897898762
144655,38705.436775719536
144656,37943.58826644833
144657,37628.49938242016
144658,37428.88247040773
144659,37566.25201719484
144660,38037.855959465574
144661,39853.96872422224
144662,41310.96752322313
144663,41751.292881859736
144664,41476.212696950795
144665,40559.73781043634
144666,39393.046994740434
144667,39414.75123220441
144668,39393.4485336361
144669,39999.293395478286
144670,41703.76742334593
144671,41119.73422303836
144672,41489.532721954165
144673,39285.1522063288
144674,37014.41974727987
144675,36353.14228765404
144676,35649.43644756806
144677,35093.698313931985
144678,33584.73302084375
144679,32577.687217627874
144680,31948.72022031203
144681,32231.63160903003
144682,31963.117258981798
144683,32661.751800792674
144684,33435.150240366405
144685,35333.46610483949
144686,37309.28654264483
144687,38562.66905654937
144688,39715.10276476599
144689,41654.78075326912
144690,42628.61239701913
144691,42939.60005320837
144692,43188.096505787
144693,43230.63147217208
144694,43139.629138249875
144695,42944.607122248024
144696,43417.46328234009
144697,42957.1156891179
144698,43003.53165336506
144699,41858.622695535225
144700,40883.98653004243
144701,40478.09613760367
144702,39843.681339799936
144703,39271.25889028985
144704,38546.40653723526
144705,37969.90982082241
144706,37954.846965234174
144707,38284.13735051122
144708,38807.31116295033
144709,40051.67269292658
144710,42281.542310123805
144711,42487.92480896426
144712,42339.20863538288
144713,41170.213503277235
144714,40560.05201127231
144715,40666.78583057778
144716,40653.33374233179
144717,41226.41152849591
144718,42594.19203769131
144719,42083.39191679267
144720,42626.73087377541
144721,40659.515840647364
144722,38307.33854647007
144723,37713.45100566204
144724,36834.86841751305
144725,36264.80683477743
144726,34515.86520666331
144727,33614.92397248576
144728,33049.950859713674
144729,33075.78981247055
144730,33046.257617800584
144731,33747.63419323027
144732,34373.5092675885
144733,35906.39953557944
144734,37818.70728243188
144735,39474.065597193774
144736,40742.30689335892
144737,42219.10595795862
144738,43061.37510156896
144739,43418.3314978392
144740,43523.23518583186
144741,43556.04282923348
144742,43675.70900685839
144743,43674.12081924681
144744,44026.89021773716
144745,44112.10012094462
144746,43981.06310574317
144747,43472.95813133084
144748,42847.663527263925
144749,42656.20899424273
144750,41829.9818470261
144751,41109.533536057585
144752,40397.87831194565
144753,39671.13376305364
144754,39410.2772462706
144755,39262.6247242973
144756,40052.724814679364
144757,41360.633501584656
144758,42858.130643521734
144759,43016.7377010896
144760,42834.7178353003
144761,41497.73717212051
144762,40783.216273633436
144763,40735.500287597344
144764,40708.53035504081
144765,41077.05905442233
144766,42703.81370750714
144767,42212.06479369922
144768,42239.374973813596
144769,40408.726024167205
144770,38020.09844892497
144771,37553.53654016204
144772,36976.15966957763
144773,36371.36102856158
144774,34976.82374321631
144775,34274.674454607535
144776,33619.45626088921
144777,33616.45547730422
144778,33390.67602338114
144779,34236.630345976366
144780,35008.294422043444
144781,36671.98137714761
144782,38014.4999517239
144783,39304.43425719078
144784,40415.2491866856
144785,41675.05394840774
144786,42226.07841827531
144787,42740.78655835525
144788,42641.05322767052
144789,42522.58842192028
144790,42563.225533045064
144791,42624.879550998536
144792,43058.7047337927
144793,43352.0902196645
144794,43496.46468351291
144795,42384.03374213838
144796,41426.633403839114
144797,41105.17015387247
144798,40104.942788753724
144799,39439.83884114495
144800,38510.78134315505
144801,38004.40960848952
144802,38177.20556094269
144803,38413.672426636695
144804,38721.29858202029
144805,39375.2516391317
144806,40150.61967398945
144807,40253.02458783524
144808,40433.59178199913
144809,39841.75811871179
144810,39187.838800631405
144811,39132.06045591931
144812,38970.78537372737
144813,39717.00240150225
144814,41521.15552940617
144815,41136.93773194594
144816,40880.29884697656
144817,38695.130231297706
144818,36424.24345157843
144819,35854.58952885238
144820,34885.77752600776
144821,34251.066822890374
144822,32729.2903541856
144823,31427.162521873044
144824,30395.49076130862
144825,30738.373369743902
144826,30830.773687603898
144827,31057.2908987239
144828,31064.906629077657
144829,31457.21420475887
144830,30971.23664947375
144831,31457.24038465845
144832,32715.979004854864
144833,34173.848033289156
144834,35179.71241625791
144835,35545.79317820868
144836,35832.38091791843
144837,36133.34012007274
144838,35925.9599442275
144839,35997.05434918204
144840,36645.44662470911
144841,37018.478857522954
144842,37130.53955395733
144843,35758.04256758679
144844,34848.26474693932
144845,34257.56496445076
144846,33513.99741534135
144847,33087.85313928256
144848,32339.931591735374
144849,32068.88646112374
144850,31973.063990644092
144851,31975.827283969997
144852,32475.04334848159
144853,33503.73431763055
144854,35506.13240869956
144855,37037.694112873374
144856,37051.719229219285
144857,36269.04339123648
144858,36280.351801396646
144859,36244.504389571004
144860,36214.49914885406
144861,37317.002991781
144862,39808.41426687297
144863,39260.77631258202
144864,39098.0436696808
144865,37276.11091945486
144866,35207.59963298269
144867,34691.811001113034
144868,34247.32594905697
144869,34182.578662657856
144870,33247.56557548533
144871,31104.89126405723
144872,30028.44858854287
144873,29894.417150037436
144874,29816.58547555001
144875,29804.335272259395
144876,29709.907918122335
144877,29704.1013511832
144878,29641.1677294422
144879,29763.114969768914
144880,29998.5286688624
144881,30975.625885867074
144882,32439.910033589636
144883,33527.3690070554
144884,33919.91173819178
144885,33769.34358351909
144886,34264.57970811689
144887,34143.017686454754
144888,35045.218471079526
144889,35671.7484435144
144890,35915.99522522144
144891,34050.262922019996
144892,32983.378801776445
144893,32332.819246977655
144894,31922.279601185393
144895,31484.971575465504
144896,30810.857858007137
144897,30810.45261807767
144898,30786.80712699101
144899,30896.27169909686
144900,31713.657629545065
144901,32938.184174735085
144902,35099.03285055515
144903,36389.90332137728
144904,36566.37685930619
144905,36093.503000380304
144906,35950.64240861377
144907,36122.4908484884
144908,36219.04557627342
144909,37391.836407424664
144910,39781.661342511994
144911,39773.320646580476
144912,39774.11472503962
144913,37906.06998466717
144914,35565.480505701984
144915,35085.39170535603
144916,34056.89329177613
144917,33601.70810549063
144918,32257.141568247804
144919,31769.77030764661
144920,31459.573068998765
144921,31484.93462272891
144922,31724.794294860836
144923,32798.582583909134
144924,33740.63407475085
144925,35528.1032418828
144926,37082.439082551966
144927,38565.717482159474
144928,39888.02308444024
144929,41235.12818008546
144930,41810.75680538698
144931,42300.03199585394
144932,42384.5585143805
144933,42477.46784303811
144934,42558.449286313764
144935,42518.49411428078
144936,43076.12912832375
144937,43115.404139558974
144938,43178.11496497667
144939,42418.82508328051
144940,41612.632837635734
144941,41398.034690743334
144942,40118.183020176446
144943,39356.04085866465
144944,39171.20829878307
144945,38589.1757442416
144946,38436.05804230876
144947,38402.45857438976
144948,38813.951684419815
144949,40464.56715916098
144950,42312.905862954634
144951,42510.7934660789
144952,42296.97285625987
144953,40832.771646701316
144954,40410.2770535524
144955,40457.31252787782
144956,40327.18588748376
144957,40871.66244967565
144958,42776.14975477196
144959,42319.95344018911
144960,42163.87809659143
144961,40080.02650854423
144962,37805.17378783546
144963,37049.261328146946
144964,36250.46827809337
144965,35606.3931716
144966,34062.43735843224
144967,33285.48503911028
144968,32934.502750368614
144969,32927.70810232756
144970,32921.8436314496
144971,34148.29914644806
144972,34726.14581016072
144973,36448.29018679673
144974,38221.63240567693
144975,39453.08939260151
144976,40591.10961757704
144977,41771.482420631655
144978,42424.01998209039
144979,42970.7105597979
144980,43063.115653303474
144981,43139.2030703129
144982,43228.4774455361
144983,43278.49907522654
144984,43765.504338999286
144985,43747.37716219833
144986,43924.40413025231
144987,42932.58756829985
144988,42358.395261768135
144989,42248.17418109837
144990,41310.66401858515
144991,40748.23446963876
144992,40288.1888692651
144993,39638.71236167713
144994,39378.014235674
144995,39332.76008941077
144996,39738.44197829251
144997,40922.9383018023
144998,42849.30198810877
144999,42773.798565426114
145000,42612.16949354547
145001,41525.247376507454
145002,40750.88847518345
145003,40874.77490759967
145004,40858.7819320202
145005,41281.49665260812
145006,43091.45536155244
145007,42681.77569606439
145008,43185.8714233707
145009,41326.66380068574
145010,39167.38458617523
145011,38539.4262284071
145012,37595.86283534965
145013,36992.939524281705
145014,35412.3709640787
145015,34600.2643362375
145016,34114.961926085714
145017,34108.7942843103
145018,34020.368602432616
145019,34886.29693516754
145020,35714.28757182799
145021,37398.66978637488
145022,38865.43683721071
145023,40311.923857603775
145024,41082.758852342835
145025,42156.17618095611
145026,42580.3884089499
145027,43045.22727251767
145028,43122.67754942807
145029,43182.361170084405
145030,42994.48387407825
145031,43020.38992888472
145032,43225.34576155963
145033,43337.614976458106
145034,43494.155688086874
145035,42877.35226775239
145036,42453.51472340358
145037,42363.65871211527
145038,41444.573113857194
145039,40645.77750872297
145040,39788.983850951605
145041,39243.872033137326
145042,39494.38355065238
145043,39389.25991685614
145044,39866.770909828905
145045,41407.946292595836
145046,43142.863529484326
145047,43200.6085683914
145048,42976.22610171702
145049,41887.9218394443
145050,41295.84968213183
145051,41192.816882928615
145052,40958.00813851595
145053,41517.52232606388
145054,43040.25726365154
145055,42399.91836697778
145056,43210.27156235321
145057,41242.86935458383
145058,39076.11895824785
145059,38316.05464180399
145060,37561.81446852202
145061,37154.10039786908
145062,35565.83551486751
145063,34647.345298126624
145064,34155.90535851434
145065,34147.65252097083
145066,33994.33133476755
145067,34850.561801318494
145068,35459.34622055689
145069,37295.311568324745
145070,39136.94119577922
145071,40813.5467801055
145072,42032.92065637748
145073,43480.923071935205
145074,44158.664751261145
145075,44678.32573654265
145076,44776.703193895715
145077,44792.82122112942
145078,44804.63405913222
145079,44816.28969317727
145080,45349.027939071886
145081,45307.393882005636
145082,45552.49849803877
145083,44694.35013629625
145084,44450.21549347919
145085,44046.138813449375
145086,43363.43469460769
145087,42892.92515399276
145088,42436.36335537623
145089,42303.231892198244
145090,42245.837615011245
145091,42073.51499228058
145092,42765.90715846003
145093,44275.38617516572
145094,45282.3959021944
145095,44919.93441119088
145096,44814.97673143715
145097,43501.78365888361
145098,42715.33777597572
145099,42591.12116705585
145100,42409.158267609615
145101,43012.87819162549
145102,44663.679017245755
145103,43988.26231289053
145104,43294.202342472185
145105,41335.775185049424
145106,38774.692365035764
145107,38205.9821707276
145108,37428.78874065445
145109,36694.66214394106
145110,35172.42496255889
145111,34597.09116478358
145112,34075.901016508426
145113,33953.34340633638
145114,33757.82766902378
145115,34622.64353547398
145116,35402.934930841366
145117,37089.95652243793
145118,39003.63255852784
145119,40807.56936140598
145120,41916.206226715556
145121,43089.22855363304
145122,43216.72596618248
145123,43905.36937874822
145124,43797.82883890104
145125,43800.74075760495
145126,43757.019368101995
145127,43794.28710391377
145128,44297.17660846912
145129,44265.616767263426
145130,44516.19627803387
145131,43547.30770600135
145132,43056.54938760366
145133,42701.75956451609
145134,42111.37372085698
145135,41361.17470581301
145136,40915.64577927748
145137,40876.66570886465
145138,40662.1748770192
145139,40470.194596642206
145140,41020.795931383276
145141,42331.77604894797
145142,43230.495011148036
145143,43249.63168316414
145144,43286.313909872515
145145,42235.0272726655
145146,41942.21746748168
145147,41881.85950449432
145148,41836.59219597406
145149,42414.17080000954
145150,44031.326926739384
145151,43355.932262590395
145152,40932.54281841988
145153,38850.50462044921
145154,36533.782476557506
145155,36115.872075620064
145156,35231.149735109226
145157,34764.89605287264
145158,33494.85540938846
145159,32312.685137468146
145160,31524.67163027952
145161,31498.042597737163
145162,31461.648708956247
145163,31582.115212436423
145164,31652.948815078227
145165,32004.150779243195
145166,32369.8754773234
145167,33070.719820719736
145168,33560.46416391928
145169,35121.742590191556
145170,36103.33840501529
145171,36277.07495588704
145172,36619.67999003339
145173,36498.80622556928
145174,36547.72420520274
145175,36678.455145572625
145176,37091.99278432346
145177,37463.55433608653
145178,36941.628965348194
145179,35506.56560407302
145180,34813.0719939044
145181,34050.536916122335
145182,33380.23211446055
145183,33012.360557842265
145184,32846.258107062844
145185,32819.25243834188
145186,32772.84069543722
145187,33048.34087477011
145188,34263.52175677072
145189,35495.732237602315
145190,36773.68281657935
145191,37834.809835326145
145192,37836.96961535193
145193,37067.040329787844
145194,37063.713573003086
145195,37161.97809087212
145196,37086.41807579435
145197,38364.95525529733
145198,40534.770658983296
145199,39874.81914247147
145200,39614.7363502844
145201,37643.489555201544
145202,35568.60910956261
145203,35228.02007628504
145204,34618.32834992897
145205,34253.43616771024
145206,32734.11793528746
145207,31236.38220031976
145208,30338.161647058583
145209,30163.645969898822
145210,29840.281854324134
145211,29429.320206983215
145212,29175.53013190185
145213,29127.22325502231
145214,29313.81695141816
145215,29230.05031946222
145216,29268.473167841235
145217,30661.616023130093
145218,32229.915551688926
145219,33204.5776176016
145220,33654.839144096186
145221,33597.21251538025
145222,34121.991559423994
145223,34007.81007565962
145224,34489.102105790575
145225,35236.69131326407
145226,35495.87916597977
145227,33910.509777315674
145228,32940.612012850994
145229,32348.76623058055
145230,31475.92772310997
145231,31700.87617348646
145232,31627.921886301447
145233,31685.10075957027
145234,31738.172788252978
145235,31921.80462481629
145236,33083.75504448517
145237,34466.58708918697
145238,35848.81479276378
145239,37479.77040729217
145240,37690.842014005866
145241,37871.71865054451
145242,38186.819639156405
145243,38086.59832059872
145244,38044.021661901315
145245,39271.56980150021
145246,41013.5389337436
145247,40173.767839598375
145248,39658.76887216279
145249,37934.8185586833
145250,35868.73200066403
145251,35708.55680676863
145252,34791.18978812405
145253,34341.0474201239
145254,32974.07148550795
145255,32596.258805427242
145256,32395.529805382535
145257,32342.868311195463
145258,32492.39147488384
145259,33428.80512396831
145260,34432.46207046163
145261,36054.27524499607
145262,37881.35525299552
145263,39851.12154733368
145264,41001.400705112566
145265,42349.02688086603
145266,42874.880558039484
145267,43047.06615540209
145268,43098.33186948898
145269,43225.67451717255
145270,43382.19899429817
145271,43541.15380485846
145272,43893.07291793684
145273,43880.969465292146
145274,44166.28511999923
145275,43357.54071503234
145276,42912.65707322288
145277,43008.88889897719
145278,42703.593430343506
145279,41807.87146224189
145280,41530.65144224655
145281,41347.075057346025
145282,41255.92258726874
145283,41006.32616170777
145284,41846.84659601909
145285,43233.35702284467
145286,44737.271929209426
145287,44742.98542753585
145288,44929.460876226105
145289,43557.69614056769
145290,42744.78839145446
145291,42589.064684791716
145292,42609.71518170871
145293,43157.09237878965
145294,44598.33852345003
145295,43778.922442868934
145296,42792.828690689166
145297,40559.01611029802
145298,38113.67867664369
145299,37557.73688897617
145300,36825.05902061972
145301,36289.50169410997
145302,34711.25259289228
145303,33978.11235457364
145304,33730.286607621216
145305,33776.85363624148
145306,33790.86538328389
145307,34495.717106485135
145308,35186.84448847747
145309,36926.844972067076
145310,38898.23495922262
145311,40736.496701008095
145312,41905.11071441483
145313,43197.465048292164
145314,43778.65366257903
145315,43993.99081986268
145316,44096.09562766441
145317,44189.48401898197
145318,44426.16151760744
145319,44513.60917688534
145320,44807.44388487551
145321,44741.0535708224
145322,44845.721069230385
145323,43822.2678050074
145324,43682.33574489777
145325,43562.54074929822
145326,43334.02093092716
145327,42908.05926522996
145328,42423.09513673271
145329,42554.71687977754
145330,42590.30385441591
145331,42646.305508928635
145332,43656.18914694251
145333,44878.2668978052
145334,46176.559245130855
145335,46034.96857503093
145336,45677.88188324989
145337,44679.17647487806
145338,44039.52094949954
145339,43938.6155340146
145340,43655.06711611649
145341,44338.63241717515
145342,45667.790219176095
145343,44743.38606799535
145344,43822.67000296925
145345,41983.83239266031
145346,39602.06686103961
145347,38721.94937699026
145348,37747.16094740591
145349,37142.435878193304
145350,35448.80312462893
145351,34733.872631909275
145352,34383.95630554056
145353,34401.767021824184
145354,34160.215256760974
145355,34998.794720020756
145356,35490.92739910826
145357,37109.89671195848
145358,39162.408281304066
145359,41187.212559291416
145360,42367.995367228934
145361,43645.699873536694
145362,44295.22735364183
145363,44700.14355056148
145364,44760.26121988259
145365,44758.85738643898
145366,44684.43663920695
145367,44706.85585632959
145368,45269.73653196617
145369,45273.933860067285
145370,45368.89561690027
145371,44550.12887233475
145372,44423.41004167516
145373,44361.00950131114
145374,44142.9824562534
145375,43578.68085813675
145376,43180.87846935003
145377,43309.69710410086
145378,43211.991802930126
145379,43380.229299352504
145380,44109.278762183174
145381,45189.35083904681
145382,46056.82699690709
145383,46007.15921679858
145384,45693.21072581476
145385,44673.736616616254
145386,43228.06014596022
145387,43019.50056784496
145388,42764.83728272204
145389,43462.38202884013
145390,44586.99063161989
145391,43699.22500450111
145392,42984.25624421093
145393,40906.27413478326
145394,38368.065011855004
145395,37569.1123680169
145396,36805.12128224684
145397,36244.19950569785
145398,34684.64374041097
145399,33971.70056312282
145400,33210.06794707153
145401,33191.88039135956
145402,33129.28183132031
145403,33901.67399850676
145404,34743.959169416135
145405,36526.69839364204
145406,38649.05936040806
145407,40076.13105952768
145408,41548.161840476205
145409,43057.135836622416
145410,43591.13124690966
145411,44347.343106831664
145412,44463.487949974806
145413,44575.73184289156
145414,44666.29774792843
145415,44792.64802506569
145416,45237.1656566939
145417,45563.789650197876
145418,45637.70864909797
145419,44822.01763062407
145420,44679.50035413732
145421,44514.483245639305
145422,43759.3911578263
145423,43101.375730715736
145424,42507.79191981228
145425,42647.195637623954
145426,42582.79893996801
145427,42566.71526155547
145428,43076.85588912162
145429,44027.88233583011
145430,45168.35449005975
145431,45368.63003299502
145432,45021.73305419519
145433,43837.78222281571
145434,42660.019652609895
145435,42394.316499116445
145436,42005.10244338982
145437,42436.28291273869
145438,44012.21209273714
145439,43252.2602017026
145440,42165.48865486756
145441,40069.36321457594
145442,37205.457444846295
145443,36976.68950795516
145444,36760.96198947333
145445,36335.19207280794
145446,35168.886430747305
145447,33871.36500694842
145448,33190.20561969175
145449,32785.58578540334
145450,32363.1860100325
145451,32893.149200864376
145452,33737.19930835158
145453,35992.76531049417
145454,38200.41049740013
145455,40057.57355656064
145456,41161.70274250103
145457,42330.002811533595
145458,42831.97146351357
145459,43244.63809544513
145460,43171.158585868485
145461,42839.919773954585
145462,42652.64152406005
145463,42587.168680202696
145464,42737.458255444326
145465,42547.61905747735
145466,42374.37177565016
145467,41276.81897994944
145468,40945.81391343026
145469,40519.32236563602
145470,39653.737728093925
145471,39458.27446697707
145472,39720.15681653703
145473,39526.73138365759
145474,39878.86642072857
145475,39945.32603838369
145476,40503.220027115
145477,41871.966711469606
145478,41982.1132463828
145479,41932.22713559787
145480,42444.604543334404
145481,41893.844999670124
145482,41490.87551122255
145483,41307.021914421435
145484,41220.54972610442
145485,41857.203064785994
145486,43709.782110483
145487,42943.9742867918
145488,40489.56825718288
145489,38625.57756697118
145490,36352.2144604874
145491,36458.33268895025
145492,35818.72264205032
145493,35590.90851428455
145494,34198.5387983384
145495,33125.17813323016
145496,32138.56859409871
145497,32144.302269141255
145498,32229.04797500627
145499,32305.9187644249
145500,32429.925916204505
145501,32589.491287290533
145502,32822.41724596821
145503,33358.695427894636
145504,33939.33933989531
145505,35556.48346120048
145506,36424.07406379518
145507,36618.33205893236
145508,37125.595460247256
145509,37044.66583809626
145510,37144.09759904795
145511,37450.511047064756
145512,38416.57272338581
145513,38836.33164519114
145514,38675.34559247664
145515,37231.10936209104
145516,36601.76442080726
145517,35872.65740555046
145518,34442.83385592621
145519,34178.81713174023
145520,34222.861984773546
145521,34031.525424867345
145522,33871.19148226796
145523,34034.69780959633
145524,34430.65448390525
145525,35257.76347390498
145526,36600.91525036558
145527,37610.83702733504
145528,37856.143387549244
145529,36984.58587627869
145530,36579.89387809969
145531,36406.98679535893
145532,36357.17145095308
145533,37670.545964728146
145534,39996.66997996586
145535,39118.75272051615
145536,39043.31390757463
145537,37457.60363628024
145538,35595.0773276912
145539,35440.264195858035
145540,34947.53689984874
145541,34713.16274742746
145542,33318.10583130105
145543,31606.268943160823
145544,30686.878144337592
145545,30311.638201935297
145546,29760.342216949077
145547,29438.960145595316
145548,29222.04726138669
145549,28893.544504285604
145550,28948.505838578596
145551,29400.738652369935
145552,29707.92249132832
145553,31077.083364032424
145554,33012.92992617525
145555,34050.70225136228
145556,34550.49962349264
145557,34982.61648335808
145558,35234.32588717385
145559,35346.165523221694
145560,36422.23314604059
145561,37241.263505669536
145562,37513.828375366844
145563,35474.00387476932
145564,34642.3469545791
145565,33895.96754699694
145566,33404.86691142339
145567,33009.082167449844
145568,32425.963429287578
145569,31843.083423234682
145570,31866.920181938185
145571,31928.44834784644
145572,32157.45288526957
145573,33787.47962413642
145574,35425.99259663332
145575,36744.227827725685
145576,36717.25986169885
145577,36193.98903505439
145578,36276.989015245
145579,35931.03794191595
145580,35877.86920047306
145581,36951.703428284614
145582,39195.98969239047
145583,39294.48547581152
145584,39394.75787185826
145585,37780.58689977588
145586,34915.925919777525
145587,34393.28113756172
145588,33901.34272672945
145589,33575.005233814365
145590,32358.76194681993
145591,31989.22604487533
145592,31740.535056160075
145593,31779.892020708405
145594,31908.576759220683
145595,33021.64724462686
145596,33898.28076442949
145597,35923.423056145206
145598,37781.53666901531
145599,39537.86468224896
145600,40797.67576904596
145601,42398.150330822165
145602,43026.270386176126
145603,43516.63265899046
145604,43496.6159329291
145605,43449.18213329605
145606,43506.924731092666
145607,43480.188594209256
145608,44050.78192652679
145609,43982.01568150501
145610,44137.5929609072
145611,43208.864168307075
145612,42640.85728933786
145613,42325.43047405542
145614,41414.0790411425
145615,40707.82666452595
145616,40081.836284304045
145617,39865.86238586593
145618,39820.16089920992
145619,39784.56912388832
145620,39962.84744441369
145621,41296.58628388864
145622,42472.52065720031
145623,42596.31233792366
145624,42480.110169481115
145625,41117.32365186625
145626,40045.490875317766
145627,39867.24670310998
145628,39912.83871770156
145629,40491.40472347777
145630,42649.792386343135
145631,42116.32473658653
145632,41284.23059859185
145633,39105.89876323642
145634,36581.68581655038
145635,35625.72411691133
145636,35383.115338974276
145637,35305.47184179457
145638,33935.850355891096
145639,32915.742334812065
145640,32078.44548168324
145641,31968.19995866842
145642,31995.9344135936
145643,33197.53516447124
145644,33826.07035586595
145645,35818.24461767949
145646,38081.15198628434
145647,39857.670002892926
145648,41163.22899682846
145649,42091.72593654026
145650,42811.93539890603
145651,43424.516485416665
145652,43548.072300253094
145653,43474.75318782038
145654,43473.84779785388
145655,43252.5536953377
145656,43884.641878295035
145657,43827.11533429526
145658,44018.45007960313
145659,43104.390475812805
145660,42634.03311695373
145661,42600.35372745631
145662,41639.606939810394
145663,40925.631279867666
145664,40459.08162525465
145665,40171.525621710265
145666,39958.43239736295
145667,39932.020133135746
145668,40187.91110036729
145669,41008.435884172875
145670,42252.72630576877
145671,42546.67074284745
145672,42302.15267238301
145673,41176.81878165167
145674,40105.24650875143
145675,40123.326061350395
145676,40463.67167384666
145677,41003.3556175824
145678,42987.7292796626
145679,42510.487093907606
145680,41754.19895824283
145681,39709.778704041455
145682,37177.35192235058
145683,36498.09842929045
145684,35937.14595448072
145685,35515.93260614627
145686,34005.386035835174
145687,33287.57431879471
145688,32890.47310106273
145689,32909.909679649136
145690,32833.458339614146
145691,33662.140536657986
145692,34174.31465454479
145693,36387.238794073935
145694,38591.92280809453
145695,40505.63331088076
145696,42051.99817526888
145697,43309.396718802134
145698,43928.96576883786
145699,44750.56130771666
145700,44769.28703004118
145701,44637.550795852665
145702,44693.715742603024
145703,44722.62839783295
145704,45663.936056361636
145705,45687.00749575122
145706,45825.659025029636
145707,44596.92613994468
145708,44011.793723042516
145709,43482.16268043782
145710,42220.21938813492
145711,41618.04737886357
145712,41338.321261233235
145713,40954.90156795433
145714,40832.26545075481
145715,40847.690330502555
145716,41048.09636002215
145717,42477.381799679904
145718,43609.2493902042
145719,44036.354617635385
145720,44414.76087920038
145721,42970.499252302754
145722,42188.57990317438
145723,42129.23414878961
145724,41970.08631616603
145725,42466.34817968648
145726,44299.659734823814
145727,44014.584141462605
145728,43223.54067372519
145729,41142.62329693978
145730,38586.08735245206
145731,37847.55648218996
145732,37248.25306768467
145733,36670.72137295856
145734,35012.301720187104
145735,34395.02727516105
145736,33883.00490070292
145737,33790.770662336414
145738,33722.637871415674
145739,34383.79927564561
145740,35111.51845739046
145741,37040.565996826175
145742,39152.81639831267
145743,40675.657817533385
145744,42137.222216754184
145745,43717.160363311355
145746,43984.97172009858
145747,44506.72238413233
145748,44440.166739288485
145749,44232.65107772704
145750,44382.33573789436
145751,44266.87702837921
145752,44717.394645289845
145753,44573.31814083725
145754,44657.61057473127
145755,43435.58895607271
145756,43024.72369232779
145757,42827.690612236285
145758,41910.6646182177
145759,41095.56246407106
145760,40598.112876221196
145761,40188.8976516078
145762,39941.3231546173
145763,39950.76810359464
145764,40245.42394622175
145765,41904.378863109734
145766,42985.07501334498
145767,43561.37980429784
145768,43993.23649043884
145769,42568.52440816792
145770,42074.42325660941
145771,41917.55643780693
145772,41949.08463153598
145773,42533.75189973263
145774,44677.94722829828
145775,44190.46690111989
145776,43419.04466405578
145777,41478.489081202664
145778,38900.21159451459
145779,38122.61306545862
145780,37354.10346387289
145781,36808.420500582804
145782,35210.8401577116
145783,34425.55505517734
145784,33768.75633941016
145785,33728.71710484454
145786,33746.40680322018
145787,34481.69715571139
145788,35278.61108229205
145789,37098.925721629246
145790,38975.72753229412
145791,40694.53657596905
145792,41791.83017092555
145793,42897.092670255355
145794,43466.85434075765
145795,44024.48237291617
145796,44135.80565468622
145797,44240.04960636487
145798,44109.12070908824
145799,44104.200976562075
145800,44591.442731282405
145801,44604.02220923562
145802,44568.09209841658
145803,43665.8890827735
145804,43076.016872336
145805,42695.626325240206
145806,41929.03409404908
145807,41475.85128933422
145808,41419.92681048069
145809,41013.74926654624
145810,41433.46181265148
145811,41537.42977865023
145812,41854.83240714207
145813,42617.2847851122
145814,43174.87050982988
145815,43347.66006866065
145816,43356.47569946417
145817,42605.918503907604
145818,42488.134740249756
145819,42626.3875917039
145820,42561.60304325417
145821,43228.32831005326
145822,45001.98224982887
145823,44587.29722805372
145824,42851.861958080124
145825,40856.95626904887
145826,38709.3806615016
145827,38301.626670794794
145828,37464.71640895145
145829,36961.46965171956
145830,35346.934501905824
145831,34100.728270807194
145832,33210.52918616255
145833,33148.479739773866
145834,33198.22057967974
145835,33246.446094361236
145836,33235.384507153925
145837,33348.99416702083
145838,33699.21630408708
145839,34008.717612636865
145840,34794.67334095535
145841,36328.10361413764
145842,37261.62004344277
145843,37471.67504691514
145844,37948.887446471956
145845,37954.41418026687
145846,37729.818796959655
145847,37932.182809878104
145848,38695.05585607527
145849,39105.73945695702
145850,39301.36093371931
145851,38220.666600893775
145852,38008.77196352218
145853,37497.35510133025
145854,36761.60076584313
145855,36489.03675392329
145856,36219.17529851685
145857,36002.05779616944
145858,36075.161279318774
145859,36098.73549455707
145860,36514.92562950369
145861,36918.7347375747
145862,37980.39268221953
145863,38795.71719365467
145864,38879.77786146265
145865,38155.84862970207
145866,37619.04777391146
145867,37683.90551649092
145868,37676.15540200706
145869,39091.362909920215
145870,41063.239593693324
145871,40482.274974080814
145872,40495.90491021515
145873,38599.28324772934
145874,36714.22138589916
145875,36156.05213384157
145876,35545.792435090254
145877,35183.73597362631
145878,33570.498389343375
145879,32051.606701228386
145880,31166.939993251603
145881,30941.18518543188
145882,30880.62975411106
145883,30746.658735658613
145884,30767.94731758349
145885,30701.138652507136
145886,30739.661387877975
145887,30876.07343028106
145888,30766.786456376674
145889,31704.16547300489
145890,33673.74695990747
145891,34873.49773034707
145892,35524.36488956477
145893,35882.37964274088
145894,36070.99171390951
145895,36398.98925955938
145896,37473.52882904063
145897,38114.35256051125
145898,38374.783462804786
145899,36671.78844673661
145900,35425.120140849205
145901,34685.07986625697
145902,34170.97426361914
145903,34783.80674536924
145904,34793.02995225833
145905,34637.471014302944
145906,34619.87601361226
145907,34783.78248714669
145908,35420.4180680955
145909,36293.4830368587
145910,37684.4755999783
145911,38546.9342617628
145912,39285.53593190008
145913,38996.729388762105
145914,38888.50924396599
145915,38834.319338381516
145916,38827.7191783877
145917,39796.47491702333
145918,41674.566276759855
145919,41194.65222630996
145920,41030.35670889681
145921,39308.867374559915
145922,36844.16452779748
145923,36198.9692083562
145924,35268.737887089854
145925,34734.90799314496
145926,33300.72221722398
145927,32750.497313502638
145928,32500.129125986776
145929,32493.961484211366
145930,32707.542335080947
145931,33701.494511167744
145932,34603.19184770222
145933,36504.49834829105
145934,38422.97148377796
145935,40241.47972712852
145936,41333.42844842134
145937,42844.76934242062
145938,43601.499331046456
145939,43985.21415857372
145940,44083.157837815044
145941,44106.204721508875
145942,44170.81326954828
145943,44168.277345922375
145944,44686.635991614065
145945,44587.14665603363
145946,44555.613800992665
145947,43758.83296684127
145948,43379.62700183067
145949,43237.2282865451
145950,41926.50919765363
145951,41854.30935821353
145952,41638.38715395912
145953,41476.92067662973
145954,41638.79086538931
145955,41666.494927080865
145956,41880.93953885665
145957,42880.69889879889
145958,44502.99457208467
145959,44476.82396811088
145960,44222.37179237023
145961,42659.919565772645
145962,42048.36201103147
145963,41891.8579451829
145964,41803.78955141533
145965,42125.454037633135
145966,44100.1807777863
145967,43415.95313566455
145968,42494.943859279425
145969,40424.85982769056
145970,38071.97433097776
145971,37381.71269629657
145972,36978.941110796935
145973,36550.14579830361
145974,35090.02744166565
145975,34264.90507647384
145976,33849.40734465772
145977,33753.433392447114
145978,33619.66214275003
145979,34466.35983511905
145980,35221.408486873464
145981,37055.49098232263
145982,39289.20260769098
145983,40688.02739421657
145984,41976.543096964255
145985,43562.20125247845
145986,43728.84077062243
145987,44350.81616402793
145988,44222.257674979686
145989,44161.566303271095
145990,44271.22336709135
145991,44395.72755167341
145992,44509.53749483252
145993,44551.95824518753
145994,44589.206508929696
145995,43606.50362374756
145996,43118.39342883837
145997,43098.17589585174
145998,41953.09200328543
145999,41287.40756990538
146000,40836.25953514485
146001,41039.77553579067
146002,41072.888853204335
146003,41222.77304026555
146004,41487.83588300706
146005,42321.75723013932
146006,43177.405470770194
146007,43087.34314385218
146008,43312.95577704383
146009,42158.09538650872
146010,40995.45348000419
146011,41100.7157127671
146012,41405.92632424777
146013,41940.03333359546
146014,44042.033158788436
146015,43396.943019655955
146016,42349.0949541783
146017,40269.97882581749
146018,37553.157317007164
146019,36892.20824160754
146020,36314.00337433903
146021,35816.84155631728
146022,34331.74428375937
146023,33576.6634527587
146024,33176.813495230715
146025,33106.97454476707
146026,32971.2361771955
146027,33811.04464965789
146028,34346.06662355786
146029,35961.17498539581
146030,38445.9394456659
146031,40051.43391114474
146032,41430.39362129203
146033,42795.65003008716
146034,43260.6885819837
146035,43836.61622329902
146036,43876.32972826818
146037,43785.03225227111
146038,43919.75991478298
146039,43878.18523083849
146040,44168.92091883879
146041,44221.28690098581
146042,44173.92153056466
146043,43201.16552160731
146044,42687.76401538275
146045,42543.680032351076
146046,41837.09645680782
146047,41128.573958632696
146048,40710.12184826471
146049,40292.87835314057
146050,40115.431613232686
146051,40712.64666318009
146052,41170.47206538701
146053,42200.453896595645
146054,43395.180767882965
146055,43677.35912656903
146056,44246.22299404934
146057,42855.60254841048
146058,42355.14834576343
146059,42206.40599878428
146060,42217.276694819455
146061,42677.6863159313
146062,44592.13651173629
146063,44204.232695989194
146064,43962.370466585526
146065,41787.11019326836
146066,39277.48986381461
146067,38540.65397488932
146068,37707.23196878336
146069,37307.26317945741
146070,35712.02512879521
146071,34899.34410913428
146072,34378.933862613296
146073,34372.76622083788
146074,34301.35971383146
146075,35151.494204712646
146076,35991.393090369864
146077,37645.42822987946
146078,39910.50749941332
146079,41599.524861761915
146080,42659.09442911977
146081,43949.66009865539
146082,44476.89387794949
146083,44867.05741817339
146084,44950.724068518604
146085,44846.83903655442
146086,44854.87613965073
146087,44836.06593331461
146088,45001.53367438325
146089,44922.88645747573
146090,45089.098999040354
146091,44090.131061492546
146092,43510.397024145524
146093,43242.39032944857
146094,42246.11127930157
146095,41905.13862424448
146096,42070.15611736471
146097,41945.80938545857
146098,41715.07100951485
146099,42039.38748662277
146100,42877.66404748118
146101,43625.31509515464
146102,45071.14765151199
146103,45114.21442116864
146104,44966.244746612516
146105,43901.10547444948
146106,43420.06554584444
146107,43374.06084523578
146108,43402.70527902263
146109,44111.054667333985
146110,45867.06729011484
146111,45441.18703462549
146112,44647.292932982484
146113,42757.56431954977
146114,39940.62060762995
146115,39134.02910273815
146116,38290.80474627598
146117,37653.26782753283
146118,36097.743519132586
146119,35348.19187935155
146120,34819.88081415788
146121,34784.7355572517
146122,34775.06433325652
146123,35838.0472406983
146124,36439.32620837969
146125,38275.85261115238
146126,40194.95124226652
146127,41853.380307562984
146128,42722.570176577035
146129,43917.46023914304
146130,44542.856071282324
146131,44968.56182122108
146132,45022.80228848533
146133,44950.23665233956
146134,44821.71724354666
146135,44890.89436880817
146136,45387.86418444859
146137,45489.0518897669
146138,45536.179033091736
146139,44769.08185051561
146140,44568.93834842379
146141,44525.395968384546
146142,44168.81554704217
146143,43599.35509540823
146144,43312.59324844406
146145,43086.70291131804
146146,42924.63701392969
146147,42912.73891502588
146148,43426.81910734041
146149,44239.96424280157
146150,44308.04672658524
146151,44118.713092969265
146152,43795.39018119778
146153,43432.76669604724
146154,43047.144398525714
146155,43022.092252145696
146156,43076.60562991342
146157,43676.871016030076
146158,45246.79435660119
146159,44531.50619560899
146160,42995.48575491896
146161,40932.62502548983
146162,38697.12855705022
146163,38101.815290613216
146164,37166.57383585957
146165,36627.73175742483
146166,35110.4488545795
146167,33916.14413611813
146168,33048.38564911822
146169,32855.55912000072
146170,32864.45566482339
146171,32938.01305627784
146172,33016.09352066404
146173,32909.404393716
146174,33249.44880210731
146175,33739.041697330096
146176,34851.97824803566
146177,36305.526352516645
146178,37568.92013428384
146179,37702.98668744733
146180,38101.656146017805
146181,38156.94658253015
146182,38148.51934758593
146183,38432.95455665026
146184,39558.994505909206
146185,39973.45127222364
146186,40192.503008874526
146187,38801.16188557434
146188,37924.94649791415
146189,37310.281107109426
146190,36675.456522926885
146191,36365.59997442526
146192,36014.41725147411
146193,36318.48329972684
146194,36466.25518725526
146195,36840.10996031915
146196,37130.03146592482
146197,37504.16484839542
146198,38630.81408551907
146199,39290.41923905487
146200,39260.77004706962
146201,39335.504579342676
146202,39088.554258525524
146203,38960.3004692959
146204,38949.1095123152
146205,40143.749357140834
146206,42059.10781960684
146207,41434.39794947711
146208,41087.48092387196
146209,39187.31755633214
146210,37326.336292540305
146211,36681.50036575917
146212,35996.20526616409
146213,35576.89397454324
146214,33821.012990372044
146215,32303.279662822777
146216,31300.41643661737
146217,30982.498736998805
146218,30949.357729826883
146219,30870.427698736505
146220,30841.263272477714
146221,30720.81688848652
146222,30328.564225089092
146223,29970.662401748516
146224,30141.190753521758
146225,31707.99090572616
146226,33327.63080716104
146227,34344.352814358834
146228,34973.967718791726
146229,35279.123125502905
146230,35386.8447423772
146231,35534.01867172037
146232,35739.435277782126
146233,36532.78975143259
146234,36660.419275776534
146235,34686.34466787331
146236,33542.30794385553
146237,32807.23272017304
146238,32323.55849339143
146239,33243.852512510755
146240,33098.68620347462
146241,33065.36679917451
146242,33188.873179277674
146243,33347.33845227817
146244,34401.38384773467
146245,36114.24866890232
146246,37657.91286493441
146247,38408.13120835044
146248,38580.48814306994
146249,38108.25416559137
146250,37943.45831710059
146251,37856.49778729884
146252,37766.56307652328
146253,38857.48384732244
146254,40907.94112442547
146255,40443.65715431156
146256,39870.75670803378
146257,38172.95701833111
146258,35609.177934523905
146259,35012.16563266657
146260,34396.642754226625
146261,33970.104299354345
146262,32578.51562716527
146263,32023.48124992822
146264,31793.828894353144
146265,31787.661252577735
146266,32023.227493555452
146267,33017.07402623127
146268,33936.53572123706
146269,35576.005557017525
146270,37564.53754259335
146271,39587.70370164344
146272,40838.68905570992
146273,42050.5609047328
146274,42965.79862807734
146275,43688.212685781466
146276,43420.82184857324
146277,43186.516781303166
146278,43003.52337070363
146279,42955.632806116366
146280,43489.71829931313
146281,43428.987530822305
146282,43448.339262479734
146283,42611.718858846834
146284,42111.27957357526
146285,41963.48224971718
146286,41172.95146981073
146287,40713.08170300133
146288,40280.35499438971
146289,39984.41994629064
146290,39986.42689479608
146291,40204.391844208214
146292,40622.925976133454
146293,41776.197761955824
146294,42731.790909885574
146295,42650.437821101485
146296,42491.92392906116
146297,41186.08783624522
146298,40231.64745539203
146299,39850.63892343486
146300,39735.25144805115
146301,40146.06689211079
146302,41644.483256274885
146303,40717.93789182283
146304,39759.9155096043
146305,37476.13824718254
146306,34923.04273026804
146307,34030.577537127516
146308,33485.10956911808
146309,32822.20186919379
146310,31601.88632031335
146311,30846.008233541226
146312,30451.82452744533
146313,30321.61119603275
146314,30326.060253628704
146315,31520.787490096875
146316,32581.35171771519
146317,34347.10235231359
146318,36132.99699910295
146319,37653.3867109408
146320,39069.326678588695
146321,39869.362230476836
146322,39851.320076340075
146323,40669.346012838694
146324,40603.964950231246
146325,40836.03441004864
146326,40997.41472066399
146327,41115.54393104811
146328,41607.355137925886
146329,41553.16863981768
146330,41630.23655640507
146331,40680.836058865876
146332,40336.427661968904
146333,40260.52083744096
146334,39727.11393342085
146335,40255.48469124352
146336,40034.112881580884
146337,40287.128583302976
146338,40470.44487114951
146339,40546.65895770932
146340,41043.085833953155
146341,41764.66865017685
146342,43745.815675922
146343,43989.81565197433
146344,44392.10137003563
146345,42933.814295852986
146346,41993.24715946709
146347,42071.2366403261
146348,42282.746127958984
146349,42597.36327904182
146350,44627.91290802671
146351,44004.32686167436
146352,43101.11616382908
146353,40961.208374532696
146354,38397.663573692065
146355,37756.204364567355
146356,37091.186696530625
146357,36614.79137763232
146358,35158.98851199271
146359,34492.75966147444
146360,34078.589971202004
146361,34075.33710943012
146362,34001.13745923719
146363,35048.341926411034
146364,36014.49693938706
146365,37403.7172835195
146366,38878.60804729334
146367,40659.17219840421
146368,41601.706423016985
146369,43130.65533988328
146370,43617.41696649415
146371,44402.93721572644
146372,44553.97734802039
146373,44538.99416809206
146374,44671.00400317247
146375,44533.94282823421
146376,45076.61401690846
146377,44882.024876104195
146378,45103.68422188173
146379,44046.24695003379
146380,43618.64843720061
146381,43586.65042190173
146382,42717.153833308184
146383,42081.67827010661
146384,41579.34103776581
146385,41208.53354320013
146386,41110.630540857936
146387,41469.65521697923
146388,41751.813442650695
146389,42590.02764870726
146390,43896.92126370719
146391,44176.94459554889
146392,44599.18447494361
146393,43012.90667879969
146394,42252.17365327586
146395,42133.16853199088
146396,42621.39382643001
146397,42938.44444825912
146398,44788.72891977567
146399,44240.02436569076
146400,43878.04764442358
146401,41814.265084151135
146402,39511.66252576285
146403,38713.690397076396
146404,37896.20744874275
146405,37403.98002029075
146406,35969.25398625047
146407,35267.36033392778
146408,34755.48211455736
146409,34759.54280370561
146410,34778.0647354136
146411,35658.08758925098
146412,36570.29793892918
146413,37905.54427401351
146414,39450.481243023794
146415,41276.02939853112
146416,42044.0148727463
146417,43598.84248396581
146418,44098.13511256296
146419,44915.42030491176
146420,45118.12880515155
146421,45029.34073643154
146422,45115.10471154687
146423,44915.86899689021
146424,45337.8453242812
146425,45261.98657844288
146426,45249.400211309
146427,44049.22839855109
146428,43461.356398100776
146429,43115.51893378752
146430,41647.7952959885
146431,41460.372230788664
146432,41543.78930976229
146433,41113.24899689699
146434,41165.95452781933
146435,41195.36449261208
146436,41519.461957045976
146437,42802.1781557657
146438,43789.13486641202
146439,44444.27530300245
146440,45042.05058955607
146441,43893.509954131165
146442,43248.95367216593
146443,43196.563757548116
146444,43414.631131532115
146445,43571.6269592924
146446,45385.16063748711
146447,44944.46814879319
146448,44189.02217825161
146449,42328.956370953594
146450,39714.2424992835
146451,38910.16034330887
146452,38003.39968521195
146453,37423.47164994971
146454,35781.43453112053
146455,35432.96444062496
146456,34967.85014261365
146457,34985.539106356366
146458,34995.19164648673
146459,35996.490971875945
146460,36700.6879771492
146461,38148.34124432204
146462,39664.42772258406
146463,41536.19634965304
146464,42588.85853665023
146465,43794.92030366974
146466,44385.07338280931
146467,44783.85539783884
146468,44958.576991049325
146469,44832.84297316893
146470,44788.716630058225
146471,44675.11933617763
146472,45057.42081758135
146473,45065.74237491934
146474,45071.76899861783
146475,44174.929915133915
146476,43810.73276832482
146477,43608.63826683835
146478,42713.44725050483
146479,42297.8533395547
146480,42263.94872471241
146481,41866.41816500475
146482,42250.62306263569
146483,42333.77135965321
146484,42626.1771695512
146485,43206.123040188344
146486,43713.360675019
146487,44058.77600211337
146488,44008.63541557227
146489,43647.12041983073
146490,43230.84648786837
146491,43197.42520817988
146492,43484.707684318746
146493,43768.83052905714
146494,45341.72259017444
146495,44908.90316731312
146496,43276.16653730782
146497,41371.969903148674
146498,39256.01373266271
146499,38763.093029623466
146500,38065.29384927326
146501,37576.95699898095
146502,35963.00322867034
146503,34745.19373127782
146504,33820.93079568542
146505,33814.42642874852
146506,33794.003192991724
146507,33911.200814489384
146508,33975.30705772031
146509,34113.34369813464
146510,34313.8860734756
146511,34551.84359593497
146512,35204.25320093885
146513,36648.27011157806
146514,37577.52082057878
146515,37820.022270939546
146516,38222.5575768201
146517,38093.23078448989
146518,37939.34947235727
146519,38266.39395098757
146520,38824.889458458005
146521,39050.19061542395
146522,38925.5575937559
146523,37563.483764143544
146524,36990.67246874046
146525,36201.42010838771
146526,35467.892887076
146527,35103.61820872034
146528,34654.05049858024
146529,34410.43822541118
146530,34468.18115241328
146531,35326.49168969864
146532,35909.3118220786
146533,36769.96403918947
146534,37964.14524309019
146535,38953.28324165995
146536,38935.18248673719
146537,38593.44554508114
146538,38503.19331346324
146539,38513.92031949162
146540,38702.714342721345
146541,39499.63342637463
146542,41553.01556525065
146543,40997.48355723469
146544,41038.98276654712
146545,38969.730755592704
146546,37046.935403552816
146547,36659.68473942395
146548,36220.27721577377
146549,35990.47953051589
146550,34299.10041650978
146551,32849.95365610984
146552,31779.76987544649
146553,31751.385606653374
146554,31694.256904424816
146555,31514.992680058487
146556,31297.981186575926
146557,31310.379981800754
146558,31226.25191207917
146559,31295.55501573089
146560,31368.46170820116
146561,32091.672846813664
146562,33733.11049571961
146563,34996.93451560545
146564,35621.188400875995
146565,35914.18191498821
146566,36072.08604456505
146567,36196.80277163143
146568,37207.772690596124
146569,37748.33760438951
146570,37886.69503883349
146571,36364.164312249624
146572,35849.13249681995
146573,35211.73040259635
146574,34882.90165932103
146575,34696.60658120933
146576,34460.17288095943
146577,34458.826986090935
146578,34477.472948581235
146579,34753.81555280058
146580,35303.756778211995
146581,36273.39679178585
146582,37546.13971248725
146583,38273.21189612049
146584,38546.27078854588
146585,38295.437476007195
146586,38286.89005375844
146587,38159.92276610662
146588,38346.966660846025
146589,39225.93043506903
146590,40983.01991438832
146591,40268.6637706873
146592,39772.931124656956
146593,38251.505108164565
146594,35750.399636892456
146595,35414.442304196324
146596,34535.35064232464
146597,33944.942594206725
146598,32940.512441008
146599,32313.116749529156
146600,32047.22957243283
146601,32120.29778200499
146602,32362.646676265274
146603,33272.54383212215
146604,34023.97838607464
146605,35557.55951926042
146606,37339.10111061982
146607,39475.04407532431
146608,40661.35594407896
146609,42008.76963089221
146610,42823.40459454621
146611,43505.087175500936
146612,43510.54258266513
146613,43757.28114760109
146614,43859.919719911144
146615,44055.514581759235
146616,44777.32161272751
146617,44854.96842276719
146618,45004.24303009973
146619,44188.02860675952
146620,43789.88133584398
146621,43622.142109792025
146622,42865.31889312546
146623,42176.41483383816
146624,41067.21618866989
146625,40558.24021317213
146626,40361.68088589264
146627,40292.74008414262
146628,40490.97984505162
146629,41648.18109415459
146630,42650.82612353308
146631,43259.46051839994
146632,43059.56355470913
146633,41827.285361866176
146634,41457.53828344299
146635,41186.67214956013
146636,41257.02536431376
146637,41254.30881854552
146638,43158.88885799371
146639,42516.83336099175
146640,41951.39553801059
146641,39833.66592090813
146642,37124.41700364311
146643,36171.70437463731
146644,35556.995603797295
146645,34946.78440540714
146646,33466.29197721837
146647,32671.89516660685
146648,32216.067327594552
146649,32116.22772172328
146650,32194.53655310594
146651,33268.5518756702
146652,34020.08911996692
146653,35620.365135579006
146654,37854.812961035546
146655,39979.528662979326
146656,41493.00485482064
146657,42475.63068413502
146658,43097.93033015355
146659,43473.866447580185
146660,43357.48105196774
146661,43249.4440806133
146662,43033.37550711517
146663,42863.11573792937
146664,43045.26137279108
146665,42847.23409470329
146666,42408.25881814933
146667,40830.224100363455
146668,40461.29653822915
146669,40259.38017917921
146670,39391.27672638813
146671,38998.9318511149
146672,38297.61548060184
146673,38038.55685748134
146674,37870.75418887716
146675,38398.17200839089
146676,39209.91344952898
146677,40683.7502120189
146678,41658.16702056609
146679,42173.395882277146
146680,42027.313401813415
146681,40937.023262336115
146682,40221.3140404776
146683,39864.10848726838
146684,40022.76756137081
146685,40308.92558583722
146686,41888.740317797034
146687,41316.94681332929
146688,37960.63966431778
146689,36521.36914026534
146690,35152.80943466514
146691,34390.53287373471
146692,33749.79539325455
146693,33133.67385113453
146694,32207.34345061666
146695,30894.091911968742
146696,30082.91900864452
146697,29937.35268415556
146698,29893.56785808431
146699,30160.782637846423
146700,30075.092497061138
146701,30453.540861772944
146702,30645.974362477005
146703,31006.140182295476
146704,32160.416357319333
146705,33579.73839712848
146706,33858.599441736544
146707,34287.85481689456
146708,34434.2932171451
146709,33987.653879739686
146710,33743.461809109205
146711,34257.59048749355
146712,34491.5762258236
146713,34788.995836124355
146714,34874.45101568603
146715,33299.827418942776
146716,32381.04945057172
146717,32194.99140795299
146718,31780.294280297177
146719,31228.820678168995
146720,31228.55266574903
146721,32311.39154353712
146722,32361.890474560176
146723,32785.23878943943
146724,33154.2755408623
146725,34479.43719717123
146726,35569.18895875205
146727,35485.86163216867
146728,35252.643230186244
146729,34267.276055947084
146730,33905.32304798037
146731,33873.67828712777
146732,34088.49377234335
146733,34946.93607304786
146734,36900.532070695815
146735,36417.91517504681
146736,41645.84057544108
146737,39984.17102101831
146738,37278.07295192211
146739,36301.1602092587
146740,35689.341058983504
146741,35235.80615499411
146742,33913.66973349381
146743,33140.42829339947
146744,32706.677740826042
146745,32706.299828034516
146746,32647.94981121659
146747,33673.718751466666
146748,34604.150547713165
146749,36173.072493609274
146750,38532.216878021034
146751,40292.63678391015
146752,41637.528281405044
146753,42651.91046316909
146754,43068.91466797133
146755,43340.08156006071
146756,43290.43396047744
146757,43318.685175556806
146758,43201.7642506658
146759,42873.65373041846
146760,43308.485704586536
146761,42942.13350529861
146762,42710.8095755312
146763,41642.449818110275
146764,41123.926944134335
146765,40995.80195440165
146766,40416.65177150565
146767,39874.28077044974
146768,39199.07908572877
146769,39200.569991729
146770,39671.616592271
146771,39850.96335899116
146772,40334.057556244166
146773,41560.606447870414
146774,42669.210578557264
146775,42886.032140559095
146776,42721.19042843559
146777,41709.08426224544
146778,41378.632722053786
146779,41173.8981195259
146780,41258.48207681623
146781,41668.48060856113
146782,43268.46990196093
146783,42981.06506022392
146784,42771.09658220873
146785,41035.51034434372
146786,38084.97788024763
146787,37265.67529851945
146788,36724.27370716419
146789,36509.02567374514
146790,35089.13287510736
146791,34464.009587114495
146792,33965.87999892381
146793,33955.924812066914
146794,34006.43318701322
146795,34915.72744589946
146796,35802.62444695115
146797,37061.08854754316
146798,38737.583915685726
146799,40862.7175035607
146800,42092.63035819475
146801,42948.09270291958
146802,43669.83201103319
146803,44259.690087616924
146804,44253.93990407677
146805,44221.76871831237
146806,43773.06928929952
146807,43666.53720022294
146808,43885.87163827382
146809,43826.732408868345
146810,43859.49883474914
146811,42479.958071725
146812,42089.56413038715
146813,41789.94797768933
146814,40978.165035035585
146815,40324.89241964345
146816,39925.01243924383
146817,39545.323285968
146818,39877.38231370819
146819,40027.88961009411
146820,40610.85508241395
146821,41432.746461983734
146822,41957.028916926385
146823,42184.040282723574
146824,42438.06704833127
146825,41944.17121571823
146826,41800.3896445859
146827,41697.2985559221
146828,41821.3075009554
146829,42153.09587118491
146830,44153.997233342874
146831,43719.02164540527
146832,42245.95395046315
146833,40208.731303632194
146834,37921.935852695926
146835,37477.316872722906
146836,36769.81223401526
146837,36254.88455568306
146838,34680.79862958975
146839,33384.216576115425
146840,32846.023204590136
146841,32691.861057380884
146842,32579.38594319805
146843,32613.8197354472
146844,32591.66021676111
146845,32011.86081016843
146846,32189.362947227855
146847,32860.421492177345
146848,34128.7965827503
146849,35631.68489390547
146850,36197.9498457761
146851,35714.22306753402
146852,35824.5915280687
146853,36177.229878132865
146854,36157.89522734501
146855,36189.16820113226
146856,36342.505656100446
146857,36616.408874062006
146858,36711.19852655105
146859,35643.494497759326
146860,34757.8640083457
146861,34606.683463810994
146862,33891.09299285831
146863,33516.8423113065
146864,32955.52477045701
146865,33028.52000115811
146866,33026.61055316245
146867,33343.166505916015
146868,34259.74835443111
146869,35717.987311817444
146870,36956.01630223287
146871,37972.64498065668
146872,37872.533576200316
146873,37683.173556776135
146874,38277.37860680679
146875,38065.94911149772
146876,38185.23296080949
146877,39006.10932180579
146878,41139.75904338623
146879,40383.67024172399
146880,39411.71634016999
146881,37421.372215389645
146882,35103.01543239915
146883,34798.29597410748
146884,34140.11100192411
146885,33928.19792069297
146886,32474.900829821
146887,30921.663615663743
146888,30271.381078418468
146889,30255.522067255664
146890,30163.746374772218
146891,30019.839517555527
146892,29904.249381976424
146893,29319.287752692322
146894,28977.80542897778
146895,29142.05075797388
146896,29879.53836759297
146897,30731.91606056931
146898,31758.60742828951
146899,31962.32610797201
146900,32139.838112229198
146901,32808.67355550439
146902,32929.98645043939
146903,32705.229830256707
146904,32979.49544776297
146905,33650.73843910651
146906,33042.0286912514
146907,31558.185950510604
146908,30287.95393547721
146909,29804.02554786913
146910,29485.55842077379
146911,28876.826166985156
146912,28784.091094898537
146913,29613.14077718792
146914,29756.00571949347
146915,30386.282109985834
146916,31752.005961181156
146917,33165.292331910394
146918,34795.306078936526
146919,36082.39160951977
146920,36977.235901973356
146921,36956.50709174209
146922,38065.28438670709
146923,38155.14734848571
146924,38464.13449051371
146925,39309.438931171935
146926,41421.973624251135
146927,40679.2904917909
146928,40049.42098658845
146929,38213.89398894973
146930,35567.93021763997
146931,35142.100831979296
146932,34520.48262617751
146933,34235.82889675919
146934,32915.38517890011
146935,32303.926203381725
146936,32024.082993497366
146937,32056.507954893113
146938,32247.509974643115
146939,32910.75385714503
146940,33765.09624506018
146941,35144.9196806735
146942,36802.347605631745
146943,39160.25447434885
146944,40235.46876182179
146945,41652.167090896226
146946,42794.10783669484
146947,43220.55180037806
146948,43306.89106815027
146949,43377.47864447593
146950,43433.42387903876
146951,43620.95536631626
146952,44133.97364148835
146953,44185.4143424089
146954,44232.102811234356
146955,43460.917972283685
146956,43092.74588061611
146957,42982.49199234158
146958,42164.50677559672
146959,41620.45784189862
146960,41253.58378347613
146961,41209.247071860984
146962,41215.15945340498
146963,41204.94372810839
146964,42060.70794137808
146965,43362.5408098728
146966,44857.64912446496
146967,45537.205148103974
146968,45830.745103498804
146969,44758.26026373707
146970,44060.81028573054
146971,43732.718050582305
146972,43667.3558266931
146973,44088.61449133675
146974,45291.83225708492
146975,44266.00535768938
146976,43152.06357954075
146977,40837.13919848067
146978,38300.31567614346
146979,37737.57173991801
146980,37233.48531751443
146981,36891.95208164976
146982,35619.06387177871
146983,34981.60333996728
146984,34402.33791182126
146985,34280.23684384391
146986,34314.30294241212
146987,35135.02995798594
146988,35869.811914388396
146989,36993.56060754391
146990,38864.137906553406
146991,40747.68236900095
146992,41813.57717767249
146993,43269.28920647972
146994,43604.474842667485
146995,44235.04535447011
146996,44232.73473240388
146997,44314.89081084934
146998,44574.049451235674
146999,44569.060233304
147000,44835.47534146597
147001,44884.00574387882
147002,44966.04994869947
147003,43956.940632137
147004,43446.44577758429
147005,43245.2025016486
147006,42540.672220547014
147007,42087.250515472304
147008,42129.10172781692
147009,42174.74543258948
147010,42116.91397425154
147011,42211.29376755988
147012,43256.51977841635
147013,44093.20000680618
147014,45500.84356226474
147015,45633.07036913419
147016,46037.47418220909
147017,45006.597231732696
147018,43883.53088729598
147019,43767.23810407828
147020,43875.780806303315
147021,44225.681731200166
147022,45693.34743362942
147023,44842.47700446066
147024,43727.991800327545
147025,41793.37007059167
147026,39270.55732955309
147027,38675.261094811816
147028,37922.214031707
147029,37537.7467435269
147030,35898.89132483406
147031,35373.51382664737
147032,35136.060189358555
147033,35184.85182153526
147034,35291.31205661971
147035,36165.92405322927
147036,37125.07743960395
147037,38060.166302135396
147038,39757.33877654183
147039,41424.072127705265
147040,42632.188620649926
147041,43952.71161065788
147042,44534.50438295119
147043,45020.785015178015
147044,45111.777399066836
147045,45134.59786883928
147046,45090.47483516059
147047,45322.78773316384
147048,45632.36293926565
147049,45602.38132690652
147050,45773.06191409449
147051,44938.814178654175
147052,44795.482487029316
147053,44482.83638591467
147054,43475.59644880222
147055,43577.80294629888
147056,43663.711032130304
147057,43807.30985858523
147058,43878.47569750337
147059,43952.90827085067
147060,44695.368648296644
147061,45716.804644597025
147062,46773.03312322947
147063,46660.91505012515
147064,46450.37913799377
147065,45364.70788256109
147066,44205.66391015745
147067,43883.41134330338
147068,44054.77347279908
147069,44447.10249213204
147070,45732.77505631099
147071,44910.305579766944
147072,43747.686513887835
147073,41584.165842833376
147074,39167.91028571348
147075,38819.47993119804
147076,38048.89677161863
147077,37632.80882819814
147078,36229.85550720827
147079,35589.86284215142
147080,35067.172497517306
147081,35043.69152461432
147082,34968.992808960866
147083,35750.50093728519
147084,36559.993142656545
147085,37760.36577854344
147086,39433.2117065683
147087,41335.0202973594
147088,42199.763411750486
147089,43318.43435316874
147090,43973.742687545244
147091,44590.039787060494
147092,44705.973279320904
147093,44754.264602956806
147094,45164.62139491899
147095,45248.76830389625
147096,45467.99973746738
147097,45564.0692426409
147098,45542.74254890036
147099,44401.128684964584
147100,44211.67368085507
147101,43986.973539774925
147102,43341.273331220254
147103,42838.22936245309
147104,42847.21444457826
147105,42668.00208223318
147106,42610.80764659556
147107,42599.870554482375
147108,43326.20135679701
147109,44155.28491687619
147110,46135.1298276471
147111,46068.415918245824
147112,46277.330391756215
147113,45153.31020274198
147114,43757.690804004786
147115,43640.147465732916
147116,43693.69036593352
147117,44238.565056176885
147118,45524.859668181925
147119,44501.208013047755
147120,43616.006562830415
147121,41694.97603258196
147122,38965.36639330763
147123,38455.89987693976
147124,37937.86533137895
147125,37492.46931370059
147126,36064.98701285805
147127,35466.1462103677
147128,35005.64079630306
147129,34891.279483608174
147130,34940.36664494457
147131,35780.072867929004
147132,36378.739345080845
147133,37674.9379242643
147134,38888.79042857488
147135,40907.51532625887
147136,42169.94092281767
147137,43149.604846913535
147138,44007.64788547879
147139,44360.16058021398
147140,44471.49094679344
147141,44217.201040243766
147142,44343.505168574746
147143,44475.45697569187
147144,44261.4128357053
147145,43933.42757619442
147146,43943.98646920255
147147,42709.4115403069
147148,42164.13657788817
147149,41317.07414282909
147150,40565.7954993233
147151,40134.409862709144
147152,40257.57089052775
147153,39723.8278533734
147154,40078.495068237506
147155,40148.27533034306
147156,40776.3903076792
147157,42174.267225044554
147158,42289.24663610095
147159,42473.66588793654
147160,42250.75958785649
147161,42030.957810723754
147162,41122.23471395275
147163,40977.149279762016
147164,40908.60583949997
147165,41298.953819839284
147166,43111.05723565965
147167,42460.49812097434
147168,39755.72059206297
147169,38684.824301537876
147170,36235.787862680176
147171,35698.53706380297
147172,35202.535509602065
147173,34821.93656497044
147174,33889.221004555155
147175,32617.41451697903
147176,31512.83342504984
147177,31683.15726409969
147178,31985.832303943527
147179,32558.040020872893
147180,32836.12494480404
147181,32043.167087573223
147182,32273.488747820003
147183,32930.7728724423
147184,34192.80763607208
147185,35606.6061459894
147186,36239.67834120729
147187,35982.52779561138
147188,37156.90951419121
147189,37685.6499148874
147190,38086.4588938014
147191,38000.18661527576
147192,38647.20935902553
147193,39218.419683551256
147194,39723.86251386102
147195,38416.57309842427
147196,37715.1653441515
147197,37144.60109341803
147198,36710.53350747296
147199,36228.13971876755
147200,35776.65516494648
147201,35688.94775231251
147202,35697.12833680017
147203,35680.54303164369
147204,35975.137701197586
147205,37518.46889404245
147206,38959.242439222704
147207,39936.629095247474
147208,39805.88680851929
147209,39428.37401978745
147210,39382.9275098032
147211,39238.98861767642
147212,38884.09831086739
147213,39630.60850472299
147214,41754.70256304068
147215,41252.855488416026
147216,40751.913193576685
147217,38974.38173759243
147218,37004.5383563102
147219,36392.06447731607
147220,35855.309999598336
147221,35642.456360231714
147222,33943.950142454916
147223,32380.68731579407
147224,31450.09900922474
147225,31157.17506454689
147226,30662.986136812302
147227,30282.877635950088
147228,30005.52529085712
147229,29412.25057279475
147230,29130.605724980993
147231,29362.3408708412
147232,30150.208566561592
147233,31372.819126899347
147234,32976.04347251968
147235,33941.9060399349
147236,34605.22813990263
147237,34687.64664572914
147238,35080.92080068783
147239,34555.3834248291
147240,34904.230235350034
147241,35663.90742574165
147242,35849.52331406869
147243,34177.57952792291
147244,33130.138445866236
147245,32227.839304568362
147246,31659.61255461166
147247,32041.3094894764
147248,31801.14628660151
147249,32710.87258930607
147250,32899.846540323466
147251,33620.88961120829
147252,34677.26442309064
147253,35977.59466790678
147254,37288.98075452698
147255,38356.44908524367
147256,38595.49775812044
147257,38506.37115249892
147258,38612.70593272199
147259,38667.99389071665
147260,38923.36478662601
147261,39929.79042835709
147262,41768.84846911428
147263,41411.85150252
147264,40990.33553889905
147265,38945.981683587044
147266,36460.82847685529
147267,35772.26591232367
147268,34694.55289849063
147269,34297.009160255555
147270,32923.222767705316
147271,32288.060406107987
147272,32079.68193089792
147273,32101.306901448657
147274,32283.45736162909
147275,33264.90563269328
147276,34226.24624891217
147277,35881.70937360189
147278,37690.00452854553
147279,39561.22853639033
147280,40784.936536972746
147281,42112.015483247866
147282,43037.803113220514
147283,43667.016209018475
147284,43857.65215904464
147285,43600.5315013115
147286,43737.222131000635
147287,43508.70216173438
147288,44061.456936630035
147289,44025.53592353919
147290,43993.92194305555
147291,42838.94040730366
147292,42432.64614026591
147293,42534.89758636699
147294,41795.86517880994
147295,41172.32435817247
147296,40750.711735818826
147297,40728.80374778876
147298,41081.284924946165
147299,41018.36501340271
147300,41419.030690965425
147301,43202.2110906213
147302,44442.65234841417
147303,44713.62187627514
147304,44701.95959957459
147305,43878.845135463285
147306,43356.30192956784
147307,43373.97101425837
147308,43424.166930244544
147309,43729.720557867186
147310,44971.31089546387
147311,44335.208935627474
147312,43337.70133036701
147313,41386.450606055885
147314,38891.08629741295
147315,38128.986374779226
147316,37427.400507458966
147317,37114.15698571696
147318,35616.43147549053
147319,34869.0424546804
147320,34390.16840294346
147321,34374.77902173521
147322,34379.58374267926
147323,35589.3938135237
147324,36414.15846953594
147325,37689.78568517115
147326,39494.59696770347
147327,41031.84303587866
147328,42275.44055827488
147329,43930.83447442135
147330,44323.48563573266
147331,44774.90891537746
147332,44644.59597402828
147333,44655.2737363004
147334,44665.49537835088
147335,44435.968913677556
147336,45114.86846305056
147337,45045.061148026856
147338,45045.05968012298
147339,44186.95608522186
147340,43671.73168275413
147341,43394.587549590186
147342,42219.3147162368
147343,41949.904239370495
147344,41455.300787924
147345,41412.03821879426
147346,41909.60299138252
147347,41900.0364345709
147348,42319.761495384504
147349,43214.61627416379
147350,44141.869699800125
147351,44589.99423708922
147352,44589.908843455
147353,43356.22246003631
147354,42325.84257726432
147355,42267.69508830533
147356,42474.02633396321
147357,42939.97790022594
147358,44492.76382687622
147359,43884.425459061815
147360,42996.32342390213
147361,40915.91504058923
147362,38250.777900418994
147363,37762.69471343421
147364,37158.07463230369
147365,36878.00083891574
147366,35475.061452028436
147367,34821.92881290225
147368,34396.741786750325
147369,34324.3290914892
147370,34294.67491244608
147371,35277.72106249347
147372,36083.83417575163
147373,36521.68136270063
147374,38543.10594516926
147375,40083.48231746377
147376,41272.665475285416
147377,42321.77868314472
147378,43026.36811824139
147379,43709.87474027874
147380,43477.00192525975
147381,43526.963851106884
147382,43003.46588587847
147383,42760.12769185772
147384,42557.17334052922
147385,42388.94582031374
147386,42134.659609291964
147387,41174.83540013799
147388,40238.91025651221
147389,39795.325626569655
147390,38146.28964888551
147391,38833.60771972958
147392,38520.31930461642
147393,38517.76162942901
147394,38672.04509090595
147395,39056.59716499693
147396,39428.36305386091
147397,41067.18337005951
147398,41749.61429012536
147399,42336.61298887107
147400,42222.19691654955
147401,41104.76306461201
147402,41057.775757030984
147403,41075.91679887432
147404,41488.92282374402
147405,41896.98428872711
147406,43279.27595086
147407,42734.81131749457
147408,42160.39190928569
147409,40072.43454747345
147410,37498.51848108329
147411,37386.16762651407
147412,37048.32938847755
147413,36500.41630989445
147414,35304.10159049393
147415,34674.00076050051
147416,34221.6414639195
147417,34203.046419623875
147418,34246.84214026244
147419,35330.13708268639
147420,36179.378008403175
147421,36982.16410240106
147422,38687.236540242884
147423,40477.1302992344
147424,41251.92629040316
147425,42377.02613284426
147426,42883.53770673743
147427,43519.01799866943
147428,43646.88424313856
147429,43731.26722921502
147430,43900.30812210081
147431,44042.41366457447
147432,44338.3320435547
147433,44343.68409173742
147434,44418.83987054145
147435,43538.42910787322
147436,43094.31810904936
147437,42923.39434862685
147438,42209.29020139738
147439,41752.92748234401
147440,41544.976648204356
147441,41179.10136510542
147442,41690.64895048665
147443,42655.88643810037
147444,42978.9830648281
147445,43881.27091391707
147446,45083.003852343616
147447,45183.09502384809
147448,45168.23694916626
147449,44343.47998819759
147450,44161.546103616834
147451,43848.04174336725
147452,43865.8515652207
147453,43898.55105324837
147454,45063.89390039761
147455,44364.75533680762
147456,43157.52477619038
147457,40920.50864686104
147458,37962.399560269965
147459,37415.88080570662
147460,36613.32326480686
147461,35906.07004598326
147462,34719.209767259825
147463,34262.47182763663
147464,34023.73585992147
147465,33870.15909764052
147466,33391.76890942089
147467,34248.04195125709
147468,34960.26975186462
147469,36174.98513656584
147470,37947.42018324198
147471,39547.98423299313
147472,40851.673820892465
147473,41791.777241951306
147474,42333.304484534354
147475,42828.20088288447
147476,42696.950572111295
147477,42421.61100317427
147478,42071.02027101265
147479,41402.63884133719
147480,41409.23018367588
147481,41233.8546071652
147482,41054.42744144534
147483,39827.95083692238
147484,39296.01014864973
147485,38374.12287550263
147486,37259.446407833784
147487,36746.16673631676
147488,36217.75381568181
147489,35675.95606381711
147490,35575.35629172693
147491,36028.49503385394
147492,36249.5748715054
147493,38273.80786663616
147494,39520.16682164865
147495,40145.7410963383
147496,40798.65640205833
147497,40454.10567583322
147498,39968.519970250374
147499,39920.372151401454
147500,40201.529747569024
147501,40922.289276100586
147502,42726.18314331571
147503,42261.503908062914
147504,39758.08114698349
147505,37782.32920755676
147506,35284.93847483979
147507,35082.86766881604
147508,34489.407218586246
147509,34185.367927433465
147510,32752.539356082565
147511,31500.6459075965
147512,30855.44109990201
147513,30796.936990896425
147514,30874.615879581143
147515,31057.07997501306
147516,31139.919926832205
147517,31528.148759201955
147518,31841.258100488823
147519,32572.60767123732
147520,33812.9691829356
147521,35696.755454279264
147522,36765.36367677316
147523,36920.19003328349
147524,36517.157094812545
147525,36929.11305949803
147526,36682.717977474
147527,36599.160200847524
147528,37052.59104355739
147529,37522.14560223678
147530,37621.45676591772
147531,36452.09579210632
147532,35654.92799599382
147533,35259.625345636676
147534,34386.123585208006
147535,34157.81663833564
147536,33520.575715363535
147537,33305.71247088676
147538,33857.14862478743
147539,33809.435268993206
147540,33977.48360176016
147541,35638.401037592244
147542,36950.118818737195
147543,37804.414762333116
147544,38383.874915539556
147545,37767.09569140085
147546,37769.383282464696
147547,37945.579910334265
147548,38142.72817278479
147549,38823.00399692396
147550,41056.31759446803
147551,40554.51428212893
147552,40326.13148121242
147553,38483.22031186025
147554,36507.96728103116
147555,36012.17965847205
147556,35767.68055480285
147557,35439.06376190591
147558,33700.50975897178
147559,32151.441137824877
147560,31266.352091345645
147561,31056.00721258872
147562,30702.258433671825
147563,30441.91823590653
147564,30293.70814974724
147565,30114.98126234554
147566,29136.808151120385
147567,29020.820367547472
147568,29855.914314899404
147569,30952.49826743728
147570,32247.789240908423
147571,32427.210373407204
147572,32375.7251242493
147573,33123.43428283013
147574,33352.936329096374
147575,33163.41163716794
147576,34007.78565344526
147577,34752.96087216388
147578,34905.08687464313
147579,33144.978552250825
147580,32114.161025666202
147581,31511.672131701187
147582,30538.200832063518
147583,30434.361345948917
147584,29799.55275086407
147585,30027.18487316942
147586,30875.77119447936
147587,31599.44740443934
147588,32550.59421903063
147589,33758.684096468394
147590,36286.780680822056
147591,37644.323922878
147592,38035.40558135962
147593,37928.502524567804
147594,38652.77008433018
147595,38846.13588918352
147596,39116.14954584936
147597,39894.53580987629
147598,41556.441446843
147599,41217.13996424536
147600,41290.41518542692
147601,39419.31368862062
147602,36524.206616308446
147603,35734.10168258029
147604,34620.60648308191
147605,34137.33506025299
147606,32827.22433073907
147607,32138.811859617064
147608,31792.38051676077
147609,31786.55217040885
147610,31851.905703715598
147611,32792.07849033783
147612,33820.64592841049
147613,35370.92423690433
147614,37133.54306509069
147615,38544.90594319137
147616,39859.48025486829
147617,41725.516787692875
147618,42573.702227410075
147619,42970.02171803182
147620,42806.9232259262
147621,42890.01494672104
147622,43123.46290280923
147623,43278.24685111034
147624,43923.95758472003
147625,43915.13150002744
147626,44029.16619145261
147627,43086.48989110086
147628,42871.901985939425
147629,42700.021485520505
147630,41272.10830945666
147631,41065.514541836965
147632,40693.56079524492
147633,40326.14564975564
147634,40287.674710123545
147635,40267.77320833683
147636,40330.15708047711
147637,41862.75880791314
147638,43631.23916090982
147639,44162.267048492424
147640,44071.045153334504
147641,42949.62934123808
147642,42642.25777650688
147643,42672.269366636945
147644,42747.60684837619
147645,42816.39164123454
147646,44252.99183412189
147647,43417.97105278167
147648,42229.47580518774
147649,40024.543008747285
147650,37413.1959737911
147651,36781.59190259267
147652,36144.3493561798
147653,35865.03239614374
147654,34696.062276483346
147655,34039.086714565725
147656,33706.59933302062
147657,33701.7207388001
147658,33725.23739702731
147659,34648.72921896312
147660,35175.98122407335
147661,36320.62089062956
147662,37832.86909271309
147663,39769.39272170999
147664,40785.49982851749
147665,42292.814382793185
147666,42901.54536848886
147667,43175.16088053436
147668,43143.91312049779
147669,43172.534667758126
147670,43180.07750353426
147671,43287.23826897428
147672,43800.26609986353
147673,44007.951490638116
147674,44093.72219432265
147675,43292.47320014416
147676,42906.158607500474
147677,42706.50439852468
147678,41564.365937316965
147679,41538.568788086275
147680,41276.82793741054
147681,40885.171957476414
147682,41358.206662174925
147683,41443.947574458834
147684,41744.40492417835
147685,42643.51482049434
147686,44013.45226043038
147687,44167.26770102704
147688,44031.23774758672
147689,43062.05847459816
147690,42856.2342347056
147691,42702.38464262573
147692,42678.131838085086
147693,42898.83299671948
147694,44312.116699884995
147695,43652.637597415036
147696,42800.02693996029
147697,40791.770249491194
147698,38154.733494237174
147699,37413.22119533104
147700,36563.52408561007
147701,36165.27394870019
147702,34903.978915256994
147703,34283.1823565921
147704,33954.095340466985
147705,33863.59305974326
147706,33825.93125557741
147707,34805.97310558314
147708,35350.364344601156
147709,36421.114873586754
147710,37910.43687525402
147711,39470.85623923519
147712,40420.980991436154
147713,42163.710029385584
147714,42584.94683006564
147715,43056.65458295766
147716,43223.086330600534
147717,43295.20030039594
147718,43446.08288597007
147719,43613.72912717481
147720,44283.86565042907
147721,44318.030371776396
147722,44371.69867918522
147723,43279.57967133473
147724,43209.14152530143
147725,43046.242433911204
147726,42396.77882302529
147727,41960.03178904658
147728,41587.072590983895
147729,41396.72880205617
147730,41166.90501258518
147731,41163.27495321834
147732,41287.245820968645
147733,42245.94818853731
147734,43835.72455050598
147735,44245.60042618548
147736,44145.99961078761
147737,43210.10587909112
147738,42997.9762724499
147739,42866.15768332206
147740,42718.44905077322
147741,42843.3984479334
147742,44082.332001796014
147743,43290.76715275889
147744,42563.75323222379
147745,40364.64962579301
147746,37747.11440976608
147747,36890.14240509963
147748,36063.31234835297
147749,35722.705140681705
147750,34512.10927069234
147751,33756.712879997816
147752,33275.44204484922
147753,33412.21659464632
147754,33497.58011196851
147755,34369.79972875623
147756,34830.315777967284
147757,35416.720313654616
147758,36987.09066996496
147759,38189.82521503034
147760,38711.350139230264
147761,40219.66706212962
147762,40760.965407856485
147763,41719.960520699206
147764,41707.33741801264
147765,41547.95120882297
147766,41635.75438407071
147767,41479.6614727904
147768,41697.3427795274
147769,41366.19947452262
147770,41230.28761140611
147771,39851.75057800154
147772,39274.26779708665
147773,39032.73994109516
147774,37955.127393297786
147775,37493.96610012939
147776,37034.05895121531
147777,36527.48310139341
147778,36667.21278359792
147779,36945.68390766532
147780,37093.5050319918
147781,38543.25299806116
147782,39801.15246778748
147783,40345.18116250292
147784,40122.66182960508
147785,39339.5883728899
147786,38638.403322643695
147787,38357.009961227384
147788,38521.78645935757
147789,38834.22497027773
147790,40058.66637703101
147791,39230.696296646405
147792,39054.44199490932
147793,36911.16521696238
147794,33847.38631454646
147795,33183.73504169431
147796,32927.147501073225
147797,33273.39837244696
147798,32170.72857681148
147799,31179.549471198152
147800,30768.27835094953
147801,30512.436854865027
147802,30285.94594747833
147803,30844.47674558835
147804,31577.167390066785
147805,32486.68763519686
147806,34003.39600621983
147807,36334.22865920641
147808,37601.710548166106
147809,39001.12251780702
147810,39576.8762522079
147811,39488.601983193446
147812,39451.04382182069
147813,39355.177539402444
147814,39319.1555820228
147815,39371.15202780818
147816,39553.07485881533
147817,39126.70020993449
147818,39204.797025160624
147819,37914.31183878081
147820,37756.54133155184
147821,37431.37614743613
147822,36506.56407241244
147823,36197.96574317562
147824,36262.89801310249
147825,36675.1841934622
147826,37175.53247624833
147827,37724.97247473801
147828,38432.9698032501
147829,39247.78306122951
147830,40495.062272696545
147831,41062.9171139732
147832,41707.796595385575
147833,41011.093163681624
147834,41095.384812433746
147835,41126.316349296525
147836,41122.43420300614
147837,41393.16486721795
147838,43063.94392838604
147839,42420.65207758614
147840,40713.94740023479
147841,38592.56386997532
147842,36331.67113649342
147843,35885.7728765356
147844,35395.36010151651
147845,34958.42355855995
147846,33378.8305782674
147847,32070.445190410024
147848,31350.751232924133
147849,31297.648062333996
147850,31173.541886801857
147851,31194.580589980065
147852,30550.453309236564
147853,30323.276651401673
147854,30090.277030132034
147855,30825.638133652712
147856,31886.17606768893
147857,33398.2465548068
147858,33539.37083380258
147859,32580.75894422357
147860,32452.509715933076
147861,32661.99640749861
147862,32328.95133386542
147863,32050.538571047302
147864,32798.58102217616
147865,32907.53833261876
147866,32738.247117831485
147867,31238.935443425544
147868,30101.310701285278
147869,29746.303929954083
147870,28831.86531334213
147871,28670.082067408865
147872,28223.714561371893
147873,28087.49688145145
147874,28211.271854513136
147875,28538.90566295132
147876,29242.754790840143
147877,31381.41564122068
147878,33683.22563841669
147879,33705.07854344816
147880,33803.03438129219
147881,33162.72340910378
147882,33007.86224428163
147883,33840.15257770943
147884,34446.877582248664
147885,35203.512099200685
147886,37229.244859202154
147887,36842.82545396223
147888,36365.171829253755
147889,35202.6522714045
147890,32963.06382576615
147891,32639.999385678948
147892,32054.985853751412
147893,31919.88689252104
147894,30562.12777894963
147895,29012.10387439666
147896,28125.49697931217
147897,27985.594887816937
147898,27901.279708687365
147899,27933.44916242478
147900,27946.401497105766
147901,27817.76481047882
147902,27414.260591683767
147903,27090.040806366083
147904,27304.216855743052
147905,28479.86454605956
147906,28572.61237232687
147907,28785.702500598247
147908,29179.430699262346
147909,29926.730119320608
147910,30371.824407741984
147911,30348.87962336633
147912,30748.995608442438
147913,31778.2859095434
147914,31995.67073180604
147915,30589.589887476173
147916,29465.37498309646
147917,28972.113853646628
147918,28405.69140408863
147919,28060.416534156524
147920,28640.502557066975
147921,28975.834875742334
147922,29477.64802849386
147923,29999.55111476557
147924,30733.47377041987
147925,32226.47182577687
147926,34839.245000943985
147927,36287.58283133797
147928,37312.426171477855
147929,37213.50929451766
147930,37731.18631305093
147931,37852.0029940869
147932,37904.568909779446
147933,38325.70030178735
147934,40427.26590402333
147935,39992.42621879902
147936,39462.88124770528
147937,37704.97679521904
147938,34853.52882677671
147939,34267.57319167933
147940,33450.405416921516
147941,33097.33715595714
147942,32030.8904284214
147943,31561.481486810284
147944,31436.463057642704
147945,31338.13644435577
147946,31612.90622560588
147947,32639.744530422373
147948,33397.87221889091
147949,34562.99504966835
147950,35477.7501925597
147951,37058.90894111708
147952,38353.54592360297
147953,39579.00863504569
147954,40261.49109722725
147955,40809.58735373835
147956,41052.82151496027
147957,41233.959523598234
147958,41593.75456866069
147959,41746.53293376385
147960,42350.257173229424
147961,42252.24237689759
147962,42146.46255843595
147963,40828.07312169193
147964,40340.79967435306
147965,40066.867251933916
147966,39123.983762038995
147967,38548.439908853885
147968,38653.32338046704
147969,38758.330554450746
147970,38727.02359610375
147971,39125.78915344406
147972,40298.04998914537
147973,41996.25813080085
147974,43546.95982151365
147975,43968.08752633889
147976,44181.06429437067
147977,43240.2231140646
147978,42923.091102608094
147979,42940.428341330735
147980,42980.89032499724
147981,43043.21206756818
147982,44427.620431719486
147983,43689.62106615684
147984,42778.6231229531
147985,40835.91386380551
147986,38103.20815642683
147987,37304.814001409686
147988,36603.68351948283
147989,36216.28342991126
147990,34958.51228431061
147991,34191.12808634817
147992,33856.47190846972
147993,33856.47190846972
147994,33814.94646674008
147995,34716.636266839436
147996,35206.150628786105
147997,36485.015005679576
147998,37973.72180222617
147999,39203.52636784286
148000,40008.946283494435
148001,41370.32551617187
148002,41983.894266780655
148003,42209.50296204721
148004,42287.72634955419
148005,42279.44283323077
148006,42337.252419994424
148007,42449.088552818204
148008,42624.15675252552
148009,42620.12680183089
148010,42883.55351211684
148011,42153.66781648307
148012,42076.78209280614
148013,42213.11923192267
148014,41429.55634313321
148015,40794.51054807464
148016,41260.30181169445
148017,41569.53225241333
148018,41514.31957286969
148019,41470.38712032952
148020,42117.16648932177
148021,43055.44765923667
148022,44617.737236535264
148023,44421.718311972516
148024,44209.59502721578
148025,43460.56784704292
148026,43111.32109331308
148027,43134.53381444604
148028,43289.37499893193
148029,43514.966873764024
148030,44629.153444161275
148031,43823.50790104574
148032,43308.2446876138
148033,41153.59776696413
148034,38400.44047663122
148035,37742.08745583815
148036,36751.499528724744
148037,36346.051938144104
148038,35050.8365842517
148039,34236.74521406404
148040,33911.950859717224
148041,33911.950859717224
148042,33961.64108901387
148043,34810.12206878017
148044,35319.51404587064
148045,36541.26424385766
148046,37984.01940423092
148047,39461.76281666048
148048,40569.82907439773
148049,41769.68544583245
148050,42316.088999194806
148051,42354.75973051499
148052,42385.605144266374
148053,42374.10492223921
148054,42465.33041816223
148055,42544.53242515105
148056,42875.33645518878
148057,42953.90095854474
148058,43120.96983294505
148059,42421.60114093716
148060,42383.830351230165
148061,42396.03862321413
148062,42292.35767556493
148063,41859.476407194925
148064,41578.75523957158
148065,41767.26414244306
148066,41786.68035551795
148067,41863.70871912727
148068,42674.62950908844
148069,43484.083740658716
148070,45078.67537721593
148071,45046.67476414229
148072,44727.3169674544
148073,43611.76546266088
148074,43417.98200975133
148075,43425.7964416302
148076,43547.35874166639
148077,43833.97415027725
148078,44824.41584376958
148079,43873.764548878964
148080,43516.72200494642
148081,41396.77458032087
148082,38565.35088219194
148083,37912.361529569396
148084,36996.63394569367
148085,36581.74168867924
148086,35296.79929579244
148087,34478.63390594416
148088,34022.86594636241
148089,34081.83697646434
148090,34053.81251876109
148091,34928.91282882556
148092,35520.47634736459
148093,36653.54424383895
148094,38072.10987339761
148095,39551.66993719754
148096,40625.46497368787
148097,42008.86201024832
148098,42731.70755199554
148099,43079.186088198956
148100,43251.41164409029
148101,43287.3598868087
148102,43306.55701126309
148103,43493.199629799616
148104,43814.018712261444
148105,43928.03732419885
148106,44236.80048489711
148107,43444.552378727865
148108,43309.310988524645
148109,42826.51898140041
148110,41846.41336371456
148111,41206.60250692227
148112,41159.17375262102
148113,41499.04436898639
148114,41525.47208820995
148115,42033.091644051674
148116,42685.78495375662
148117,43623.00031968252
148118,45014.562298691344
148119,44951.80779894558
148120,44606.17960643904
148121,43532.95712352763
148122,42826.78522223333
148123,42845.04161881715
148124,43021.98440189785
148125,43398.669712300456
148126,44489.72149277692
148127,43403.231190534956
148128,42067.78552872875
148129,40034.41717115248
148130,37269.492497279956
148131,36695.61960157575
148132,36024.15591479843
148133,35854.08962166238
148134,34597.49514801956
148135,33968.660351001745
148136,33424.573993389786
148137,33453.49810369907
148138,33449.29380181055
148139,34257.23788368653
148140,34631.2772116637
148141,35509.18065834483
148142,36884.65681286603
148143,38383.024913337744
148144,39537.02859874242
148145,40614.19356257083
148146,41412.38171751299
148147,41674.489384472974
148148,41796.95516090567
148149,41995.264125423775
148150,42161.174794234765
148151,42277.18877539757
148152,42714.093842181035
148153,42589.57179069444
148154,42797.41852361554
148155,41672.00684828171
148156,41408.122514073766
148157,41242.11551890348
148158,40572.23437308325
148159,40197.99574333336
148160,40389.50484007285
148161,40477.876734582795
148162,40504.823179420644
148163,40663.42033199651
148164,41716.82726555533
148165,43182.95341583025
148166,43819.622045432494
148167,43953.0815835021
148168,43829.0084479201
148169,43248.97477106033
148170,43009.848272926065
148171,43192.750496817855
148172,43200.31116510947
148173,43438.0597553479
148174,44572.931773927114
148175,43592.650112521806
148176,41370.22321684299
148177,39532.29186263704
148178,37233.944886109835
148179,36791.30947597177
148180,36304.49750452604
148181,35830.220672525786
148182,34207.75323202682
148183,32891.140375886294
148184,32134.021581122666
148185,32128.18877065388
148186,32160.592580090986
148187,32259.94716961452
148188,32303.33911663607
148189,32315.318088766708
148190,32479.328648864503
148191,32992.095128298184
148192,33856.60389637153
148193,34975.40140828954
148194,35881.04372842095
148195,36215.679060141156
148196,36610.46013631657
148197,36640.932978283905
148198,36837.20037600872
148199,37038.60244680158
148200,38001.06119822415
148201,38335.95118916763
148202,38613.82132525827
148203,37653.50713317427
148204,37423.21774231122
148205,37143.194786367625
148206,37007.44757425846
148207,36545.58930426506
148208,36375.078974137
148209,36517.4430447355
148210,36351.400493308836
148211,36371.53296809645
148212,37481.6736647431
148213,38941.583166607816
148214,40180.55407052471
148215,40758.42527133694
148216,40400.05735017816
148217,40008.619507885756
148218,39745.676164185876
148219,39919.14356149906
148220,39993.991769406755
148221,40328.1704096223
148222,42206.42391713924
148223,41237.48643137027
148224,40330.41174156336
148225,38836.215253559465
148226,36616.62100968636
148227,36131.3088090587
148228,35684.29273811005
148229,35243.305751002874
148230,33513.47734817894
148231,32009.97776584371
148232,31115.90191174283
148233,31026.970519740767
148234,31067.47887389022
148235,30981.531823087476
148236,31079.36369567526
148237,30961.12068982025
148238,30761.302904757053
148239,30477.92088149199
148240,30706.057455154412
148241,31355.663950622344
148242,32824.11172690162
148243,34033.08669935364
148244,34484.36448981012
148245,34423.58808776791
148246,34300.298566444406
148247,33954.310065838334
148248,34775.889650979305
148249,34328.9917248578
148250,33888.27254720432
148251,32138.823379586083
148252,31238.086627273788
148253,30609.42620032748
148254,28703.320008663854
148255,28124.401735035754
148256,28981.02616278138
148257,28967.979796671494
148258,29021.106218505603
148259,29089.192924174582
148260,29480.16396380363
148261,31400.858398395118
148262,32282.52994213784
148263,32364.0179905034
148264,32542.75143782021
148265,32471.74623157107
148266,32333.92619026005
148267,32621.060582134472
148268,32664.092495629495
148269,33679.510175024385
148270,35507.40340510007
148271,34630.202379534996
148272,37772.24554500944
148273,36109.54933696388
148274,33478.083681083226
148275,32743.703142335882
148276,31966.7909222746
148277,31668.44054393018
148278,30517.5722051815
148279,30045.359422536563
148280,29762.836998866354
148281,29747.79876498736
148282,29731.108074796546
148283,30658.239032085956
148284,31158.526712857634
148285,31897.321808714616
148286,33307.31348435688
148287,35515.21099804173
148288,36297.60764874793
148289,37323.58612225116
148290,37726.249550567685
148291,38096.7877139374
148292,37667.61295890239
148293,37582.02678297408
148294,37601.17995540485
148295,37722.49195902181
148296,38325.218167441926
148297,38204.05154733778
148298,38382.6560597372
148299,37179.53171207517
148300,36924.75859502683
148301,36455.96664558781
148302,35910.10624083034
148303,35432.91772012304
148304,35233.27760210265
148305,35240.88997334108
148306,35209.11229825147
148307,35367.418003722734
148308,35706.27765057487
148309,37693.389294237604
148310,39578.395610576146
148311,40218.69191719525
148312,40423.667647056405
148313,40135.40661949666
148314,40127.3860410691
148315,40115.277361022425
148316,40017.679805858126
148317,40373.332484989376
148318,42236.88574197808
148319,41661.5662543098
148320,41046.0752515264
148321,38615.21162806793
148322,35982.050771737384
148323,35188.67292731919
148324,34550.690816517774
148325,34187.17572405105
148326,33103.507491252676
148327,32505.15009057003
148328,32196.91478817939
148329,32306.59571282886
148330,32651.49517118396
148331,33639.65260957653
148332,34357.518778284604
148333,35023.420091341424
148334,36474.715607728314
148335,37751.54538382748
148336,38530.04965611069
148337,39688.841477963455
148338,40323.56226529481
148339,40953.78136915061
148340,40804.82558247432
148341,40654.66360135259
148342,40610.05050001568
148343,40398.08179348233
148344,41219.40299574082
148345,40923.37762762141
148346,40836.80486450249
148347,39254.443044516716
148348,38670.55980598553
148349,38185.40885936317
148350,37382.57999359155
148351,36848.99341626753
148352,36691.161677792916
148353,36429.19991018016
148354,36354.89267176814
148355,36827.15959756116
148356,37449.2338737901
148357,38629.337259935375
148358,40070.31919874217
148359,40087.19284104544
148360,40607.42550870172
148361,40039.007713614905
148362,39803.34898999624
148363,39683.588139431915
148364,39467.06849004748
148365,39611.2073548731
148366,41257.398893374484
148367,40592.70936266979
148368,40887.05013778909
148369,38750.31218377866
148370,36119.64724862761
148371,35400.8753487243
148372,34743.59391093212
148373,34433.57277094934
148374,33266.64591080612
148375,32560.774293493945
148376,32230.366791274144
148377,32364.58820030924
148378,32248.800929448775
148379,33225.66086572127
148380,33778.056148234085
148381,34922.57117236324
148382,36523.13437151732
148383,37404.60127615595
148384,38195.80216898837
148385,39886.46784354387
148386,40720.47325203843
148387,41666.01712644517
148388,41823.2328415995
148389,41902.127464978475
148390,42087.405029444395
148391,42046.30229970523
148392,42572.49371395056
148393,42702.32162253939
148394,42863.337697291834
148395,41713.78876384695
148396,41291.204611591966
148397,41135.516425199385
148398,39946.500521034955
148399,39266.81554245148
148400,38960.92072334217
148401,38967.664224948276
148402,38888.374865179976
148403,39227.62442223741
148404,39570.43550880635
148405,40393.13312288907
148406,42767.91655809889
148407,42936.1628857527
148408,42619.00409124576
148409,41661.7608250369
148410,41195.21664039455
148411,41401.497801658545
148412,41120.64722703317
148413,41290.310894389106
148414,43014.15772463202
148415,42316.18047563741
148416,42103.3370640783
148417,39886.11675210956
148418,37260.613052415785
148419,36587.6946266761
148420,35857.28659801278
148421,35428.21010848225
148422,34308.945246156916
148423,33658.979264436086
148424,33173.76602971017
148425,33306.432936023586
148426,33404.250286382696
148427,34447.32536591751
148428,35047.97577788524
148429,36068.597371734075
148430,37450.193354154806
148431,38883.75011380953
148432,39829.189073448484
148433,41484.36277263812
148434,42048.252172647866
148435,42569.778941398916
148436,42779.54951746195
148437,42438.40676559735
148438,42397.054571410146
148439,42288.30905212603
148440,42640.7218488534
148441,42552.650532849875
148442,42676.24785506768
148443,41622.61039035863
148444,41482.95801898551
148445,41302.81951792036
148446,40508.86346752226
148447,40099.46466076375
148448,39845.45330235646
148449,40166.39538699395
148450,40180.6167005063
148451,40138.699662693994
148452,40342.6312822383
148453,41660.519090337846
148454,43489.23862302391
148455,43847.34422201145
148456,43893.58694704462
148457,43107.04060008586
148458,43008.37090406205
148459,42974.881907197414
148460,42720.81561474847
148461,42775.13833822049
148462,44250.101394641235
148463,43541.67971323701
148464,43138.81730709011
148465,41169.05960910503
148466,38261.39105186315
148467,37503.62841078903
148468,36749.609310309956
148469,36316.92302675384
148470,35103.80189051561
148471,34335.84424733884
148472,33845.826659744605
148473,33860.89439240874
148474,33837.50697873695
148475,34776.429863949634
148476,35236.79088374284
148477,36571.37270964771
148478,37971.298827133985
148479,39410.73850780245
148480,40238.617048341635
148481,41284.47584736419
148482,42073.53079846606
148483,42352.135471198984
148484,42409.77300943438
148485,42388.3515934961
148486,42400.47544967856
148487,42461.826591115394
148488,42950.57617946556
148489,42925.2488171436
148490,43134.62989388879
148491,42042.474430214184
148492,41727.17465356467
148493,41675.993939282926
148494,41404.45976452995
148495,40807.57450623684
148496,40675.54426976729
148497,40912.35407982402
148498,40654.49385604521
148499,40747.88460088862
148500,41523.9877885532
148501,42419.65596071299
148502,43290.090034383225
148503,43380.22901712531
148504,43343.217623570155
148505,43067.05652375434
148506,42802.58541893712
148507,42819.182182412245
148508,42618.17265697273
148509,42815.168217250626
148510,44163.01019269549
148511,43498.36465672038
148512,41775.01510794167
148513,39910.76269794179
148514,37643.810927401624
148515,37145.949206593796
148516,36685.27084942909
148517,36239.20081462522
148518,34605.96904238283
148519,33235.022541917526
148520,32482.14173301599
148521,32422.3327944244
148522,32402.386824332592
148523,32657.932820539478
148524,32817.7030943137
148525,32808.828951183554
148526,32651.15641657776
148527,32985.37602158279
148528,33897.083639752396
148529,35318.09711735973
148530,36413.32571538267
148531,36556.97523403768
148532,36878.471564511696
148533,36875.23754178441
148534,37092.98891457982
148535,37098.075214736724
148536,37320.115741603426
148537,37706.22427731241
148538,37974.797879205114
148539,36352.48969545784
148540,35508.99120337768
148541,35022.98281794786
148542,33880.602048488116
148543,33826.20327905002
148544,33472.30865263271
148545,33844.50103352423
148546,33971.45835015501
148547,34902.9508077699
148548,35614.13154414294
148549,36412.525460315825
148550,37699.60478401676
148551,38383.0043645135
148552,38406.91992784208
148553,37949.137838434486
148554,37819.354289135474
148555,38068.91061747148
148556,37863.07812144508
148557,38364.729060347876
148558,40484.46693298973
148559,39651.13925729838
148560,38940.816579224054
148561,37414.98762367463
148562,35509.770797775396
148563,35050.62162176255
148564,34848.31266294082
148565,34591.26725889814
148566,33036.77995792032
148567,31352.74499706686
148568,30244.81872840606
148569,29750.659949622623
148570,28387.27182386517
148571,27789.773687603338
148572,27602.19672963297
148573,27917.081605096424
148574,27745.920036882686
148575,28078.28744375578
148576,28683.73440427671
148577,29831.201469450014
148578,31425.955204234866
148579,32059.457520408727
148580,31511.718278686185
148581,32160.091213522166
148582,32550.33415231323
148583,32101.713355672528
148584,33016.53139018629
148585,33870.774727091484
148586,34126.08177863738
148587,32192.229828151594
148588,30928.084515903214
148589,29918.98244348319
148590,28183.981597309383
148591,28595.617106554644
148592,28618.407807767813
148593,28555.89985607898
148594,28858.415627222723
148595,29099.3200634282
148596,30338.736723877377
148597,32901.79281739504
148598,34298.76389565358
148599,35832.34288804934
148600,37190.09734798542
148601,37324.208539584346
148602,37515.03784288318
148603,37704.008178115364
148604,37480.198373334075
148605,38037.08708445923
148606,40266.85010874322
148607,39714.696185298984
148608,39878.36870653218
148609,38185.48955248906
148610,35419.184483477584
148611,34913.79880608604
148612,34047.79765383525
148613,33646.47723441009
148614,32522.203791253713
148615,31960.753835338997
148616,31639.84071992325
148617,31616.527923567686
148618,31797.96138360902
148619,32856.40885785368
148620,33470.284338528865
148621,34786.348018980374
148622,35645.02778415938
148623,36908.4291011497
148624,38131.157543161564
148625,39522.06433208406
148626,40250.518123080015
148627,40966.087740359915
148628,41016.65398926441
148629,40992.90478267618
148630,41003.61252005183
148631,41167.834157990066
148632,41469.719930715924
148633,41164.949288163276
148634,41034.93000077384
148635,40117.47824996289
148636,39414.317241410055
148637,39063.47332303229
148638,38134.555570020275
148639,37527.15085459763
148640,37176.329464746894
148641,36777.578110099224
148642,36960.228505492836
148643,37026.8884542308
148644,37559.3814622918
148645,39346.16408005919
148646,40446.4730310405
148647,40730.63032863077
148648,41075.65025423727
148649,40313.861152353835
148650,40073.1223480554
148651,40054.42127759931
148652,39532.52480951022
148653,39902.50199612946
148654,41592.44852947232
148655,41051.65994312533
148656,40507.439502618676
148657,38535.05798973513
148658,35515.569658601766
148659,34749.67297844433
148660,34314.26504702681
148661,33965.26469805889
148662,32872.37877174725
148663,32069.8761764855
148664,31597.992627130872
148665,31334.522208308634
148666,31410.06729201508
148667,32407.08036073744
148668,32909.88048388768
148669,34445.307236609966
148670,36075.653404336554
148671,37077.7041962659
148672,38148.733600773114
148673,39507.21818694986
148674,39979.6693830758
148675,39987.614181225246
148676,39517.41801432459
148677,39248.15430732123
148678,39405.07416629348
148679,38778.76195477088
148680,38831.7946289519
148681,38875.77442774032
148682,38826.63237504037
148683,37657.094129528065
148684,37228.01303249
148685,37352.26666405881
148686,36554.81541490592
148687,36316.800934509156
148688,36106.10615949487
148689,35836.68272974278
148690,36291.383495543436
148691,36432.15315540126
148692,37081.58556539496
148693,38491.64854177077
148694,40029.40923269108
148695,40053.601365428585
148696,40085.828234870794
148697,39735.41815634276
148698,39214.59811957163
148699,38937.22204151606
148700,38119.76339148456
148701,38197.986846466985
148702,39918.343940364946
148703,39301.53947587045
148704,40121.33921186152
148705,37910.63010290369
148706,35117.29865108299
148707,34452.285723330606
148708,34061.01125911938
148709,33745.37627162595
148710,32533.265222789618
148711,32035.873850926775
148712,31645.472514640947
148713,31567.18101782885
148714,31506.054276324267
148715,32593.4286634701
148716,32996.31131029838
148717,34553.549506716525
148718,35929.09489943933
148719,37383.495345674484
148720,38501.50578749335
148721,39719.23881682983
148722,40386.84491780034
148723,40922.63360104381
148724,41074.40939134193
148725,41125.72041712088
148726,40944.08506986003
148727,40681.19579949361
148728,40766.29929825845
148729,40860.419956321624
148730,41049.43863344656
148731,40128.93998705786
148732,39934.57788511897
148733,39772.13594954485
148734,38855.91617797477
148735,38582.959020837334
148736,38020.75609145365
148737,37767.313232897395
148738,37847.99002918145
148739,38062.49594583102
148740,38391.72901574713
148741,39694.00541527942
148742,41204.46155564338
148743,42276.375340171195
148744,42487.62865192383
148745,42172.95116264443
148746,41897.80048256481
148747,41912.842462438784
148748,41031.86966860107
148749,41222.072813179504
148750,43140.00419831563
148751,42532.784818990905
148752,41950.52316556277
148753,39572.24353966569
148754,37164.67585894688
148755,36494.80532840048
148756,35788.27503946186
148757,35279.76254675925
148758,33714.03722549986
148759,33374.8011138071
148760,33179.58506440904
148761,33609.84881778031
148762,33877.314233690726
148763,34980.69478310115
148764,35456.98780822256
148765,36485.22227692961
148766,37384.91614029651
148767,39038.96070924708
148768,39670.532760274604
148769,41052.212659330544
148770,41099.84383406177
148771,41955.79960004474
148772,42111.556427382595
148773,42085.40305551247
148774,41665.06448790636
148775,41656.4409726759
148776,41893.231079463636
148777,41087.19417428023
148778,41021.01002252063
148779,40084.96477437923
148780,39267.2371673992
148781,39092.93417834954
148782,38050.674082308855
148783,37684.25509141414
148784,37357.16862802761
148785,37345.32404613976
148786,37478.74886954936
148787,37667.391605106655
148788,38101.88251212192
148789,39193.68717918468
148790,40551.184880322275
148791,40674.82665665501
148792,41425.41998644098
148793,40986.66522553629
148794,40683.63759242962
148795,40230.66318675409
148796,39717.57084628397
148797,39828.53813990385
148798,41694.37215942919
148799,40998.37637698088
148800,40719.343261164766
148801,39214.68115788587
148802,36589.7280366249
148803,36020.277792108274
148804,35666.21881082357
148805,35307.36096932853
148806,34221.49038485135
148807,33403.06650094314
148808,33101.46383299461
148809,33004.184814283966
148810,32997.36383481989
148811,33918.476903714974
148812,34433.89723934103
148813,35729.82030593635
148814,37344.917016558546
148815,39298.213793518524
148816,39931.13882073386
148817,40949.80679016663
148818,41731.56272420818
148819,42379.127697732205
148820,41712.571616366695
148821,41121.82657064215
148822,40939.08907133799
148823,40741.127203328004
148824,40737.077296851574
148825,40607.607089237594
148826,40677.771206746904
148827,39389.0148131857
148828,38668.492920099314
148829,38267.88041629653
148830,37562.361883699494
148831,37336.576701328755
148832,36853.02239669325
148833,37062.40061731621
148834,37241.90287924343
148835,37870.50184946384
148836,38225.932753729605
148837,39216.57677562353
148838,40310.890245600065
148839,41653.02796601759
148840,41561.913456284165
148841,41530.357923748896
148842,41370.99732510273
148843,41357.59161717666
148844,40568.207508674015
148845,40938.35656907848
148846,42696.065262135344
148847,41922.72460567665
148848,40101.51775149353
148849,38046.62935618415
148850,35923.667422752005
148851,35886.87203739177
148852,35648.32916785446
148853,35452.37326706189
148854,33961.66557934651
148855,32530.480871787833
148856,31933.40110509712
148857,31872.02717459592
148858,31929.429473112712
148859,32222.86909904096
148860,32344.976481123453
148861,32497.433755104605
148862,31464.640816731848
148863,31917.023722123162
148864,33104.31849348737
148865,34321.776816137884
148866,35093.2480185093
148867,35014.98765562742
148868,35097.05970836845
148869,35436.382305984735
148870,35381.70378614787
148871,35385.79275985396
148872,34558.070830565164
148873,34841.21270397877
148874,35042.97473022817
148875,34126.95304442333
148876,34244.460496374515
148877,33942.252720788914
148878,33010.90595846328
148879,32265.44238783262
148880,31764.02641405791
148881,31777.68767985418
148882,32001.16593524053
148883,32232.09741013701
148884,32781.60621006204
148885,33901.242288433146
148886,36035.092113872415
148887,37478.41410434066
148888,37332.41897069169
148889,37890.175968690506
148890,38195.20475467489
148891,38099.60007244338
148892,37371.9338498618
148893,37511.654552107735
148894,39620.77282786793
148895,39161.48718674105
148896,39194.24914655986
148897,37416.811686576
148898,35317.63729910141
148899,34881.74623356199
148900,34363.195300082494
148901,34008.248880853855
148902,32442.822496070778
148903,30940.085476914534
148904,30090.451770059197
148905,30039.896906522557
148906,29969.193822515714
148907,30165.121071669244
148908,30164.27200873372
148909,30062.26609173665
148910,28832.430623754193
148911,28909.575649482234
148912,28951.516891127838
148913,29392.52860003353
148914,30822.36869695147
148915,31715.414869642787
148916,32276.475021232938
148917,33086.81285839357
148918,33390.20771322653
148919,33408.57225719228
148920,34170.7536122056
148921,34967.23978389026
148922,35095.89407859195
148923,33385.099264120516
148924,32265.856585198737
148925,31778.717361130322
148926,30867.338594804023
148927,30420.587735904435
148928,29704.657869623363
148929,29922.45200444219
148930,30122.151717266428
148931,30799.909022832355
148932,31998.485812937924
148933,33424.56323650954
148934,34810.312094190536
148935,35922.57572886401
148936,36613.80312744837
148937,37425.64696128017
148938,38064.42623220769
148939,37950.134214850026
148940,37398.095078458085
148941,37683.13981372165
148942,39662.9305700827
148943,39263.93291184314
148944,39370.80733134238
148945,37590.444032448206
148946,34592.24349938592
148947,33879.932105584754
148948,33173.83451667334
148949,32816.003049723746
148950,31492.87986866113
148951,31115.999330355706
148952,30852.99125826241
148953,31042.660866014303
148954,31578.624101606274
148955,32715.274254213626
148956,33919.07407445777
148957,35786.121600517945
148958,37352.08988906212
148959,39522.95650891588
148960,40531.643414900595
148961,41285.07970529203
148962,42126.28994941566
148963,42993.51655105052
148964,42972.44082440102
148965,42915.1315292273
148966,42908.23285092076
148967,42761.55611319136
148968,43126.943228811426
148969,43023.398508215156
148970,43146.56684191822
148971,41670.92562750146
148972,40718.62345104272
148973,40403.62970913712
148974,39511.04198645134
148975,38839.31747920213
148976,38486.47452467964
148977,38247.50784133641
148978,38279.351002365715
148979,38600.58411543456
148980,39158.977843605964
148981,40403.61408711723
148982,41565.95017701742
148983,41705.36978479354
148984,41477.91655652942
148985,41583.61630605416
148986,41517.30168818903
148987,41088.16685779754
148988,40718.40450553523
148989,41161.7476363549
148990,43012.4118917827
148991,42212.06569844221
148992,41303.8788213492
148993,39398.35085368724
148994,36745.08205074101
148995,36197.177333473956
148996,35735.37538550843
148997,35587.8080734126
148998,34589.51203408051
148999,33771.96657870568
149000,33041.399461701556
149001,33023.54114455458
149002,32925.68027335003
149003,33934.46349464202
149004,35091.75281958833
149005,36994.95579877188
149006,38634.54237257488
149007,40109.77312104661
149008,40472.917169948676
149009,41614.99298636564
149010,42253.568426732185
149011,42915.41855095839
149012,42953.68676997276
149013,42426.1275449331
149014,42451.73817234685
149015,42461.138766841425
149016,42522.96534597515
149017,42365.410097357206
149018,42456.00072946474
149019,41028.53723884927
149020,40491.07320921379
149021,40209.2124841635
149022,39502.62998137655
149023,39114.487047778675
149024,38473.11036624288
149025,38459.644550761135
149026,38505.47156608239
149027,38479.08829881816
149028,39108.08618482163
149029,40497.90400867205
149030,41594.33747623601
149031,41794.7183868331
149032,41579.33575938674
149033,40961.698034341236
149034,40776.572552390695
149035,40546.06891125985
149036,40087.85031983123
149037,40178.281725189154
149038,41913.92131706993
149039,41192.77310618587
149040,40452.5079085633
149041,38369.226278672744
149042,35652.26445352035
149043,34789.140572669334
149044,34241.7041893896
149045,34083.76967368844
149046,32882.230445201065
149047,32325.48767122404
149048,31869.42376559407
149049,31968.839027691698
149050,32005.400828270806
149051,33174.10167827845
149052,34314.75266213637
149053,36633.236640973104
149054,39194.433013483496
149055,40919.208955845745
149056,41356.086160444705
149057,42183.89443890463
149058,42632.96722289744
149059,42802.77520536965
149060,42688.798339209905
149061,42701.575930952196
149062,42591.19919802299
149063,42600.59979251756
149064,42508.856348413945
149065,42344.00102262017
149066,42353.74220079919
149067,41083.698556841344
149068,40259.22659212079
149069,40009.724050912264
149070,39305.204909425636
149071,38919.23012882868
149072,38620.439903396415
149073,38412.74768226435
149074,38689.73076905634
149075,39235.72863895297
149076,39716.370540137636
149077,40861.956066111416
149078,42192.783827300955
149079,42287.816709182494
149080,42108.30374270765
149081,41437.878973177416
149082,42076.39398370408
149083,41194.478747996014
149084,40335.21008341441
149085,40637.81318271176
149086,42112.55580272803
149087,41315.95723951992
149088,40754.03838750622
149089,38451.74476691059
149090,35701.183274579394
149091,34753.37636017019
149092,33945.898765476944
149093,33643.38211909194
149094,32435.892092134698
149095,32088.519058597656
149096,31761.675213964052
149097,31978.82702522006
149098,32048.187625557006
149099,33523.154273562126
149100,35066.33924240275
149101,37058.03374873523
149102,39564.214400270044
149103,40979.1984426116
149104,41321.50277375566
149105,42213.26508316286
149106,42885.07179397229
149107,43462.39120064974
149108,43505.6223024303
149109,43579.79532250024
149110,43745.16963975078
149111,43733.61671668572
149112,43607.56607447933
149113,43199.91814190301
149114,43196.62269241828
149115,41949.95382495087
149116,41267.33533586235
149117,41018.296631269746
149118,40181.61530996053
149119,39730.13370096949
149120,39860.26510648951
149121,39653.096114712745
149122,39882.678337488236
149123,40117.538680630896
149124,42433.98027581245
149125,43207.56094182599
149126,45207.13429998821
149127,45099.56715527808
149128,44667.87642736452
149129,44213.03444794956
149130,43749.8839004339
149131,43342.74256298578
149132,42167.90371733565
149133,42367.1002599654
149134,43818.171112915195
149135,43556.46859271132
149136,42690.45960990927
149137,40847.731442578195
149138,38224.88804378965
149139,37769.55607111011
149140,37549.30891861149
149141,36775.597224144825
149142,35416.34399830392
149143,34756.24676674685
149144,34359.13640422542
149145,34434.49699411553
149146,34503.93994660958
149147,35767.96148333242
149148,37114.99790908449
149149,39657.595179032025
149150,41616.40000173731
149151,43168.44189919671
149152,43649.70593185041
149153,44604.34636296563
149154,45195.60525140051
149155,45599.21816261723
149156,45632.78920316331
149157,45603.11783866239
149158,45448.55297986788
149159,45316.417667110036
149160,45853.25426220926
149161,45717.919588609584
149162,45894.30261610741
149163,45007.94959531624
149164,44726.85549128167
149165,44658.95718375295
149166,43934.63794477173
149167,43172.22485268934
149168,42666.15064161485
149169,42634.12897321917
149170,42715.77365929949
149171,42895.75177422869
149172,43399.01056813953
149173,44409.336328368445
149174,45435.82532737149
149175,45467.89971837741
149176,45204.94097460184
149177,45136.727421555224
149178,44892.11542732246
149179,44642.80613589291
149180,43517.42356296789
149181,43980.20470291577
149182,45321.29075832112
149183,44896.1166038683
149184,43088.287793316435
149185,41257.179204655295
149186,39047.00829817707
149187,38398.47450888533
149188,38160.58647575278
149189,37644.17296017876
149190,36058.232225652835
149191,34753.59281985601
149192,34003.213576797636
149193,33933.01095066464
149194,33938.31068601874
149195,34076.82081844713
149196,34316.83137021366
149197,34411.24923688403
149198,34772.01315871785
149199,35338.654978939536
149200,36172.73767096157
149201,37424.72196320984
149202,38175.47155993389
149203,38152.422295892815
149204,38559.75933072723
149205,38357.96448911514
149206,38133.29600327401
149207,38190.50811681699
149208,39005.03156128283
149209,39271.3222890922
149210,39544.09825429176
149211,38289.38725560783
149212,37969.06987094189
149213,37491.63125293758
149214,36729.40673810006
149215,36356.60544550683
149216,36151.62201588171
149217,35968.61079462322
149218,36142.33508743625
149219,36414.44663446054
149220,37751.99090687316
149221,38504.70615819781
149222,40102.7524115428
149223,40905.58902981579
149224,40901.80456761937
149225,40867.492796907856
149226,40670.61094822072
149227,40555.222999782185
149228,39846.02228211131
149229,40137.99306192248
149230,41915.52805248468
149231,41390.03625194041
149232,41401.26571740384
149233,39642.31381833544
149234,37736.618338215405
149235,37167.72991082165
149236,36850.95928481803
149237,36479.250473849286
149238,34754.23428755577
149239,33324.929044769866
149240,32377.79001538108
149241,32290.65221258538
149242,32297.80421703881
149243,32301.087758452995
149244,32343.702415395175
149245,32582.04240614798
149246,32392.01078840702
149247,32423.349926440595
149248,32628.977526241553
149249,33353.739796208676
149250,34906.543722251685
149251,36004.21816799434
149252,36582.80213304052
149253,36803.578801325144
149254,36812.76052769027
149255,36939.81140350382
149256,37709.61701649815
149257,38192.48556558045
149258,38410.80102782777
149259,37075.83870147267
149260,36673.296627301526
149261,36109.91396429448
149262,36015.59673948995
149263,35888.45794042328
149264,35858.54110752786
149265,36000.42009532255
149266,35946.162191700736
149267,36232.19596693158
149268,36898.11905059198
149269,38111.92420356233
149270,39445.13960193155
149271,40452.04619433982
149272,40513.86675696352
149273,41003.70226675463
149274,40930.0991240486
149275,40569.63244400454
149276,40113.57853634189
149277,40321.90048085984
149278,41909.47852368194
149279,41258.70550783608
149280,41553.172794846665
149281,39809.18052443862
149282,37100.724886851836
149283,36637.75082793358
149284,36003.76606383168
149285,35479.3784285472
149286,34154.936837708505
149287,33672.295013327006
149288,33367.37191307085
149289,33391.265860120264
149290,33582.64972070014
149291,34670.8548645156
149292,36093.8365338833
149293,38737.56572826035
149294,41160.2750054931
149295,42811.23959256757
149296,43749.26170113191
149297,44843.29952425805
149298,45226.94851059727
149299,45455.118888279474
149300,45428.77130834607
149301,45451.46600624837
149302,45500.18790298855
149303,45684.5355586704
149304,46114.11598849486
149305,46026.779428810514
149306,46061.21230091517
149307,45318.3474593977
149308,45117.05577761807
149309,45266.2789644359
149310,44648.0503800276
149311,43769.99960988678
149312,43907.14922775832
149313,44063.02732627987
149314,44014.24211570839
149315,43765.150042553105
149316,44631.25881219503
149317,45918.78744147326
149318,47069.90746935813
149319,46943.65487561925
149320,46682.553781571216
149321,45630.851021782015
149322,44846.30819329929
149323,44537.161631719035
149324,43407.51519991666
149325,43694.98961010992
149326,45383.36178517735
149327,44704.353844570316
149328,42775.660475011544
149329,40744.25468051635
149330,38248.64170184905
149331,37513.187456830325
149332,37100.77798021192
149333,36612.982696622894
149334,35310.89625612957
149335,34682.819792098475
149336,34223.53106724209
149337,34193.284008083865
149338,34241.32688814185
149339,35428.16784859491
149340,36833.967014969116
149341,39187.72685961549
149342,41014.60881071811
149343,42797.51183192336
149344,43096.24032602168
149345,43915.860766876154
149346,44525.28414134261
149347,44885.607598068484
149348,44581.485901644686
149349,44581.33471813259
149350,44503.99972195848
149351,44577.796333473576
149352,44424.22362029784
149353,44312.73475903427
149354,44110.655492116515
149355,43295.33490799869
149356,42912.60439706397
149357,42370.865843745516
149358,41703.9627156545
149359,41160.33573177516
149360,41516.408340878246
149361,41632.90467562455
149362,41382.26355496064
149363,41360.397423516166
149364,43672.76214807188
149365,44645.010771979665
149366,46174.7736302993
149367,46138.23140708889
149368,45907.280777343556
149369,45164.985443446756
149370,44435.790613006626
149371,43926.72795573609
149372,42707.53485802419
149373,43103.66372541567
149374,44656.8295217081
149375,44052.24099212699
149376,42781.12661734982
149377,40637.906131864416
149378,38156.08187409515
149379,37685.79585166603
149380,37276.19451290081
149381,36932.30863229526
149382,35706.93671781337
149383,34904.46465461457
149384,34403.21975834276
149385,34346.922923535174
149386,34364.75318550005
149387,35117.27878276964
149388,36292.741326887684
149389,38611.67640230095
149390,41244.35067874557
149391,43064.412155406586
149392,43305.69841641782
149393,44446.94507890849
149394,45006.20453362702
149395,45611.05703801101
149396,45471.78138189633
149397,45081.9007097773
149398,44907.85072579145
149399,44682.52906107733
149400,45131.13523047465
149401,44909.78496118864
149402,44698.09966175098
149403,43649.723321954436
149404,43191.25004648426
149405,42999.73349415745
149406,42400.564037210104
149407,41701.90494520235
149408,41410.178591027456
149409,41692.03083413848
149410,42828.07322600316
149411,43424.64209554874
149412,44671.80041003228
149413,45692.941961527526
149414,46903.60742697417
149415,46893.0126094581
149416,46733.58405945657
149417,45950.503916326066
149418,45253.62865417593
149419,44536.832814732
149420,43483.14643752952
149421,43620.54857136453
149422,45118.97810066181
149423,44330.32917353474
149424,42848.22825959829
149425,41279.0727643143
149426,38592.46472853081
149427,38070.16302895528
149428,37793.09259209069
149429,37376.95154406582
149430,35963.679676063184
149431,35360.198599535324
149432,34866.176792111444
149433,34865.52596249925
149434,34729.742075983275
149435,35655.99141229394
149436,37029.02424350723
149437,39222.233393794915
149438,41815.21131852014
149439,43389.25646814233
149440,43790.36754509045
149441,45006.865915201575
149442,45214.00025958894
149443,46091.57526403445
149444,46163.20671498437
149445,46214.69487252796
149446,46243.8809905765
149447,45548.50493369033
149448,45937.80637304473
149449,45714.990236840014
149450,45769.63705786883
149451,44629.79281247302
149452,44112.22052709104
149453,43953.3880300073
149454,42824.27779361264
149455,43142.986901570206
149456,43293.92341200249
149457,43405.65769167593
149458,44124.17891845873
149459,44316.0619827718
149460,44725.65394866089
149461,45572.108526379954
149462,47086.32723485527
149463,47302.55415382666
149464,47386.34743475538
149465,46664.95578621446
149466,46169.01133216372
149467,45351.39922649744
149468,43780.204644340294
149469,43801.48277518993
149470,45332.09296045463
149471,44617.3216594086
149472,43462.60312915958
149473,41631.164349858154
149474,39119.1298101367
149475,38467.789021375254
149476,38001.5399971383
149477,37593.93842152487
149478,36300.00606708009
149479,35600.45700470851
149480,35083.10046865963
149481,35079.312923578145
149482,35186.32959201122
149483,36604.586616904955
149484,37837.257609054235
149485,40181.890358277786
149486,42799.86564551125
149487,43944.54966060911
149488,44937.12247817771
149489,45702.7183613779
149490,45591.3174795711
149491,46340.27214303243
149492,46267.673051261234
149493,46353.885484045066
149494,46245.5355161996
149495,46130.482253734845
149496,46305.13574524477
149497,45926.759215476595
149498,45624.82403358781
149499,44456.66821400867
149500,43831.56912027771
149501,43552.96224421293
149502,42496.23289214227
149503,41818.61564132307
149504,41909.96827619178
149505,41933.76945501884
149506,41874.629142732134
149507,42315.61055161982
149508,42725.396955915385
149509,43840.98719578661
149510,44990.559257068955
149511,45397.839554047256
149512,45510.25125667114
149513,45674.05350887692
149514,45414.250796625085
149515,44656.7929803594
149516,43350.23496855852
149517,43820.21052123266
149518,45382.81730882158
149519,45013.58493735899
149520,43074.29698292515
149521,41076.98446535706
149522,38928.98872398637
149523,38467.55619704799
149524,38030.54669209349
149525,37569.331965761165
149526,35980.8207226778
149527,34793.49928781534
149528,33797.540090398536
149529,33693.52856075609
149530,33656.21162800198
149531,34118.742518221836
149532,34274.16858745472
149533,34698.0173826025
149534,35194.51411505902
149535,35492.40538475762
149536,36063.09528556569
149537,37268.85685234495
149538,38034.55741163534
149539,38359.16306433893
149540,38694.452054915
149541,38578.44016669349
149542,38332.09141231309
149543,38342.732695328144
149544,38711.22279185031
149545,39025.109394754385
149546,39204.184602479894
149547,37906.946564847785
149548,37421.80509362628
149549,36889.71515674083
149550,35814.33597669719
149551,35848.57745627729
149552,35354.06888840037
149553,35887.64622579814
149554,35968.66132358452
149555,36420.05618700025
149556,37338.60678689864
149557,38470.400271166465
149558,40434.34251066785
149559,41579.582004844306
149560,41536.711303792064
149561,41576.80095576166
149562,41411.02979840149
149563,40747.28984558022
149564,39896.67278290695
149565,39982.93614705605
149566,41938.505658350725
149567,41506.18037852661
149568,41812.93050401097
149569,40154.62581396592
149570,38012.661287951996
149571,37448.28967936921
149572,37044.10899594986
149573,36667.15044765727
149574,34901.449333318094
149575,33490.95794120112
149576,32475.40898494761
149577,32422.263233377078
149578,32429.415237830508
149579,32569.187903569054
149580,32611.80256051123
149581,33094.55091077416
149582,33251.62798864599
149583,33235.64993398675
149584,33041.80360103776
149585,33882.63372645034
149586,35228.224213616704
149587,36272.76336356546
149588,36954.26237011421
149589,37222.20106798916
149590,37285.78473408317
149591,37416.93868352786
149592,38360.349902964095
149593,38885.82506801995
149594,39019.26475586795
149595,37653.08495501246
149596,37000.75838143421
149597,36200.6059175837
149598,36081.06545642859
149599,35882.23827287525
149600,35416.214141522454
149601,35419.26410664273
149602,35385.084232254485
149603,35564.54631581417
149604,36350.91278343
149605,37684.54243275819
149606,39460.50835824939
149607,40819.05766566344
149608,41248.82330406189
149609,41422.06245884586
149610,40966.0667692995
149611,40334.82604319611
149612,39435.60926083038
149613,39371.41267873423
149614,41229.30291211571
149615,40663.72367782047
149616,40878.282698174655
149617,39178.52147966864
149618,36669.32958010377
149619,36136.677861240605
149620,35300.00053028758
149621,34838.66043724097
149622,33649.688078337735
149623,33141.484964677395
149624,32664.773441190784
149625,32577.34868110466
149626,32776.42171880698
149627,34089.51640497887
149628,35683.29317666077
149629,38621.81196296238
149630,41603.14508572783
149631,43417.72733911756
149632,44196.81261470619
149633,45163.22054137321
149634,45747.72031260334
149635,46190.06907071195
149636,46118.73942152367
149637,45882.863523028835
149638,45969.70585469387
149639,45790.58738339224
149640,46059.202839146485
149641,46108.038009783646
149642,46328.18052039117
149643,45443.84075495268
149644,45347.96929942836
149645,45241.44435141049
149646,44351.7364184789
149647,43625.98963597732
149648,43513.5062549107
149649,43504.350702854455
149650,43444.99892442468
149651,43605.454654267116
149652,44208.18144643591
149653,45591.88358499924
149654,47039.27828908842
149655,47006.12175985901
149656,46934.45013420593
149657,46123.77753783887
149658,44984.17186680754
149659,43881.8026138007
149660,42841.652163430896
149661,42924.469835271004
149662,44655.29686384484
149663,44152.22733470365
149664,42630.33372444717
149665,40630.60078612867
149666,38125.24691351476
149667,37399.79871989738
149668,37193.14747747553
149669,36618.513733029475
149670,35285.32186067873
149671,34826.05123817941
149672,34676.8301421584
149673,34680.23973351457
149674,34940.39457572913
149675,36331.96462731659
149676,37856.96243221211
149677,40122.845769992484
149678,42432.11654147662
149679,44022.992760224064
149680,44787.94394046645
149681,46026.518761381565
149682,46288.27446236276
149683,46448.73327452005
149684,46491.220405335574
149685,46407.154516549475
149686,46444.88491113339
149687,46630.08035118127
149688,47296.54413897923
149689,47204.59113218729
149690,47163.761257521015
149691,46117.16093708918
149692,45788.92404709175
149693,45725.99216262583
149694,45057.51178222838
149695,44908.38210334181
149696,44368.65442465124
149697,44547.03935653497
149698,44585.44748957612
149699,44670.5546203197
149700,44943.76368726647
149701,45981.92883626285
149702,47690.510614828876
149703,47880.62355090169
149704,47903.81347421688
149705,47160.07620218199
149706,46532.54709082113
149707,45535.359680248854
149708,44242.27187375336
149709,44303.15850473551
149710,45668.557334519464
149711,44694.716332788434
149712,43177.663570685385
149713,41200.58422039488
149714,38886.55333777893
149715,38211.03290595963
149716,37893.6138847779
149717,37460.04337344159
149718,36118.741864291944
149719,35397.87266367163
149720,34936.909015952224
149721,34938.68004043236
149722,34857.091368861074
149723,35760.14099495593
149724,36968.32843751762
149725,39374.80843078928
149726,41861.03046596225
149727,43469.4166428758
149728,44024.13711359667
149729,45392.80088805565
149730,45557.28027137015
149731,46456.24933831839
149732,46591.60505303516
149733,46574.56043985067
149734,46771.513546844355
149735,46856.75714642398
149736,47626.92115748186
149737,47370.7132731247
149738,47254.61889091913
149739,46233.55541549042
149740,45790.946069207646
149741,45045.25171865747
149742,43642.544758909135
149743,44010.1390465961
149744,43729.39976576295
149745,43589.92560554432
149746,44431.91248763691
149747,44530.50914355163
149748,45066.97750057513
149749,46095.889732713484
149750,47601.84451294053
149751,47821.35146407221
149752,47954.61885322821
149753,47141.51203784786
149754,46428.95436092393
149755,45381.542445204024
149756,43868.66918823148
149757,43906.43064907346
149758,45758.96800963845
149759,44984.34373155711
149760,43738.278695797126
149761,42291.631951689
149762,39977.36910626894
149763,39340.06122239636
149764,38550.87100043603
149765,38374.89299122024
149766,36935.75111273241
149767,36195.19132533401
149768,35576.964377197866
149769,35544.083824220004
149770,35510.93483910674
149771,36737.659796392036
149772,38221.408823304504
149773,41053.51679661845
149774,43658.40325766619
149775,45302.24432647694
149776,45751.47364604753
149777,46531.55395861798
149778,46833.0775254733
149779,47045.99162678138
149780,47089.14810761978
149781,47065.73376791975
149782,47041.97070822748
149783,47062.74906594212
149784,47301.04507921185
149785,47136.07706282036
149786,47137.006839096684
149787,46558.83473843088
149788,46132.73776747894
149789,45856.86707127285
149790,45180.69724779182
149791,45092.57615174824
149792,44736.14687006078
149793,44593.94568423179
149794,44487.51100156706
149795,44643.86711175204
149796,44914.18383189593
149797,45689.4537753311
149798,47772.5561381267
149799,48108.394638470105
149800,48338.593271262085
149801,47757.332328216464
149802,47196.503594180904
149803,45949.02266804299
149804,44360.2063553339
149805,44371.40775902364
149806,46001.514316051245
149807,45492.180795800516
149808,44293.287044513454
149809,42661.76371833628
149810,40041.69678207503
149811,39298.03162974936
149812,38811.935915735245
149813,38313.17022303752
149814,36989.53742312634
149815,36331.44658315968
149816,35665.01757593812
149817,35665.01757593812
149818,35679.02241718501
149819,37140.81719195501
149820,38445.46409068384
149821,41002.190216847805
149822,43576.09302052826
149823,45662.909546344694
149824,46905.061182196194
149825,46965.209071249265
149826,47262.06394767133
149827,47352.65404165337
149828,47269.07364153445
149829,47227.73205188832
149830,46994.29941819198
149831,47013.19000037452
149832,47262.38887089795
149833,46887.40244273762
149834,46748.504232428626
149835,45854.789444002396
149836,45026.32265501249
149837,44858.22045783893
149838,43760.562004391206
149839,43955.2050624661
149840,43646.1820625783
149841,43376.83783333562
149842,43489.0578312655
149843,43866.46280876237
149844,44581.177211169306
149845,45575.01389114609
149846,46710.960190481775
149847,46963.78590177478
149848,47024.22090453029
149849,46778.842364401105
149850,46450.78934891866
149851,45696.06414970414
149852,44426.88829356734
149853,44351.030714315464
149854,45879.72614604448
149855,45352.34352939652
149856,43534.3154145361
149857,41755.88633749468
149858,39520.87804130914
149859,39059.2931592772
149860,38597.29176523945
149861,38156.297642366735
149862,36556.27772909164
149863,35276.35314686184
149864,34184.87222733091
149865,34047.62248635647
149866,34021.94723260099
149867,34529.429165817266
149868,34710.84801390194
149869,35439.764806378116
149870,35926.473137860485
149871,36583.09540364276
149872,36921.15677088356
149873,38371.35956701455
149874,39292.988491025186
149875,39019.36594600046
149876,39383.25280608723
149877,39396.56572788758
149878,39316.60775551876
149879,39316.960424293735
149880,39785.39931639089
149881,40010.164229869406
149882,40242.185528987866
149883,38970.72182991729
149884,38505.92208754634
149885,38156.92962786607
149886,37426.70845183578
149887,37230.60985661764
149888,36585.967108989564
149889,36562.62580436961
149890,36602.183171897945
149891,37068.441352785674
149892,37736.149461414345
149893,38704.957850690174
149894,40338.949205684905
149895,41403.52410892353
149896,41645.04296926421
149897,41628.98449806394
149898,41331.96337159263
149899,40224.09080543614
149900,39189.491539610324
149901,39364.11586212553
149902,41255.9953790626
149903,40769.57220400614
149904,40635.43107396597
149905,39256.53260183168
149906,37217.139430219046
149907,36765.492599640645
149908,36406.15879716331
149909,36036.17985259878
149910,34386.7763005095
149911,32375.345786683713
149912,30837.66742551523
149913,30627.8941335492
149914,30280.240858369172
149915,30191.52626876171
149916,29547.912489450093
149917,29985.091788385475
149918,29821.636745870062
149919,30174.42827107035
149920,30939.31365333756
149921,32628.735327417984
149922,33813.024387072815
149923,34551.97304104525
149924,35214.81131955553
149925,35859.41894512324
149926,36290.4341230641
149927,36367.27898605793
149928,37102.6829917435
149929,38036.96159544861
149930,38433.64050931459
149931,36543.82404714088
149932,35552.02406610493
149933,34944.390332000934
149934,34204.48881542894
149935,33684.82546529278
149936,33285.282682928206
149937,33293.36752495962
149938,34318.09179317904
149939,34654.12423502599
149940,35477.58438943677
149941,36960.217482096625
149942,38692.931939825794
149943,40272.67850437396
149944,40523.1383303166
149945,40550.03902090765
149946,40410.01593824861
149947,39243.79536803009
149948,38498.53667559232
149949,38701.03769143468
149950,40643.07303832706
149951,40149.55835555456
149952,40310.7564017157
149953,39047.4720445134
149954,36370.043252780044
149955,35864.76643021147
149956,35461.250865221875
149957,35150.856700742464
149958,34096.38985231515
149959,33587.804443581415
149960,33252.23812916405
149961,33022.7685965439
149962,33176.617449433405
149963,34538.570448836974
149964,36066.48576644838
149965,38583.89115824378
149966,41454.14507799051
149967,43801.859709787095
149968,44715.36913500255
149969,46113.082836680944
149970,46797.039777540966
149971,47161.56666284645
149972,46790.4813891954
149973,46702.46305323391
149974,46635.670613529415
149975,46449.04661274611
149976,46981.031939513174
149977,46630.665898905965
149978,46349.69478699287
149979,44788.02803271632
149980,44058.63306228008
149981,43957.3696388089
149982,42691.47665387062
149983,41967.25980136942
149984,41333.43178800667
149985,41744.60583281395
149986,41686.113339127165
149987,42446.75916588601
149988,43531.73291573094
149989,44915.96911313343
149990,47118.02943683217
149991,47355.00236391148
149992,47478.14298593979
149993,46701.95691368551
149994,45816.04053910426
149995,43561.2250402682
149996,41999.084324073105
149997,41997.0157083411
149998,43913.75509386998
149999,43153.56015450968
150000,42121.56856088558
150001,40338.1481483673
150002,37892.95127572227
150003,37255.90323561279
150004,37136.96473702711
150005,37173.36677066372
150006,35984.79656313969
150007,35197.238781082655
150008,34709.01828613385
150009,34686.35256333754
150010,34680.703799061004
150011,35873.405949224645
150012,37215.99015483072
150013,39413.20990365727
150014,41383.49510064265
150015,43501.88988825845
150016,44697.58030894745
150017,45593.71163771587
150018,46414.867468623925
150019,47243.94737112713
150020,46902.38613757336
150021,46557.95191589865
150022,46458.81155636439
150023,46198.04371112415
150024,46419.66791668648
150025,45735.42434067994
150026,45505.22496521985
150027,44119.41826721886
150028,43313.783907128054
150029,43090.94438635166
150030,42161.448336890775
150031,41412.27922219322
150032,42109.21568955702
150033,42326.060746790405
150034,42741.01466329462
150035,43775.659201832335
150036,44675.797511264835
150037,45838.86073378307
150038,47909.519149531756
150039,48237.08582649464
150040,48479.04326657583
150041,47483.50941325801
150042,46260.95946402762
150043,44609.92788719381
150044,42627.9810939337
150045,42672.978837735405
150046,44475.4523416829
150047,43895.59153940757
150048,43864.85780297158
150049,41803.158363008115
150050,39646.35449589518
150051,38623.770655348315
150052,38107.14783928617
150053,37751.4060608555
150054,36249.128286213505
150055,35704.893540256504
150056,35265.42134374999
150057,35265.42134374999
150058,35376.95635656041
150059,36606.00445779269
150060,38161.45314458896
150061,40781.24057952124
150062,42815.699228189216
150063,45182.68144318111
150064,46415.488923830686
150065,47884.45006217838
150066,48060.87844492316
150067,48240.38027593291
150068,47520.85255661598
150069,47210.508751183996
150070,46782.955253270935
150071,46582.05715626677
150072,46768.7831010252
150073,46411.561859886155
150074,46470.9118294057
150075,45613.794944106616
150076,45165.43460489745
150077,44994.9257022872
150078,44545.58860822752
150079,44281.148483784666
150080,44015.494285451474
150081,43572.81102290278
150082,43581.24787260458
150083,43702.598960634205
150084,44295.64829403545
150085,45498.37406746637
150086,48202.77527154569
150087,48380.345861726586
150088,48489.649526889574
150089,47719.81468372013
150090,46810.90560538967
150091,45405.39409612551
150092,43559.77594175975
150093,43324.26334024554
150094,44878.65661129425
150095,44074.37902752482
150096,44216.22830222338
150097,42182.69987807171
150098,39998.08774816445
150099,39068.971743420516
150100,38099.06130442893
150101,37426.25237059794
150102,36020.34357544337
150103,35435.2985537569
150104,35018.22885496005
150105,35096.05323152118
150106,35186.04411317026
150107,36325.96750962059
150108,38301.02587588595
150109,41022.86301534019
150110,43152.11045980312
150111,45303.05390807369
150112,46661.45685356561
150113,47392.82630163025
150114,47204.60806558709
150115,47176.61735291225
150116,47008.47267638941
150117,46760.447003783935
150118,46451.57897902872
150119,46457.581997269386
150120,46435.04254275978
150121,46218.09538923403
150122,46277.445358753575
150123,45317.65282021482
150124,44749.362403328545
150125,44652.56989334104
150126,44050.32645053222
150127,43533.57754194734
150128,43319.42839736846
150129,43225.714895675235
150130,43155.73257323214
150131,43600.426730698564
150132,44312.421366313756
150133,45387.79744396873
150134,47886.69668258896
150135,48580.89829374768
150136,48918.51852938334
150137,47990.99679655373
150138,47153.840503484535
150139,45877.50881731848
150140,44234.92156487956
150141,44175.766342260846
150142,45511.8326240074
150143,44819.59285176425
150144,43892.13490311286
150145,42173.56946069937
150146,39757.902557660746
150147,39041.40197708264
150148,38582.097716584336
150149,38106.00442462432
150150,36797.280432952946
150151,36120.11769013484
150152,35465.10459674234
150153,35465.10459674234
150154,35465.11629534744
150155,36776.73650093526
150156,38074.78926047649
150157,40865.002858284526
150158,43572.15069713282
150159,45834.2444828737
150160,47040.21230011647
150161,47473.44788423716
150162,47370.24854627214
150163,47368.04141945967
150164,47186.13624412864
150165,47059.83382040126
150166,46749.097535935216
150167,46744.30341666944
150168,46717.54155044216
150169,46346.91794790227
150170,46371.551336830285
150171,45185.407264339425
150172,44598.650842051684
150173,44502.62710395284
150174,43593.95429014469
150175,43545.446126944385
150176,43315.22204875796
150177,43293.663853724334
150178,43368.64840807172
150179,43670.08501271171
150180,44574.19890375212
150181,45446.00688232482
150182,46806.02661757835
150183,47084.13135576238
150184,47454.00979130706
150185,46930.519181409065
150186,46112.32208082931
150187,45229.829683656775
150188,43991.329335676215
150189,43952.2834602865
150190,45563.75843749403
150191,44999.25827867746
150192,43311.60223841909
150193,41425.53818952546
150194,39447.72498602608
150195,38970.63270103967
150196,38489.556667509256
150197,38149.48886684185
150198,36670.13709855146
150199,35200.81801013945
150200,34119.56788379222
150201,34068.1158136548
150202,34128.307764474615
150203,35085.90778487114
150204,35263.93277426945
150205,35760.69447542304
150206,36326.34122618146
150207,36793.97273356563
150208,37300.522421767455
150209,38435.33811199789
150210,39240.41265215616
150211,39519.89659872613
150212,39774.25529204159
150213,39684.32467987076
150214,39336.771392203016
150215,39418.7342086382
150216,40164.29321242209
150217,40371.63994852897
150218,40689.11632571082
150219,39610.812449603785
150220,39418.651997569345
150221,39094.53756473101
150222,38578.49318635133
150223,38196.02679118122
150224,38064.46966599902
150225,38165.971005452644
150226,38110.74254108142
150227,38271.72805370513
150228,38949.40241612686
150229,40050.63337010781
150230,41476.89414662313
150231,42415.04632123991
150232,42615.32127539915
150233,41717.009693101325
150234,41115.732489172035
150235,40250.944885404184
150236,39328.26950763581
150237,39583.7685076893
150238,41548.72444141816
150239,41085.07329903116
150240,40958.3142341655
150241,39573.85283312405
150242,37676.3397114082
150243,37180.7487430668
150244,36941.95393864443
150245,36714.14238741356
150246,35062.16525359837
150247,33194.09376658972
150248,32005.135471459318
150249,31572.26650198063
150250,31223.383266863784
150251,31124.593354241057
150252,30989.262858239224
150253,31300.741240268628
150254,31313.81125518769
150255,30816.521797844092
150256,31187.2735863799
150257,32688.20764085747
150258,34738.611681076145
150259,35324.32642844988
150260,36189.85544853317
150261,36733.88872667011
150262,36872.08615731608
150263,36705.17466944802
150264,36986.62823791986
150265,37694.544740969606
150266,38359.17073467149
150267,37081.33008436587
150268,36131.68259654351
150269,34663.63879349792
150270,34023.635637042185
150271,33843.17678470316
150272,34308.53916416831
150273,34689.33536183338
150274,34733.00837761229
150275,35316.58132373554
150276,36424.86698494336
150277,37634.51767031702
150278,39219.34850209821
150279,40598.138920809295
150280,40960.9086372473
150281,41060.0013967751
150282,40862.30353301882
150283,39506.601015741435
150284,38101.80316875708
150285,38073.07721008178
150286,39879.74896454957
150287,39296.22102179865
150288,38985.31876733305
150289,37290.0257653771
150290,34174.54082674455
150291,33412.30335809141
150292,32908.26856919762
150293,32858.56621718419
150294,31788.24705123273
150295,31143.368047784057
150296,30624.8350125741
150297,30505.191887703324
150298,30633.4299822285
150299,31855.50923290026
150300,33394.50657879512
150301,36215.12320984537
150302,38817.888336311706
150303,40785.68664894122
150304,41884.175348983925
150305,42962.807192271306
150306,44192.32330245062
150307,44346.59032796375
150308,44261.46862086066
150309,43385.65442090903
150310,43003.22987539259
150311,42282.84806382129
150312,42093.20106247741
150313,41635.330287218254
150314,41891.17631673046
150315,40512.383285405325
150316,40370.64995490591
150317,40209.847592306796
150318,39165.59949897819
150319,39338.773752883724
150320,39330.01095823759
150321,39260.3796799894
150322,40082.19752542858
150323,40772.4952051345
150324,42719.83938411486
150325,44679.18704914373
150326,47265.49691322968
150327,47840.29509356525
150328,48055.17460283154
150329,46960.87430463939
150330,45590.61748132765
150331,43571.111263018
150332,41911.87900853666
150333,41991.96148963352
150334,44012.06574192552
150335,43515.40553383078
150336,43663.435270635564
150337,41456.86504769342
150338,39170.05546035605
150339,38346.734062612515
150340,38033.3717433738
150341,37607.6367343364
150342,36268.47368230727
150343,35694.94747757521
150344,35136.29440134649
150345,35159.38892512281
150346,35220.73278253917
150347,36758.00286842672
150348,38319.744299921134
150349,41057.43184261975
150350,44052.801085342
150351,46757.92247006633
150352,47723.96820221704
150353,49135.99365202737
150354,49728.26386211993
150355,49742.75514088443
150356,49647.60952740543
150357,49131.00860823516
150358,48475.31724344732
150359,47955.55167798085
150360,48287.05100343673
150361,47732.87481525316
150362,47726.61323915452
150363,45683.86830585571
150364,44514.98584676222
150365,43585.670321783015
150366,42804.730347806886
150367,42961.86764087629
150368,43457.72994819428
150369,43343.72706987474
150370,43716.7334290183
150371,44311.115356088536
150372,45255.03926783648
150373,46602.104834422935
150374,49174.220327943134
150375,49348.44294896653
150376,49660.733296556435
150377,48378.0332480242
150378,46578.449995333765
150379,44452.79277361911
150380,42683.22807776195
150381,42826.121930318666
150382,44566.86455670007
150383,43755.43906956608
150384,42852.71396383929
150385,40755.59177777928
150386,37879.74274519165
150387,36557.94925340708
150388,35853.00644165403
150389,35319.96007454663
150390,33684.8569209717
150391,32949.454956115114
150392,32595.917887918305
150393,32821.77382816457
150394,32983.250246874566
150395,34715.809334098005
150396,36377.19598504166
150397,38381.710925844534
150398,42324.09641580436
150399,44909.446855359754
150400,46096.32335213205
150401,46064.07923687554
150402,45913.2523465332
150403,46027.38089164522
150404,45746.847736723044
150405,44359.399307267144
150406,44129.862767654595
150407,43718.87657252314
150408,43576.708675410504
150409,43100.77188442344
150410,43170.91523131549
150411,41233.32630742955
150412,40736.54260659806
150413,40796.625604432775
150414,39768.04049114827
150415,40057.776274450305
150416,40445.08379245449
150417,40992.93146712901
150418,41046.50024702197
150419,42528.61242454682
150420,44852.77753980807
150421,46960.40521321851
150422,49866.36217005939
150423,50636.55783739194
150424,51574.79275295398
150425,50026.202425148236
150426,47902.99960421922
150427,45956.93068230282
150428,44681.18689772383
150429,44831.572670252135
150430,46733.245526591716
150431,47181.55300845784
150432,45859.10121324395
150433,43192.1113730478
150434,42924.4889397145
150435,42247.62316868394
150436,41568.433802355765
150437,40968.06768552961
150438,39757.92008483684
150439,39193.298772360184
150440,38413.392412909016
150441,38775.54544640448
150442,38799.187328117274
150443,40667.98078587547
150444,41922.90262630185
150445,45838.708848237766
150446,48445.043292970186
150447,50591.8450771538
150448,51041.55340639033
150449,51440.94135628556
150450,50468.63221454449
150451,50968.57368708257
150452,50662.31716796973
150453,49910.785814767485
150454,49706.27016625705
150455,48699.06670384181
150456,48314.62344563012
150457,47771.6216943715
150458,47730.22296023175
150459,45239.3716090568
150460,44099.999813012335
150461,43688.08422894452
150462,42902.098391186286
150463,44021.875841250796
150464,43831.03400672743
150465,44120.74671780407
150466,44092.436838052454
150467,44940.56772270139
150468,45568.698078930385
150469,47193.48490787887
150470,49964.349052077494
150471,51277.19909996999
150472,51503.12909775062
150473,49806.76551903632
150474,47559.14199675139
150475,45974.59244658208
150476,44187.55023558869
150477,44211.81269364028
150478,46257.90497782585
150479,45767.378491661664
150480,44586.67371588533
150481,42312.68075005134
150482,39258.52544963875
150483,38377.39441847648
150484,37360.82322159917
150485,36642.97806778523
150486,35580.260239466304
150487,34877.67867879622
150488,33986.64757982483
150489,33992.50108313198
150490,34242.41211125305
150491,35747.94870992311
150492,36941.21048192617
150493,39256.09523448088
150494,43936.15768620493
150495,48354.190930837256
150496,49294.93801146949
150497,49137.11628881887
150498,49817.286651014234
150499,49661.48589789112
150500,49439.41382363195
150501,49245.69750424877
150502,48232.84192433628
150503,47793.98467766594
150504,46998.86227866134
150505,47509.097986685
150506,47782.54385624342
150507,45418.8773324537
150508,44837.3835553644
150509,44732.61882117662
150510,43971.60984913932
150511,43387.1022876338
150512,43629.738177276435
150513,44599.768394961524
150514,45268.3264636891
150515,45676.394070627815
150516,46369.09143779617
150517,47756.106951811766
150518,49366.4923074664
150519,49958.38291525501
150520,50437.341954868876
150521,49411.49468346966
150522,47980.207827803926
150523,46439.02637701383
150524,45428.231282821536
150525,45554.24987460463
150526,47481.57698861897
150527,46922.168449294484
150528,44965.62744503255
150529,43203.61781310765
150530,41287.527164670566
150531,40944.534926960114
150532,40361.338636559936
150533,39877.19994848103
150534,38426.49534202304
150535,36423.87132485916
150536,35104.396035810605
150537,34880.950023738864
150538,34142.76865260901
150539,33955.015425317215
150540,33961.97245233571
150541,34504.69718416974
150542,35209.6505472618
150543,35218.939216387065
150544,35355.43804794018
150545,36515.92425002234
150546,36733.48757795245
150547,36031.9369242562
150548,35485.762792112095
150549,35813.10716706471
150550,34736.68470436816
150551,34113.74214354193
150552,34401.966402652586
150553,34540.24990292782
150554,35068.62996383035
150555,33281.12878265038
150556,32059.774060419215
150557,31344.697556898944
150558,30201.409833194266
150559,29528.944342946874
150560,29448.93867214686
150561,29355.59105401459
150562,29509.048027510573
150563,29562.97698980996
150564,30506.925951698817
150565,32341.47510275829
150566,35304.116258402784
150567,35800.51114206277
150568,36402.393349596554
150569,35211.61439271614
150570,34933.708506232455
150571,33499.07888639876
150572,32666.605636417113
150573,33254.905125554826
150574,35352.095826471625
150575,35034.872000555755
150576,34743.52742554915
150577,33191.71213520098
150578,31505.090401604444
150579,30817.881451572874
150580,30259.512958342988
150581,29645.740893929004
150582,29339.31838647598
150583,28265.676755598153
150584,27358.149517012083
150585,27163.195614107633
150586,27040.058032604604
150587,27136.931996027095
150588,27025.90845401293
150589,27286.900438531997
150590,26872.991090147632
150591,26913.48425518534
150592,27322.614427003085
150593,28483.16914632817
150594,29893.610171703844
150595,31095.904845963705
150596,32204.948719953838
150597,33523.908458170066
150598,34297.814403848075
150599,34601.90919079873
150600,35884.34488881491
150601,36645.937647850995
150602,36852.473916521354
150603,35485.42299081015
150604,33957.35383206871
150605,33324.98647244506
150606,31811.6914243884
150607,32858.43377684569
150608,33131.65040412335
150609,34306.148416283264
150610,35500.242637845564
150611,36938.11246797541
150612,38990.4988094692
150613,40046.036961664664
150614,41512.233231314196
150615,42100.692841905926
150616,41934.6439271715
150617,41205.54915210494
150618,41112.88418107127
150619,39596.512275603665
150620,38419.65724138341
150621,39437.44929503552
150622,41772.55894347219
150623,41449.76608674174
150624,41191.42829196957
150625,39521.653121392636
150626,36330.33150246711
150627,35605.87615608243
150628,35162.863950171544
150629,34683.87358668158
150630,33498.36844250122
150631,33083.72476684395
150632,32563.85254721568
150633,32594.812785988313
150634,33201.086656322645
150635,34525.71621961669
150636,36266.10466898637
150637,39123.47379019551
150638,43840.999708978685
150639,48324.64624614509
150640,49342.063622067086
150641,50274.05875255001
150642,50072.46079550677
150643,50464.09760781786
150644,50364.52030473024
150645,50383.99440924581
150646,49481.75649642124
150647,49341.99956803478
150648,49399.86834524737
150649,48968.740389818726
150650,49618.36394917205
150651,47394.85111585398
150652,46688.3343423349
150653,46068.07022854583
150654,45226.29538306065
150655,44720.31751679305
150656,43747.10767754101
150657,43991.94637504814
150658,44785.91120515529
150659,46255.64648219886
150660,47136.08389474658
150661,48657.76635903879
150662,50958.539182180444
150663,51555.98568710606
150664,52054.873343080275
150665,49610.26078411993
150666,47769.326365421606
150667,45651.467637074806
150668,43470.22558680457
150669,43086.24466025076
150670,44686.77046951712
150671,43936.298703848
150672,41902.391218181816
150673,39842.67826472611
150674,37069.098610686386
150675,36203.90810843347
150676,35579.387245728394
150677,35245.87348185205
150678,33645.43618535854
150679,32840.15249256437
150680,32448.29714714539
150681,32314.641209838454
150682,32221.184926433547
150683,33859.84885005177
150684,35573.455602323425
150685,38606.89145279502
150686,42998.4328438476
150687,46228.68341858356
150688,47663.51671977343
150689,47659.97504713786
150690,47941.25793398247
150691,47960.58178924849
150692,47735.03616893942
150693,46941.59255466209
150694,46787.061481772864
150695,45593.382706636134
150696,45427.33356743531
150697,45435.923888063364
150698,45591.06777034156
150699,43406.54385478268
150700,43187.8245633723
150701,43048.769579621796
150702,41681.107375407846
150703,41690.00388869059
150704,40960.49992466312
150705,40749.07922312673
150706,41348.3519654474
150707,42209.30214777991
150708,44068.27734759238
150709,46285.62262691003
150710,49039.98768326422
150711,49997.10256591496
150712,50592.63909991831
150713,48648.39161148736
150714,46402.77083092471
150715,44501.705863080824
150716,43159.85837187622
150717,43219.9951081967
150718,45247.130202309905
150719,44524.10488714109
150720,42554.63100544671
150721,40331.51623873346
150722,36999.870112354605
150723,36061.436677992475
150724,35534.71399255678
150725,35052.06808948191
150726,33733.8739046158
150727,32968.97863349462
150728,31961.518253091075
150729,32049.695292294266
150730,32256.923772923215
150731,34165.98645818362
150732,35205.756303639595
150733,37515.41404892029
150734,42724.86892003176
150735,46328.467565098654
150736,47253.46188537905
150737,48549.65302821847
150738,48369.8845969536
150739,48298.55771831162
150740,48400.62558438918
150741,47766.98076215697
150742,47243.17085467699
150743,46456.72055583307
150744,46735.029786620915
150745,46405.18396495135
150746,46447.69376789912
150747,44548.61524613136
150748,43927.728078804656
150749,43874.11007695253
150750,42874.69601767769
150751,42230.2180383948
150752,41862.30530136643
150753,41972.82324638134
150754,43020.64296095679
150755,44096.954326269304
150756,45464.540589434975
150757,47899.21678558362
150758,50653.848381833544
150759,52330.783267491104
150760,52754.17981123019
150761,50427.40588859936
150762,48363.607337664725
150763,47258.860912102136
150764,45725.37653763977
150765,46824.56671252515
150766,48850.28391993221
150767,48064.69192611909
150768,46324.46885756347
150769,44390.84600817
150770,42370.60123918916
150771,41819.273437223856
150772,40601.34507978026
150773,40102.794264503835
150774,38948.47864140767
150775,38782.383659170526
150776,38614.8417303817
150777,38818.60134567176
150778,38691.70656771602
150779,40392.97555025892
150780,41563.10965616557
150781,43188.18350726001
150782,46991.75535015526
150783,50718.565937548585
150784,51666.6286013165
150785,51962.92469519987
150786,51519.03117053085
150787,51533.698184195906
150788,51176.864447850036
150789,50558.442294849505
150790,49992.903306089494
150791,49628.38762952327
150792,49424.331894734954
150793,48749.28513618918
150794,48793.260010779115
150795,47231.39400206233
150796,46285.60031010183
150797,45654.24224203273
150798,45184.08416207226
150799,45273.219014713875
150800,45082.943729735365
150801,44568.49798611819
150802,44671.37322527868
150803,44706.266322803865
150804,45330.679604554694
150805,47532.411480145274
150806,50439.47952718912
150807,52080.0599623505
150808,52259.33273375653
150809,49879.86488364231
150810,48146.882483440764
150811,47031.73723929884
150812,45709.69661455046
150813,45507.86284839994
150814,47234.70061299417
150815,46830.12102711789
150816,45372.09357764431
150817,43380.96540619286
150818,40519.698853525886
150819,39923.798418223
150820,40526.13151374564
150821,39943.47517237898
150822,38829.38766497854
150823,39343.830807578306
150824,38525.642205888136
150825,38405.84858367704
150826,38410.17146248593
150827,40311.64942178486
150828,41407.84251241094
150829,45056.69644881618
150830,47664.40613281655
150831,50713.72439519539
150832,52126.140763861236
150833,52297.963942036884
150834,51686.85912542684
150835,51571.92029218994
150836,50956.923150755065
150837,50650.56767555052
150838,49748.2781915709
150839,49660.35507186258
150840,48841.46839845863
150841,48122.43577358255
150842,47975.65209146501
150843,45249.660196703095
150844,44163.609110853664
150845,43433.138968522326
150846,42694.05079033388
150847,42254.443853933
150848,41742.952336982446
150849,41730.85567961953
150850,42889.31686502228
150851,43944.715148295756
150852,44696.68836573609
150853,46232.8672885855
150854,48631.915357447084
150855,50139.330930527816
150856,50782.84049878525
150857,48414.046240958975
150858,46314.657821686014
150859,44481.32618053843
150860,44127.028118903014
150861,44346.407182943876
150862,47078.1617899514
150863,46596.015998105926
150864,45822.546573640655
150865,44149.29691894436
150866,43619.568685109756
150867,43422.2161144288
150868,42992.45777585241
150869,41231.15969680298
150870,37775.60716351493
150871,37537.87439544627
150872,36862.29325088207
150873,36854.77663974487
150874,37171.62397706322
150875,37634.433830660375
150876,37935.61307867002
150877,38934.498137869996
150878,40752.28798336327
150879,41480.94014696915
150880,42559.12867784482
150881,43194.2660940154
150882,44339.90608979291
150883,44408.088245263745
150884,45695.9270115499
150885,45079.21998350239
150886,44393.8277757623
150887,43315.84717609028
150888,43452.17240473874
150889,43342.692824708676
150890,43241.479413464964
150891,41676.26136123979
150892,40996.34671608902
150893,39753.57262622164
150894,38712.46686919277
150895,38399.836819120086
150896,38864.167063845285
150897,39153.14860529132
150898,39431.431218231344
150899,39891.00234905961
150900,40819.29136415693
150901,41904.17746110129
150902,43935.24062956241
150903,45879.17838297332
150904,46273.59963824533
150905,45005.61552347094
150906,44110.83309458444
150907,43117.75108870342
150908,41910.05441416034
150909,42169.790876854575
150910,44805.72468802713
150911,44570.01101222764
150912,44394.714287092946
150913,43650.60486011848
150914,41651.52476378914
150915,41504.57176486886
150916,41757.1961729116
150917,42167.05510946856
150918,39661.763266393304
150919,38882.07310053361
150920,37930.07473056652
150921,37710.803296471066
150922,37615.92699881861
150923,37348.49367882567
150924,37464.93183888219
150925,38908.56227479004
150926,37845.038366283574
150927,39198.040878629516
150928,38736.982375713334
150929,38989.86693818038
150930,41704.74956736587
150931,42738.13095703417
150932,43050.504804624215
150933,42669.731082975624
150934,42414.284392891284
150935,42499.43051204804
150936,42816.59551945256
150937,42672.39726001814
150938,42577.14135164871
150939,40382.27750743149
150940,39227.539406318305
150941,37655.92232184978
150942,36814.82759750487
150943,37079.400973804855
150944,36965.27764750447
150945,36841.18290427143
150946,37559.07019527801
150947,38060.99910924244
150948,39600.84000883559
150949,41003.78528623964
150950,43562.60401276753
150951,45005.5851324546
150952,45185.089355393924
150953,43579.73558452847
150954,43126.123393763475
150955,42190.243280199036
150956,40886.55100816468
150957,43246.003743845096
150958,45143.45485506666
150959,44923.64751629818
150960,43575.56938546098
150961,42362.168928249695
150962,40348.542780160875
150963,40237.8906899113
150964,40131.84774666279
150965,39118.052580415795
150966,38411.38309351355
150967,38159.769015097554
150968,37929.46976684919
150969,37981.638647760105
150970,38582.45288675578
150971,40921.41553646305
150972,42913.77143751788
150973,45940.91607006146
150974,48124.98902246923
150975,51397.77770468768
150976,52346.24766293572
150977,53236.32313486955
150978,52866.96719582322
150979,52649.916494979785
150980,51871.1468387038
150981,50801.08245594896
150982,50499.20657538597
150983,49682.456926364524
150984,49667.23087229076
150985,49293.30871682796
150986,49249.97399049282
150987,46638.344392323066
150988,45885.14080893204
150989,45572.23152853433
150990,44812.03330224996
150991,43909.447987681444
150992,43619.10143654909
150993,44792.802811379006
150994,45538.303317451646
150995,46393.31680724572
150996,47294.68253502964
150997,48781.67758809177
150998,52008.75887910059
150999,52952.98484609236
151000,52889.33567592834
151001,51040.65666288482
151002,49710.281109318006
151003,48428.68605998426
151004,46870.26849243806
151005,47113.58779962168
151006,49420.19109535036
151007,48717.63565895254
151008,48876.86192200066
151009,46519.006245876946
151010,42942.71453231672
151011,42687.7041968543
151012,41798.46861187803
151013,41551.399890216366
151014,40190.99618646453
151015,39808.478311747596
151016,39266.784287700364
151017,39747.53497357208
151018,40215.71108427978
151019,42480.28872639612
151020,44204.65534584735
151021,47858.2066923591
151022,50237.29427600297
151023,52766.30746313055
151024,53160.04368744835
151025,53672.7986856371
151026,53531.45852933405
151027,53289.02162475352
151028,53303.95256781921
151029,52176.86414444541
151030,51108.8650686173
151031,50833.252087356435
151032,50744.29176636001
151033,49962.442930887686
151034,49859.21284052212
151035,47039.94100919899
151036,46025.69747575276
151037,45556.748866850234
151038,44753.925010064064
151039,44064.85978609585
151040,43173.64926821085
151041,43225.55592142829
151042,45127.478632644714
151043,46432.67166091794
151044,47277.311556876855
151045,48643.713878918184
151046,52775.687908549255
151047,53871.0598968812
151048,53833.41621571799
151049,51568.06983401231
151050,49520.2824512737
151051,47496.10301182165
151052,45463.53143998058
151053,45558.02815460786
151054,47862.63898276437
151055,47974.19688448759
151056,44799.36932670446
151057,43672.766991997356
151058,41418.89911812027
151059,41486.65221359353
151060,42428.310438308436
151061,41628.710576238394
151062,39798.62765125701
151063,39695.435172971775
151064,39621.56861412534
151065,39818.797477782755
151066,39927.69988383766
151067,42748.16635603853
151068,44429.32103865877
151069,47983.29993912076
151070,51184.303230356156
151071,53999.65642452638
151072,55220.77373708084
151073,55660.52951151544
151074,55075.17586814103
151075,54711.53980255977
151076,54541.46781716544
151077,53063.09626303781
151078,52641.96931242421
151079,51612.31310407472
151080,51521.3067601297
151081,51115.87718441672
151082,51061.15090237121
151083,48512.73472967728
151084,47404.13014722153
151085,46664.814515956365
151086,45394.8123377511
151087,45567.98511362782
151088,46964.09986653433
151089,47314.46012126385
151090,47645.061697983634
151091,48843.11387016152
151092,50352.03866356541
151093,51656.55578732469
151094,55174.16263104689
151095,56060.879764459714
151096,55953.21020606763
151097,54208.82018263295
151098,51696.56844993252
151099,50386.1563341306
151100,48819.24831217468
151101,48401.744903482824
151102,50232.674916849
151103,49370.21535417702
151104,50509.34288189364
151105,48815.85296940398
151106,46559.20913183324
151107,45899.848673193956
151108,45661.98777200428
151109,45248.00717321021
151110,44649.244553226774
151111,44326.586092686455
151112,43639.588535821655
151113,43546.23574561846
151114,43591.600115939975
151115,46040.60781331361
151116,47236.48923500429
151117,50651.50849808622
151118,54526.58355277285
151119,55549.413528663725
151120,56286.13768509142
151121,56721.62560561473
151122,56933.988441682384
151123,55997.85400435376
151124,55058.122406932904
151125,54567.25111131014
151126,52787.53229995757
151127,51424.510083542154
151128,50744.16146908358
151129,50185.02449813807
151130,50067.06914500643
151131,48133.26474344242
151132,46764.07354816398
151133,46254.42151029309
151134,45463.309608226635
151135,45731.637121792286
151136,46035.706850617564
151137,45739.07349176424
151138,47105.366730138616
151139,47747.78028635768
151140,49900.195460573515
151141,51048.73369139799
151142,54692.71218952256
151143,55948.99153961142
151144,56147.50516362787
151145,54358.74913404463
151146,52067.70069678153
151147,50825.36218057472
151148,49638.36958184846
151149,49572.01831473102
151150,51466.275381782914
151151,50793.06464318973
151152,51350.28366530944
151153,49264.9694607882
151154,46914.27066525512
151155,46296.41641615176
151156,45889.49884867397
151157,45168.59225838582
151158,44199.86453384111
151159,43788.39881836989
151160,42748.93735474131
151161,42748.93735474131
151162,42793.11233632625
151163,45165.618899859975
151164,46459.08560416841
151165,50961.064425965626
151166,54295.7697180463
151167,55579.33476596954
151168,56770.026778802574
151169,57727.0891051919
151170,57063.883842315816
151171,56178.463402200076
151172,55649.00970396819
151173,53957.382793421755
151174,52482.24449497476
151175,51706.7468718419
151176,51486.206342331076
151177,51066.65772317063
151178,50949.873922090606
151179,49274.80926790712
151180,47586.322819825014
151181,47248.78146229395
151182,46652.182237726265
151183,46697.890163135635
151184,46438.46660935802
151185,46117.738958560214
151186,46210.11651213789
151187,47135.902434723794
151188,48332.95925742853
151189,49718.77253737264
151190,53464.00416447685
151191,54428.44375893982
151192,55248.61044503813
151193,53366.62379946522
151194,52070.07408984721
151195,50577.1625759559
151196,49603.83446686077
151197,49554.113301193815
151198,52096.5310590259
151199,51560.79519634473
151200,51460.69550099067
151201,50137.381466750354
151202,48011.10911515728
151203,47630.10926365655
151204,47033.12336656778
151205,46379.5318460174
151206,43343.53980219993
151207,42372.16912752682
151208,41441.56710242453
151209,42221.33058113954
151210,42225.61414322904
151211,42904.3326632409
151212,43908.854485625714
151213,45156.96461159145
151214,45791.577407640165
151215,45859.93284845196
151216,46226.29610128641
151217,46662.33190855935
151218,47433.40806863579
151219,47637.70011874572
151220,47852.99177662657
151221,47389.48831007536
151222,46687.84900366562
151223,46185.0987638056
151224,46336.04390103682
151225,45882.76367200604
151226,45953.37169654116
151227,44573.65710557316
151228,43263.28514524992
151229,41779.18221461747
151230,41106.61958173117
151231,40859.415183138866
151232,40941.77681062077
151233,41122.435066114995
151234,41280.7961550982
151235,42235.02314893022
151236,43642.55951409279
151237,45184.8805117324
151238,48010.38604153454
151239,48947.504628884955
151240,50797.880675799934
151241,49992.99393169243
151242,49178.44206298698
151243,49256.630461690605
151244,48746.968279037435
151245,49157.318063614315
151246,51393.832529337655
151247,51066.117079680225
151248,50330.49727334802
151249,49285.333035024945
151250,47597.24037784454
151251,47195.91776038961
151252,46706.06069528836
151253,45901.51984343342
151254,42771.9445807005
151255,42024.33867586597
151256,41113.26996685314
151257,41593.5179320681
151258,41675.05171774202
151259,41949.71602427485
151260,42018.33730256426
151261,43412.13803448193
151262,42842.174790343706
151263,44092.51593298658
151264,44916.888400711716
151265,44128.15869722696
151266,43714.707537497656
151267,45028.989038631786
151268,46383.23177457066
151269,44813.80879265078
151270,44736.08447728774
151271,44080.73123922527
151272,44295.18432321461
151273,44316.07121024034
151274,44401.32066610816
151275,42475.090519907775
151276,41541.30763220412
151277,40328.565275782676
151278,39918.59543368382
151279,40023.76179756641
151280,39993.141708902345
151281,39985.882967432175
151282,40387.68614738008
151283,41017.015245149334
151284,42872.757899200704
151285,44360.75133404034
151286,46935.834174426425
151287,47715.90977825628
151288,48097.88126082809
151289,48426.6259690935
151290,47507.702555644064
151291,46858.01887183093
151292,46334.8540189776
151293,46787.64222915217
151294,50015.42356342638
151295,50285.54137932241
151296,48609.00407842718
151297,47157.699642169784
151298,44357.656634163286
151299,44232.44983969744
151300,43885.621228925556
151301,43278.123464014396
151302,41722.76761705511
151303,41287.81653534619
151304,40506.92666287045
151305,41170.9214165385
151306,41475.701063306966
151307,43689.8286912839
151308,45531.58064360725
151309,48709.984028456165
151310,50768.6315581357
151311,52846.8014645992
151312,55000.56145836549
151313,55431.41724249199
151314,54742.14305596254
151315,55062.37311935952
151316,52935.633881887385
151317,52115.6802769496
151318,51136.23250463127
151319,50630.8717098487
151320,50410.63948381666
151321,50017.81387373905
151322,49911.507641308366
151323,48468.950206711954
151324,47807.84535593168
151325,47489.81065009344
151326,46519.1944230902
151327,46464.07171104344
151328,45986.761378760304
151329,45958.62664294817
151330,46146.77228033575
151331,46487.87697677673
151332,47312.51838463196
151333,49169.62705675234
151334,52459.96558362652
151335,52978.33732455761
151336,52778.7078130988
151337,50138.40717607071
151338,47206.44639993942
151339,45356.03021761945
151340,44045.97911583221
151341,43996.251633476706
151342,46405.2249703539
151343,45842.592030060296
151344,44414.73853255833
151345,42314.79781657394
151346,39762.957523348705
151347,39531.06288437431
151348,39072.9450764995
151349,38416.96784580944
151350,37059.498346202156
151351,36107.51773905715
151352,35307.23517660979
151353,35136.1682803513
151354,35195.10565458758
151355,36821.02147552301
151356,37917.3681389588
151357,40773.14835996643
151358,44699.32506230605
151359,47022.23065938874
151360,49128.80236438395
151361,48515.271357355654
151362,48959.52128255552
151363,48402.29607234035
151364,48342.29532619297
151365,48512.70629958972
151366,48544.64823237546
151367,48422.90976036916
151368,48900.49572220918
151369,48444.35398498499
151370,48331.7022684115
151371,45216.927700577166
151372,44170.286060568105
151373,43498.73919564717
151374,42960.44205994699
151375,43076.732834232316
151376,42574.590726141476
151377,41996.06822581882
151378,41987.83439433825
151379,42623.88334658081
151380,43342.09072136205
151381,45013.970157175376
151382,49133.31757277428
151383,49595.125836154526
151384,49333.599480063946
151385,47589.18956869766
151386,44893.78411024746
151387,42549.19980501831
151388,41196.456570096045
151389,41258.80243277263
151390,43224.69174110288
151391,42618.85809987737
151392,42144.23553960564
151393,39826.049893067146
151394,37728.65086123766
151395,37132.01691681097
151396,36495.16224629996
151397,35946.26184096723
151398,34859.18131639018
151399,33775.87560653618
151400,33066.14041748129
151401,33165.039625643905
151402,33227.22722341198
151403,34986.415641775064
151404,36754.79208047118
151405,39261.420448668556
151406,43097.97255997903
151407,44573.02786820745
151408,45110.938464546656
151409,44574.44890456027
151410,44803.20287057706
151411,44963.47196319245
151412,44845.07255246004
151413,44411.763640614605
151414,44482.15339320595
151415,44483.139646318996
151416,44938.0985969911
151417,44526.82402358962
151418,44595.550539888325
151419,42279.01531222193
151420,41916.875943271036
151421,41410.66632317473
151422,40383.9551647013
151423,39761.11528433242
151424,38981.75912857385
151425,38534.31040751469
151426,38863.85708370539
151427,38997.003710701305
151428,39727.30239926619
151429,42431.070247232725
151430,45329.28853534519
151431,45452.229298518345
151432,45001.13560144334
151433,43308.84256421363
151434,42721.81025412177
151435,40879.89448437104
151436,39626.69002957653
151437,39767.65495722403
151438,41627.57550910419
151439,41407.6075440133
151440,42122.489603810005
151441,39998.322365909495
151442,37569.77372221064
151443,37092.48036753122
151444,36563.23109034916
151445,35894.87998063661
151446,34702.66735857074
151447,33253.85161969882
151448,32159.732143653957
151449,32188.318840390242
151450,32191.779963682216
151451,33643.80070368651
151452,34819.12622595413
151453,37627.615049877306
151454,41609.71802519864
151455,44644.62408142769
151456,47725.40616497643
151457,47185.61764241257
151458,48047.83973317092
151459,48229.59626133136
151460,48042.947302718596
151461,47171.39097310928
151462,46717.98220655003
151463,46958.705005731616
151464,46670.53248916901
151465,47406.464352121046
151466,47353.08978759927
151467,45480.73407349309
151468,44451.6639932891
151469,44757.38577704924
151470,44615.13903781879
151471,44275.668488989504
151472,44691.50869392416
151473,44851.9127910924
151474,45885.52478477611
151475,47780.763366004656
151476,49118.86504256908
151477,51085.771316686936
151478,54813.154265540994
151479,55763.478448539165
151480,55975.76866898087
151481,53636.09544236009
151482,51798.18597206408
151483,49969.58264876453
151484,48575.55834899901
151485,48854.45672761
151486,51327.97819775371
151487,50659.88942351302
151488,51372.206145683995
151489,49678.333389708525
151490,46481.772845321364
151491,45812.57205426034
151492,45340.60624551419
151493,45240.80318395574
151494,42811.316229123746
151495,42021.22611797221
151496,41018.336510028676
151497,41026.85484562248
151498,41143.52077281848
151499,43378.93403674267
151500,44598.51442744608
151501,50085.29158778163
151502,53455.4393101186
151503,54398.95619412127
151504,55314.25174492281
151505,56412.63050579054
151506,56446.35042640338
151507,55676.255403127485
151508,55040.648180495555
151509,54543.53588433072
151510,54072.903112164015
151511,52618.25566873506
151512,51340.51029825397
151513,51003.83167225912
151514,51925.111177747545
151515,49281.27199908816
151516,47842.871172888284
151517,47448.07658647398
151518,46805.61693768936
151519,48284.92558198816
151520,46953.54419445932
151521,45930.15467574956
151522,47506.23605718739
151523,48531.36139156435
151524,49502.37344802761
151525,52051.780568104456
151526,55695.3142110744
151527,56271.54638011805
151528,56592.264827577754
151529,54605.30286922706
151530,52682.63967553822
151531,51284.1719264761
151532,50052.45015670804
151533,50002.97400218083
151534,52557.211012850305
151535,51688.17003197986
151536,53081.38811584517
151537,50958.748035625504
151538,49513.256814641376
151539,48868.06229263607
151540,48137.073459360334
151541,47832.68398098403
151542,44871.089248507036
151543,43946.96995064276
151544,43049.23723813857
151545,42948.75984478002
151546,42909.04379616254
151547,43388.05839586327
151548,43735.589502108254
151549,45528.44230587825
151550,45966.13018684984
151551,47150.80297623139
151552,47756.31495323104
151553,47264.8494816889
151554,48121.652949515206
151555,48379.59018218513
151556,49015.62121802349
151557,48766.40244537005
151558,46936.19258064516
151559,46338.048037310204
151560,46222.26627507838
151561,46264.453940315216
151562,46386.61232872606
151563,44804.09058076424
151564,43482.49905679596
151565,41944.50257199051
151566,41367.02126402444
151567,40666.92212139267
151568,40384.111543461
151569,40753.99760628049
151570,41774.510125796936
151571,44623.50229947381
151572,46126.5229811309
151573,48947.077815213735
151574,51692.49698278627
151575,52342.30198335635
151576,51757.744606661574
151577,49930.306809742426
151578,49510.67918140974
151579,48722.264880594375
151580,48055.96414283654
151581,48151.77204053968
151582,50213.369561871965
151583,50030.58931091779
151584,50035.57844008881
151585,48789.94017793409
151586,47261.04015192039
151587,47339.41019080823
151588,46814.88250379745
151589,45965.85376911603
151590,43817.76527637862
151591,43480.55056387694
151592,42748.37439668056
151593,42744.494075829905
151594,42852.89585307415
151595,43208.79099338215
151596,43334.37476888749
151597,44057.966922599735
151598,42828.0342735712
151599,43059.147730764606
151600,44263.43806939263
151601,44729.51153478156
151602,44903.177347417746
151603,46058.44598309334
151604,46075.586931829734
151605,45799.02972221471
151606,43657.23355068371
151607,42689.9629535694
151608,42554.93915277379
151609,42904.719793896795
151610,42986.746078003715
151611,40675.04055744038
151612,39838.677423061374
151613,37969.2768330024
151614,37375.44374369823
151615,38202.083395008296
151616,37949.852942884325
151617,38493.71361562846
151618,39000.22981412964
151619,40771.79372606129
151620,42573.831500437125
151621,45541.316425138146
151622,47456.482720857086
151623,50078.70633026203
151624,50178.24239528665
151625,49306.62343893366
151626,48623.8448618419
151627,48399.25192786536
151628,47504.46055867991
151629,48062.77003673325
151630,50204.70801411851
151631,50101.53713472721
151632,48883.78791520092
151633,47948.40727674099
151634,45487.894784208605
151635,44850.24813801971
151636,44553.25124431985
151637,44126.32722545433
151638,42734.35096183891
151639,42328.79839360716
151640,41638.6429509932
151641,41808.5353081926
151642,42070.747256011644
151643,44173.72982920765
151644,45966.843227731406
151645,48712.673768549306
151646,51605.709404017245
151647,52987.135503356476
151648,55207.77645353656
151649,56328.26947701087
151650,55421.382432039514
151651,55025.38036938354
151652,54157.397429540935
151653,53035.19859105541
151654,52653.41223994027
151655,51893.01519279782
151656,52102.06155098535
151657,51806.90794421047
151658,51005.00086100448
151659,48960.890379023316
151660,48042.03932267488
151661,47477.56482039429
151662,46742.78699751062
151663,46288.65112615482
151664,46331.1851599755
151665,45958.862392754774
151666,46440.29546613354
151667,47408.6413275392
151668,48480.156166171626
151669,50019.828680845174
151670,54020.77181894715
151671,54927.248988809995
151672,54709.80993561986
151673,52053.42074031294
151674,50518.30030103094
151675,49131.82406677675
151676,47501.35502895786
151677,47824.08201677193
151678,50119.72420455881
151679,49706.01938765144
151680,46772.32621243353
151681,44637.98511284415
151682,41536.8832719696
151683,40898.05295050698
151684,41359.94636654521
151685,40670.92736075897
151686,38850.49522070985
151687,38047.28530794539
151688,38255.30417327965
151689,38388.14414075677
151690,39446.40988970286
151691,41337.91131244042
151692,42833.626679442095
151693,44981.87973397309
151694,48844.83560900137
151695,51148.27066981288
151696,53842.32385965396
151697,53889.10272649574
151698,53409.49991964467
151699,54026.64046913596
151700,52700.09463605935
151701,52263.225744441006
151702,51544.793908082065
151703,51148.8895545716
151704,50982.190594887245
151705,50481.46913422709
151706,50396.28931057152
151707,47548.88831647713
151708,46589.13072603223
151709,46602.740616427036
151710,45715.560803127315
151711,45890.64028971319
151712,46062.07277735018
151713,45817.680200395116
151714,46194.522085151286
151715,46938.40741646821
151716,48187.49849207637
151717,50000.02263880303
151718,53692.347422365696
151719,54241.86245192615
151720,53630.01996571744
151721,51190.18147320905
151722,49712.5147942259
151723,49246.801732725646
151724,47751.44136749493
151725,47849.159169273604
151726,50270.06702621054
151727,49751.26525450243
151728,48624.31234601244
151729,47125.32881211525
151730,44861.417321546534
151731,44218.560954659406
151732,43685.10349312327
151733,43182.89278229286
151734,41645.18312102203
151735,41374.549254156955
151736,41157.833139272836
151737,41583.271953019575
151738,41838.483259194356
151739,43856.54322950123
151740,45231.989328760195
151741,49245.16145593972
151742,51414.322062673826
151743,53048.334761059
151744,55185.460979292955
151745,56386.70579465198
151746,56480.29245835576
151747,55424.46520811446
151748,54118.455373953
151749,54248.068857428145
151750,52317.01956829566
151751,51657.31266697446
151752,51391.51547992898
151753,51085.01637426878
151754,50801.03640162517
151755,48534.99571608013
151756,47667.22298104002
151757,46919.05133151692
151758,46090.23986989652
151759,46124.425805446765
151760,46215.14218422255
151761,46036.490298557954
151762,47178.920514291494
151763,47983.79639411261
151764,50632.71583283971
151765,52862.08410394677
151766,55320.16255270258
151767,56126.39770886272
151768,55252.061297773835
151769,53224.28610373109
151770,51799.73770944776
151771,50719.11346451204
151772,49124.63478727395
151773,48882.88609263147
151774,50705.328748494874
151775,50250.58940419514
151776,50762.16053332081
151777,48450.195998843716
151778,45722.01851920135
151779,45328.01432115052
151780,44722.88227462929
151781,43481.44507131496
151782,41585.39915099067
151783,40967.998443657656
151784,40403.48093672006
151785,40467.63535875427
151786,40470.85832348787
151787,41957.3788075919
151788,43124.38550232831
151789,48350.894016648745
151790,51281.534919959144
151791,51774.36278230237
151792,53346.35380824289
151793,54429.148076614525
151794,54337.091583474
151795,53980.13509745669
151796,53091.73028843414
151797,51252.76871871129
151798,50811.16064485184
151799,49154.49806354763
151800,48893.38218457345
151801,47920.37527489201
151802,47611.045618343946
151803,45101.9434935762
151804,44251.57221430689
151805,43975.65748789271
151806,43143.18312155635
151807,42967.69195700718
151808,43167.24250738865
151809,42808.205167606306
151810,43183.05826607061
151811,43801.76135955181
151812,45511.20724422671
151813,48596.630122188835
151814,51034.84120463658
151815,50832.92684478459
151816,49382.5496077105
151817,48114.84955973821
151818,46293.25280273986
151819,44630.06131821222
151820,43429.4851176011
151821,43648.34458272824
151822,45933.98530729927
151823,45307.353031281054
151824,43204.53384246847
151825,40684.45308055859
151826,38028.44265218023
151827,37169.056911639746
151828,36607.89252687239
151829,35462.035250661866
151830,33928.6364933795
151831,32949.02022163468
151832,32427.312466683317
151833,32464.44157772553
151834,32810.41965661688
151835,34283.509338560325
151836,36304.37421609824
151837,38432.98145151909
151838,43254.93537271929
151839,46153.19109991082
151840,48484.71083830247
151841,48610.6935091087
151842,49120.59055998376
151843,48717.46753538498
151844,48650.63327670562
151845,48141.20707327174
151846,47437.857400936315
151847,47180.86598357135
151848,47215.012606675664
151849,47075.17515818017
151850,47738.758470605
151851,46036.20753448985
151852,45050.62109347475
151853,44612.88280541988
151854,44202.77444332496
151855,44425.605043418866
151856,43240.72051911798
151857,43031.44729789806
151858,43382.64316524795
151859,44442.15152621773
151860,45857.41964124657
151861,48754.19618788113
151862,50243.10762859151
151863,50585.2666934318
151864,49765.16046722532
151865,47710.68887553143
151866,45390.92364968489
151867,44255.961338298555
151868,43180.54257116116
151869,43089.90384659969
151870,45524.32422382701
151871,44964.36773244404
151872,42904.77289902679
151873,40913.87552771825
151874,38389.270025468475
151875,37725.24411217372
151876,36789.84843805192
151877,36297.1007902918
151878,34061.85821426013
151879,32824.88694588582
151880,31272.55633857368
151881,31014.266086344935
151882,30947.62500610807
151883,31374.613063679568
151884,31775.602756784076
151885,32532.643519065776
151886,33284.92102789918
151887,34654.85260372855
151888,35962.7735768513
151889,37498.29248595937
151890,38370.66789880131
151891,39385.24565231885
151892,40058.82582235906
151893,40381.47238396448
151894,40296.54980275588
151895,39993.253544893254
151896,40766.52339849206
151897,40913.74797021112
151898,41681.18294981742
151899,40755.029383385554
151900,39762.78841600215
151901,39163.4662766925
151902,37499.47956324321
151903,37570.93496829202
151904,38315.879729470624
151905,38927.94471290832
151906,40300.66370879484
151907,41073.66290059077
151908,43117.37940518663
151909,44853.993314207815
151910,46142.504239112706
151911,46340.28053971084
151912,45640.86955308114
151913,43483.678244722076
151914,42263.4475932869
151915,41184.18635951435
151916,40230.567292663625
151917,40329.27488889559
151918,42815.105336802415
151919,42361.6173496382
151920,43377.86220775449
151921,41881.05881195758
151922,39817.265742219904
151923,38549.826886435956
151924,37512.80635426008
151925,36726.7688930139
151926,34063.40728105126
151927,33228.09253203379
151928,32369.940238522482
151929,30904.52730971001
151930,30566.024735892865
151931,30358.49777130729
151932,30433.48477062209
151933,30420.78705747208
151934,29714.653838604074
151935,30862.91132690524
151936,31128.962672665744
151937,31354.993561063187
151938,32005.340564948005
151939,32909.07815994516
151940,33309.14986256895
151941,34061.9179107518
151942,35063.562959187984
151943,35096.49236972519
151944,36023.0366676704
151945,36461.94503736233
151946,36669.57621614439
151947,34794.762785218656
151948,33734.93770359706
151949,33448.09459357118
151950,33064.54509675397
151951,32494.583227474286
151952,32423.453601859514
151953,32435.819612224892
151954,33516.351870705505
151955,34242.61365622588
151956,36834.759479568886
151957,40021.93722376183
151958,41829.93338821837
151959,42902.585490488884
151960,42478.10414331877
151961,42315.053565168084
151962,42275.8349607094
151963,41226.87499383657
151964,39767.92217458196
151965,39758.38482850897
151966,42348.7553654398
151967,41455.407484205054
151968,41008.87987999001
151969,38755.92547045868
151970,37339.57886201436
151971,36842.96718385469
151972,36352.45894294972
151973,36140.62530813508
151974,34385.299228899516
151975,33907.96855258872
151976,33345.72691001118
151977,33945.4703857888
151978,34939.61247427148
151979,35723.03993135469
151980,36447.42113883511
151981,38088.18012841778
151982,37148.359896082686
151983,37484.07047621484
151984,38449.13339601676
151985,39516.352711283216
151986,39385.47831053487
151987,39879.07864301815
151988,39819.71530551969
151989,39660.73996166637
151990,40150.83685881792
151991,40385.889467392015
151992,40755.017993213405
151993,41096.45222014933
151994,41810.08471553788
151995,40105.584045394804
151996,39370.18600118561
151997,39106.93258859501
151998,38831.231679636694
151999,39752.66405811358
152000,41093.62064168229
152001,43487.921769064735
152002,44488.841506283134
152003,45306.41318001763
152004,49230.84221816245
152005,51648.539944539996
152006,54057.73570158031
152007,54227.083109952415
152008,52925.708964670295
152009,50775.31692543996
152010,47806.55818043366
152011,47147.55537051762
152012,46225.955988216665
152013,46352.59742798096
152014,48296.84288664864
152015,47712.026384431396
152016,49962.456036280484
152017,48249.51461086061
152018,45805.936415431526
152019,45170.82770750267
152020,43972.31236969722
152021,43134.31415807727
152022,41944.34658286179
152023,41190.26269216122
152024,40455.09368311825
152025,40503.079393609434
152026,40732.276849342576
152027,42799.741955739126
152028,43684.78274073308
152029,48052.20210830251
152030,50466.97741584319
152031,52930.5919782904
152032,54761.549053708986
152033,55155.589694415256
152034,55338.01920270002
152035,54540.93551790533
152036,54259.13008109196
152037,53435.16935886069
152038,52515.583435594985
152039,51486.240230741256
152040,51678.563934102174
152041,51344.024661808355
152042,51987.03762276456
152043,52185.045390711304
152044,51488.09479157305
152045,51546.46900171813
152046,50737.49826749863
152047,51154.832639685745
152048,51700.37869004703
152049,52498.058568666725
152050,53554.72201728151
152051,55902.14573104899
152052,58519.65311201066
152053,59893.34159795084
152054,61185.29507488906
152055,61055.455620408604
152056,59798.15380717469
152057,55191.677018444054
152058,52708.853776505195
152059,51195.11783575525
152060,49619.68114445008
152061,49833.52401809572
152062,51808.63013005927
152063,51117.314681307995
152064,51073.86472310713
152065,49532.964435905815
152066,47582.24001667434
152067,46766.42112119907
152068,46055.69823275402
152069,46211.09136585222
152070,45181.67376750559
152071,44236.05060746636
152072,43232.57157987793
152073,43228.784034796445
152074,43372.935485366805
152075,44989.732393854654
152076,46082.665007818556
152077,49770.955956781174
152078,52882.81266095423
152079,55995.89572583484
152080,57473.453529198945
152081,57583.13498543384
152082,58159.450331931235
152083,58663.29963683934
152084,58294.39199312156
152085,57081.87989704524
152086,56236.89321580793
152087,54165.79687045209
152088,53991.3988166433
152089,53623.552117396
152090,54111.33192088661
152091,53212.55594931382
152092,52816.217766168
152093,52589.830751057336
152094,51676.35776913088
152095,53005.655356425654
152096,53102.76535419611
152097,54169.29019612605
152098,54842.30001867897
152099,55794.167068130635
152100,58362.10640251285
152101,59916.62412304353
152102,60873.57015959025
152103,61284.03926379097
152104,59741.97484132814
152105,57059.15321280757
152106,54096.22148474638
152107,53108.730441093765
152108,51987.57768741395
152109,52118.7789450967
152110,54701.30866814515
152111,54461.27722887533
152112,53831.22583468978
152113,51537.172701794276
152114,49783.163599119776
152115,49432.572860562854
152116,48157.38393218019
152117,47856.0743568211
152118,46059.83024422531
152119,45123.46425327183
152120,44068.78534881534
152121,43989.70003612005
152122,44097.3051828536
152123,46494.28022453432
152124,48414.357761237734
152125,51127.1323248644
152126,54824.13606487931
152127,57784.99790201806
152128,57970.2315898566
152129,57864.814278332386
152130,57086.45204711916
152131,57396.415987903
152132,56681.662011837
152133,56037.838964788
152134,55062.82830115374
152135,54167.78178482383
152136,53365.82580028088
152137,53331.55999683173
152138,53777.584311350955
152139,53391.017262754016
152140,52901.441971676046
152141,53044.50679352653
152142,52984.30404920089
152143,52730.36764201619
152144,53495.94146691632
152145,54966.45032234068
152146,55657.01217464735
152147,56322.44001146645
152148,58354.59420467093
152149,59878.33791355854
152150,61165.220099959486
152151,61075.29318099673
152152,59995.562374503854
152153,57539.42971222906
152154,54292.989006982934
152155,53008.73490099105
152156,51833.99323640972
152157,51884.981694185924
152158,53926.63697183096
152159,53439.18810528715
152160,52766.87969073861
152161,50644.58967038658
152162,49334.42863571746
152163,49136.323174328805
152164,48263.074343119195
152165,47489.46837443365
152166,46229.59271908377
152167,45694.76548269567
152168,44870.31597802513
152169,44985.49805916444
152170,44986.612679603815
152171,47202.2463122016
152172,48796.57168104818
152173,51554.443195436295
152174,55137.01795242865
152175,58415.7741945805
152176,58696.11004019734
152177,58762.26257231469
152178,58301.521345311434
152179,58421.01778864873
152180,58263.93329133104
152181,57521.799645281404
152182,56321.79936736322
152183,55249.095120948594
152184,55551.28095729648
152185,55143.12047872535
152186,55024.57824376244
152187,54039.910419155516
152188,53538.42360765979
152189,53269.62725181505
152190,52623.30290061095
152191,53204.214226313896
152192,54212.33850045036
152193,54976.2565113542
152194,55991.418412549414
152195,56783.98513188845
152196,60061.58502442656
152197,60704.56412651033
152198,61506.545483167945
152199,62263.05286480853
152200,60974.15862282524
152201,58055.74121764389
152202,54635.025242166615
152203,54587.7555623569
152204,54271.377755601
152205,54530.18174047604
152206,57264.261650739274
152207,56826.309126170476
152208,57534.78417916893
152209,55404.26558037705
152210,53395.52809209831
152211,52950.59449383381
152212,52286.9426510012
152213,51832.25907209892
152214,49846.898981596074
152215,48728.81101123943
152216,48001.009118824775
152217,47928.6519098167
152218,48298.65352785659
152219,49331.78281399512
152220,49865.96083871903
152221,50380.161918298196
152222,52050.12931801674
152223,53975.41371129585
152224,53959.508316291685
152225,54394.98527809463
152226,55226.62075419224
152227,53791.78769959733
152228,53758.43387582782
152229,53081.58093243108
152230,52765.255898416704
152231,52435.55007141103
152232,51568.40783442475
152233,51245.47394295356
152234,51424.908786416774
152235,50187.99662737625
152236,48369.76754905854
152237,47511.59579512187
152238,46866.67828095057
152239,47679.7694861824
152240,47605.75365085691
152241,48315.835324455205
152242,48821.18828316497
152243,51100.06437677631
152244,53165.377347113696
152245,54821.366613666054
152246,55794.83813768641
152247,55645.53936947884
152248,53793.731688143314
152249,51983.6984363785
152250,50336.02050708448
152251,49712.182607549265
152252,48986.09164238466
152253,49424.05806668617
152254,51830.13829247092
152255,51306.76824237314
152256,50911.309653107535
152257,48828.356152765584
152258,47098.436637550185
152259,47073.00477311145
152260,45967.695972890615
152261,44894.64435797533
152262,42841.86197998348
152263,42002.66796394061
152264,41468.30259674742
152265,40849.56707900283
152266,40722.34605079269
152267,40776.32361982816
152268,40915.81608780786
152269,40770.80916882126
152270,41286.5824212296
152271,42738.453058677806
152272,43796.78176415831
152273,43683.36332432104
152274,43311.87241791336
152275,45166.411409386805
152276,46273.44539976844
152277,46952.02580442825
152278,43766.10298226793
152279,42522.93292842041
152280,43223.39329894063
152281,43957.88857394464
152282,43728.81432282629
152283,42973.74965716188
152284,42131.183122491566
152285,41892.53860544498
152286,41014.01712325574
152287,42291.15167725086
152288,42993.75312323815
152289,44024.57172263137
152290,46138.6512762925
152291,47403.78821606085
152292,49818.15422054587
152293,51840.162749433475
152294,52811.659403200654
152295,52889.80472244675
152296,52008.83422341029
152297,50197.9512296805
152298,48281.42546633796
152299,47776.83960190707
152300,47179.99306796783
152301,48371.67449302998
152302,50199.41444765363
152303,49908.374926842225
152304,49947.96356315324
152305,48263.02279972762
152306,47117.59931104747
152307,46345.26043643993
152308,45078.94358932963
152309,45740.91520494002
152310,45066.777529625484
152311,45207.33417577169
152312,44853.48949598505
152313,45186.05004794836
152314,45738.96956365497
152315,48138.31790600996
152316,50349.00580319401
152317,52878.96692177566
152318,54959.06677273651
152319,57662.51740865957
152320,59386.52613980375
152321,58494.71597060071
152322,58900.69715905987
152323,59279.12266710309
152324,58131.89526804026
152325,55742.998101710094
152326,54603.88844702313
152327,54621.44222920876
152328,54817.46845386625
152329,54531.84641488595
152330,54537.75499667186
152331,53804.819515175615
152332,53078.72986654019
152333,53004.7115969723
152334,52017.87903909915
152335,51887.696798929006
152336,51546.34517135801
152337,53142.269316320315
152338,55390.36355931553
152339,57376.904416475845
152340,59600.9420351574
152341,60149.384708354686
152342,62691.86962469025
152343,62439.30987567614
152344,61530.257069097686
152345,58903.04251547431
152346,55946.406631281694
152347,55205.41898314873
152348,54251.13170309344
152349,54641.75469404021
152350,57196.3168466433
152351,56547.8362724448
152352,55982.12015095887
152353,54525.15506543405
152354,53288.0257432238
152355,52357.812806005015
152356,51724.05869993701
152357,51453.715154808684
152358,50682.17367852945
152359,49699.08164705666
152360,49435.61294466556
152361,49505.506549419704
152362,49632.33604156645
152363,52794.31718958591
152364,54407.707261114054
152365,56455.076341456275
152366,58820.89896509856
152367,62782.622591438936
152368,63787.44290465676
152369,63644.64228610554
152370,64134.32496385514
152371,63948.78931795521
152372,61638.02820461141
152373,59409.522300276665
152374,58943.27519711786
152375,57103.03712695161
152376,55561.22768099175
152377,55308.45602393343
152378,55337.986448222786
152379,54607.50656623178
152380,53947.29747427916
152381,53804.10743378128
152382,52912.66671620236
152383,52476.79998755392
152384,54465.93402701708
152385,56109.27404945086
152386,56886.29742748696
152387,60124.77236702826
152388,62655.701080439016
152389,63780.11874487544
152390,64885.6484459643
152391,64831.948286902945
152392,63768.45148972298
152393,60752.60767918427
152394,58426.98982963665
152395,58047.29279112476
152396,57014.82789823208
152397,57654.89378018128
152398,59783.760492163594
152399,60088.37549000413
152400,58851.3205411305
152401,56823.649336348164
152402,55319.57584861875
152403,55347.82524138561
152404,54586.47988719261
152405,54073.260450703885
152406,52798.72013054532
152407,52145.62764282201
152408,52372.099946576585
152409,52518.721931061205
152410,52510.188270264065
152411,55141.08872141691
152412,56068.880409978585
152413,58947.60205629982
152414,62415.92869966961
152415,66059.24854961972
152416,67674.30735244774
152417,65285.31038141276
152418,65717.92245775694
152419,65585.58233620833
152420,65287.63395591355
152421,63370.47389622929
152422,61683.01937065616
152423,60100.71187792205
152424,60301.257927006496
152425,59868.02784367067
152426,58879.071254241615
152427,57437.27956804317
152428,56991.891793335955
152429,55745.285042356416
152430,54536.23962839953
152431,55136.9225189185
152432,55725.1560543056
152433,57475.732555879775
152434,58943.47577416794
152435,60303.25075949036
152436,63310.999090498706
152437,64111.43587170312
152438,65455.244334075
152439,65237.82743619056
152440,63633.920813070996
152441,60974.77031198885
152442,58023.26477986983
152443,57402.49064965822
152444,56366.07574830711
152445,56504.38639494471
152446,58716.56147170315
152447,58506.20412271451
152448,57640.15943323464
152449,56240.69394722706
152450,54076.07891246168
152451,53071.98859577554
152452,52024.31337709441
152453,51447.877785779594
152454,49900.566953286994
152455,48820.39854311231
152456,47974.567276792826
152457,48000.715358380425
152458,47772.990292433875
152459,48210.87439166803
152460,48754.29776849364
152461,48717.00480508682
152462,50178.70551091476
152463,51116.82212019093
152464,50959.60924642215
152465,51427.22741807113
152466,52261.69401234295
152467,52003.61328752963
152468,52900.83262723325
152469,52323.886832787444
152470,52954.92544556798
152471,53049.48878839272
152472,52446.2756703101
152473,51251.73596504542
152474,51208.477138550756
152475,50208.14910453664
152476,49376.470021645866
152477,48769.78876034966
152478,48161.010710133894
152479,48152.842971285725
152480,49346.55943477392
152481,50433.64944929788
152482,50485.33399812392
152483,52126.61872042029
152484,55193.642132239635
152485,56440.9369853378
152486,57503.25584460259
152487,57556.98380771015
152488,56399.45701822568
152489,55208.30113767874
152490,55265.70465869201
152491,54506.94709868731
152492,53881.65368719945
152493,53892.92244542638
152494,56373.98271258366
152495,55227.94196052593
152496,57569.414148535005
152497,55890.8625973611
152498,54359.65763390013
152499,53575.6173592624
152500,52252.766260214376
152501,52485.86421998454
152502,50684.04885712942
152503,49707.25781024702
152504,48738.26093798874
152505,49135.841084712636
152506,49741.59441719405
152507,52170.64600223695
152508,52830.18740152664
152509,55084.45624142952
152510,56939.66061032947
152511,61470.55425894136
152512,62110.4912322098
152513,62526.65193108939
152514,63263.64856539058
152515,63567.517062706334
152516,61672.60732104117
152517,60029.47394397882
152518,59881.550577224865
152519,57856.94128101021
152520,56067.55904682157
152521,55706.43148306277
152522,55462.107892631204
152523,53696.84503134403
152524,52793.3518156973
152525,52040.55260175011
152526,51093.676656369214
152527,50977.24298193023
152528,51008.14099208315
152529,51096.10169807718
152530,51473.46373359038
152531,53620.06213727402
152532,56436.72478398324
152533,57753.027880422196
152534,58403.167679510174
152535,58126.044181112375
152536,57743.93292728001
152537,54333.00289052052
152538,51045.70726344712
152539,49293.405863403954
152540,48147.291771967495
152541,48378.87090261337
152542,50783.15037550387
152543,49987.47989455839
152544,50144.45505164477
152545,47759.428871455835
152546,45666.9915482972
152547,45237.82715696081
152548,43988.049124732584
152549,43546.89150241609
152550,41418.77398616105
152551,40204.52929544496
152552,39311.18440783771
152553,39097.593539055386
152554,39266.389792073576
152555,39604.87224237336
152556,39891.36171738238
152557,40908.76133539381
152558,41512.306513476506
152559,43250.85578475146
152560,45423.25408654119
152561,45680.890252470876
152562,47063.10596070533
152563,47782.056654637396
152564,48664.591163381614
152565,48166.710402982695
152566,45835.705053138205
152567,45948.55717096848
152568,46457.06761221764
152569,47470.86851724873
152570,48842.9681324926
152571,47222.34230054646
152572,46250.01059759324
152573,45947.35140446077
152574,45193.13353452705
152575,44630.81451545009
152576,44726.20697704516
152577,45973.52404020751
152578,45989.408669160555
152579,47371.363315109425
152580,49487.34952556242
152581,50992.91942879544
152582,52803.406708097675
152583,52566.02159693703
152584,51490.224262220705
152585,49668.476039001616
152586,49055.95842026059
152587,48724.44423319283
152588,47484.03375132867
152589,47647.852165332086
152590,50082.61044192016
152591,49401.87381443006
152592,48973.540167321924
152593,47676.87086123046
152594,45126.50958512857
152595,44222.32368802193
152596,43563.58174972828
152597,42620.68295624746
152598,40528.042193700945
152599,39461.62166956052
152600,38898.481207796576
152601,38944.732808101755
152602,38782.41794357164
152603,38888.34543540639
152604,39355.16786359328
152605,39042.479641888094
152606,39414.27465600718
152607,40729.734517428624
152608,41981.61607084685
152609,42609.830832215535
152610,43447.57503824723
152611,44257.61962909843
152612,45529.040508877224
152613,45575.18920126024
152614,45302.01143714734
152615,44682.00541655772
152616,45217.573122400645
152617,45714.10019906438
152618,46639.27918399229
152619,44785.299056525655
152620,43461.510307591634
152621,42903.38957572957
152622,42120.8998588013
152623,43291.64906712734
152624,42977.84021309821
152625,43243.20676805899
152626,43847.050000906704
152627,45576.99581967585
152628,48379.64974657453
152629,50797.221002038525
152630,52689.382364802004
152631,52269.30434414698
152632,51195.44914436059
152633,50362.45779705174
152634,49182.610886097485
152635,48422.02696430658
152636,46886.067930912795
152637,46887.92420744328
152638,49247.81901493862
152639,47904.27853910801
152640,47261.75368408266
152641,46049.35568477467
152642,44729.181746798466
152643,44662.86820756526
152644,45287.028190606245
152645,45087.94379307085
152646,43904.07133121991
152647,43417.11076903143
152648,43419.985694724004
152649,43389.46328029828
152650,43634.19287230315
152651,45449.96447886494
152652,46636.442100801265
152653,50604.087106823805
152654,54114.89124967407
152655,56802.1067156175
152656,57765.56296699761
152657,58175.861767634364
152658,58580.583383966135
152659,59370.0684012027
152660,59374.78902991804
152661,59344.69950473814
152662,59698.15718959819
152663,59993.32926047999
152664,60437.31152832271
152665,60225.944968023075
152666,60157.34908754314
152667,59441.67478479982
152668,59233.371325044034
152669,59141.50577836697
152670,58458.691256545724
152671,58411.350301028106
152672,58278.58916251659
152673,58210.2221667243
152674,58296.826098920996
152675,59175.28127378058
152676,60516.11788073995
152677,61411.41382591544
152678,62031.99105043772
152679,61692.69951654359
152680,60935.39827693397
152681,59093.380701316135
152682,55352.02654273408
152683,54237.05850825699
152684,52881.2871345341
152685,53152.015164215205
152686,55023.60022046054
152687,54597.318923973646
152688,54317.89503991046
152689,52401.384074138514
152690,50914.0737042713
152691,49754.80754441836
152692,48572.89549706512
152693,48268.124416494145
152694,47098.23913317993
152695,46398.56214869543
152696,45959.839878457766
152697,45984.84860918424
152698,46128.900192569374
152699,48325.042789943654
152700,51326.948824099905
152701,53298.70270558086
152702,56788.2164551488
152703,60340.76504298834
152704,62326.8443301767
152705,62143.40900098545
152706,62584.83229584572
152707,63329.535327325815
152708,61570.202235968085
152709,61297.86400484076
152710,61374.474325986695
152711,61771.02003793034
152712,62344.27940174295
152713,62102.36707322164
152714,61953.42854035261
152715,61178.4225290245
152716,61115.5311420396
152717,61118.143223749066
152718,60752.4431504955
152719,60065.55208891313
152720,59412.811410981514
152721,59056.08019200029
152722,59195.93157395977
152723,61916.338415154685
152724,63290.51672326892
152725,63889.253456156825
152726,64613.37528892268
152727,64737.30748524438
152728,62791.248828431795
152729,60350.05973123366
152730,56756.48015668776
152731,55464.35607503197
152732,54259.712996858456
152733,54446.07881517349
152734,56184.93360477347
152735,55788.18584710031
152736,55567.23155840958
152737,52910.73113603791
152738,51478.936637105464
152739,50477.33285914887
152740,48920.50285490351
152741,48015.54571370621
152742,46776.944359788096
152743,46018.59207527512
152744,45405.10960420256
152745,45384.15974657119
152746,45335.28232609386
152747,46823.779453671355
152748,48132.83294165367
152749,51674.17997334277
152750,55912.040163172605
152751,58358.90977153103
152752,60705.19671721784
152753,60870.05997227527
152754,60089.65794370459
152755,59987.12441642887
152756,59952.48074497874
152757,59548.38493999094
152758,58561.81375305017
152759,57827.266215659976
152760,57711.489090590054
152761,57457.1800211719
152762,56531.31712667186
152763,55636.56878763975
152764,55243.275497184964
152765,54899.458552895914
152766,53635.46443127473
152767,54593.058696804794
152768,55507.95227591258
152769,56071.657995118876
152770,57299.60113194526
152771,59074.393615432426
152772,60583.08970830401
152773,60951.55373204404
152774,61638.24856515271
152775,61495.06861408458
152776,60996.452195430946
152777,58937.60356685934
152778,55395.99285863347
152779,54674.26908790422
152780,54019.64109819347
152781,54058.83167429674
152782,56086.876834155446
152783,56601.849988861766
152784,56200.22957314847
152785,53865.622084433664
152786,52548.23591943535
152787,52259.56724465324
152788,51486.685528987575
152789,50886.975629306704
152790,49178.57341526919
152791,48723.85565880767
152792,48378.35316520858
152793,48594.81153440615
152794,48824.07784757078
152795,51147.69632405817
152796,53144.512131413896
152797,56347.74739696873
152798,60010.06237510985
152799,64177.82165965204
152800,64103.110477718634
152801,63224.16469389368
152802,62902.75302689192
152803,62564.81840941519
152804,60473.96080191039
152805,60166.510371623146
152806,57569.787876699615
152807,55953.76071700276
152808,55857.111559365076
152809,55588.13164832817
152810,55613.24548302003
152811,54876.5372101696
152812,54456.75439020509
152813,54280.86718171609
152814,53457.51033237787
152815,53885.12503771781
152816,55517.88687823943
152817,56699.859546561536
152818,58113.24836239869
152819,60103.912356053006
152820,62108.53820353179
152821,64090.40593970721
152822,64639.288998415446
152823,64462.71156655786
152824,63000.31107225414
152825,60060.13328954435
152826,57749.410005438906
152827,56596.34119605035
152828,56053.96101318675
152829,56038.20923212238
152830,58208.64665519863
152831,57680.55175630321
152832,57381.44446911537
152833,55150.08208837453
152834,53651.26295117728
152835,52816.9011816192
152836,52454.60767207539
152837,51929.15656414943
152838,50048.38962880534
152839,49431.75970152298
152840,48910.97953984698
152841,48941.34898763392
152842,49224.13010974586
152843,51234.81383586606
152844,53326.10396102777
152845,55878.86944933515
152846,59918.75838123277
152847,63580.91752406639
152848,63984.80985236775
152849,64656.838052047606
152850,63916.662906440244
152851,63365.76816602831
152852,62247.7724158106
152853,60263.9822175057
152854,60212.5764392976
152855,59398.38098893391
152856,58251.46232582627
152857,57722.98532056754
152858,57232.69347843673
152859,55290.3474118363
152860,54358.69668648703
152861,54384.71237844256
152862,53582.018396560125
152863,52634.24150221075
152864,54107.39741943585
152865,55397.19904327335
152866,56554.95618262301
152867,58585.85436080333
152868,60106.43007046532
152869,60888.48523438764
152870,62531.369776942454
152871,62196.91711281403
152872,61169.244469276215
152873,59276.8093697662
152874,55748.51836007116
152875,54752.72076054796
152876,55015.42714955165
152877,55059.74919803064
152878,57127.073728575866
152879,56606.45876897131
152880,56434.54485774733
152881,54285.42775131855
152882,52128.780959819036
152883,51513.104480925795
152884,50496.95473922719
152885,50038.05460233264
152886,48964.09429117413
152887,47735.1559786055
152888,47327.32721748782
152889,47179.14766647573
152890,47117.64876627091
152891,47498.33596411658
152892,47914.57533601835
152893,49076.12550754904
152894,50187.46436234875
152895,52107.2301983785
152896,52684.26511354191
152897,52565.46774114015
152898,54927.11732154697
152899,56065.44260710244
152900,55944.399597294774
152901,56687.21073972763
152902,56238.05340171492
152903,56246.35436591608
152904,56090.80809602706
152905,55949.10529411272
152906,56059.753831800735
152907,54824.44872057128
152908,53553.49542583296
152909,53282.147871504116
152910,52839.819307647864
152911,52635.90384464446
152912,53284.50313082969
152913,53420.85663069027
152914,53923.68362442963
152915,56889.09314221161
152916,58824.56844161771
152917,60293.87692116888
152918,61253.12335049425
152919,61416.64662210775
152920,60399.688017115936
152921,58875.699936561155
152922,57656.428035209996
152923,56512.36148059474
152924,55734.06126817199
152925,55722.157292785065
152926,57790.22980490317
152927,57412.32984788488
152928,56658.71566083712
152929,55273.19290183942
152930,54026.544191769935
152931,53128.984713013495
152932,52170.65313155776
152933,51564.6133391428
152934,49644.63073200695
152935,48770.438687212125
152936,47967.8709645204
152937,47807.796076726445
152938,47625.16140529373
152939,47634.5027969378
152940,48046.36084160674
152941,48945.094672072315
152942,49021.96613704667
152943,49183.29334755137
152944,49324.57234448566
152945,49132.115078931114
152946,51329.57594041702
152947,53130.876130174176
152948,53692.266357404675
152949,54277.32327627595
152950,54015.9188906629
152951,54735.7244225321
152952,56028.80481024395
152953,56350.07507532049
152954,56600.60904327231
152955,54934.67680793312
152956,53270.22710753148
152957,51853.03224308419
152958,50774.46819448729
152959,50485.62846249349
152960,50033.892557848034
152961,50345.45790317205
152962,50651.35018324533
152963,51977.065674022444
152964,54669.7409134339
152965,55719.858189250095
152966,56873.94507462821
152967,56285.16787448109
152968,55008.62847154439
152969,53354.166908235
152970,52061.42151114019
152971,51291.15020466538
152972,50506.759475014165
152973,50773.08059889729
152974,52937.63111796654
152975,52490.78906874883
152976,54437.35619434148
152977,52549.5400154776
152978,51308.117354522496
152979,50764.76864647689
152980,50481.491363251276
152981,50065.01389754143
152982,48006.72825607007
152983,47320.48478202055
152984,46646.87832434855
152985,46527.97501672274
152986,46701.42799465307
152987,48773.74953755186
152988,50911.844758613566
152989,53518.4536580373
152990,56684.33658666213
152991,59589.967147499025
152992,59538.28250038427
152993,59101.55844040098
152994,59477.23788692517
152995,60012.267697041025
152996,59933.82535607221
152997,58609.51021656897
152998,58014.64092450093
152999,57124.18702145995
153000,57100.22568158885
153001,57077.16035011795
153002,57865.548555812165
153003,57330.06594508822
153004,57796.996843908615
153005,57184.136849737646
153006,57338.41279462356
153007,56681.181858114964
153008,55902.05925782111
153009,55906.20419535459
153010,56873.09213606302
153011,59656.362876249725
153012,61390.74898020167
153013,62442.11866284623
153014,63597.61758008087
153015,62932.56647091755
153016,61227.58803780652
153017,58647.7753433282
153018,56420.81312863926
153019,55502.59351504628
153020,54885.511646188614
153021,55172.46862760163
153022,57991.78837816913
153023,57469.46146989169
153024,58340.38958864715
153025,55923.33456687613
153026,54304.39731783282
153027,54588.48326933229
153028,54241.182295423016
153029,53795.1506043155
153030,52337.548719859245
153031,52342.631854340536
153032,51987.65763061061
153033,51934.440872165746
153034,52089.83968466665
153035,54785.9555210818
153036,56068.0799376117
153037,58722.67596722745
153038,62311.84377178232
153039,65075.75266633436
153040,66836.47689847916
153041,65344.24176919829
153042,65354.12970792134
153043,64206.246575548066
153044,63679.0240802861
153045,63230.77157394596
153046,61766.07480727583
153047,60503.9812161401
153048,59794.299934416216
153049,59553.28353391308
153050,59718.14176646589
153051,58808.854697995244
153052,58143.495634495535
153053,57690.80579044155
153054,56784.519427278596
153055,56465.54179988901
153056,57055.741000081805
153057,57175.40767952307
153058,58931.66450861078
153059,61776.56251847732
153060,63390.13429620269
153061,64720.22440619796
153062,65446.66113844801
153063,65036.15282783441
153064,63287.58439795915
153065,60779.196265169005
153066,58051.4706298014
153067,56706.2364189506
153068,55416.414671665305
153069,55753.446434409496
153070,57538.43622654233
153071,56838.58744801739
153072,57472.51004714474
153073,55641.70377674929
153074,54388.66353561731
153075,53883.9393407802
153076,53531.39107319801
153077,53417.03984307792
153078,51749.02148619589
153079,51607.62300467643
153080,51282.70825021288
153081,51501.3715772619
153082,51674.84971309387
153083,54220.707374768586
153084,56033.41261113483
153085,59692.209645522256
153086,62904.677068499506
153087,67059.75759723116
153088,69194.78544539597
153089,68845.68730187076
153090,68159.721783812
153091,68468.16648605141
153092,67851.19151917128
153093,67260.24001864497
153094,67134.56785154548
153095,66615.8628546141
153096,66466.2141316367
153097,64423.6497413044
153098,64424.36623087384
153099,63263.29068451206
153100,62794.97913442039
153101,62153.66971130844
153102,61414.94158448049
153103,61381.286616359816
153104,62873.23921839447
153105,63933.38127983479
153106,64759.55431437625
153107,67133.56124495319
153108,68205.71212524477
153109,69685.03273493517
153110,70721.50792520902
153111,70447.44466456026
153112,68497.92714383558
153113,66148.81872105152
153114,63530.12077231599
153115,61632.13507312954
153116,60742.27531288943
153117,60770.237048801144
153118,63159.71920153639
153119,62796.70087175662
153120,62650.30427991275
153121,60751.34182385445
153122,58854.762625562966
153123,58368.13741465909
153124,57692.360301209046
153125,56999.29475862139
153126,54824.43645864146
153127,52996.24296230151
153128,52460.933613219764
153129,52749.49642382975
153130,52845.99625430395
153131,54304.10312105458
153132,55757.49896728703
153133,58344.012675074926
153134,62712.450666782424
153135,65377.22362400382
153136,67711.96338308298
153137,67548.0854724366
153138,66952.59879920569
153139,67226.43930281072
153140,67040.8062183401
153141,66042.9430292566
153142,67831.7583660457
153143,67460.59005529623
153144,67994.02212581864
153145,68049.19838181233
153146,67609.68727652001
153147,65890.68736864801
153148,65696.08952613139
153149,65318.27369295686
153150,64411.9657874337
153151,64398.21312038013
153152,64504.614067533126
153153,64493.517030375246
153154,65322.81419825983
153155,66414.43963412606
153156,67272.7462617303
153157,67999.81840950683
153158,69131.95549248169
153159,69014.6500047315
153160,67215.5851399892
153161,64270.93846613379
153162,60780.75221186414
153163,59457.67925827162
153164,58434.07130363115
153165,58521.74873137683
153166,60917.87255400034
153167,60469.40465444678
153168,59819.12981124021
153169,58121.67695240904
153170,56082.21759761343
153171,56153.62413386947
153172,55182.15016673243
153173,54728.15148120928
153174,53492.42813674545
153175,52440.14892228834
153176,52536.91263759312
153177,53776.55960871045
153178,53725.225565233275
153179,56107.59860493145
153180,57056.13586229976
153181,59590.06545912362
153182,63133.26918986865
153183,66927.93089102887
153184,68021.08168389065
153185,67856.84906331837
153186,67075.12790140878
153187,67142.32172392111
153188,65157.66054369572
153189,64615.61912112185
153190,62442.66131865306
153191,62088.021775959365
153192,62435.85451368666
153193,62030.657019309714
153194,62085.27243306809
153195,60618.96884115177
153196,59785.58537946255
153197,59532.24971568121
153198,58478.72308711381
153199,58258.553187138896
153200,58189.043773493235
153201,58300.01113231594
153202,58655.69097440968
153203,60234.36128688122
153204,60895.294653463425
153205,61263.705990304166
153206,61498.6084445555
153207,61749.95004719177
153208,61066.41760406596
153209,59299.564208935786
153210,56922.33397053648
153211,55947.78590185571
153212,55646.89251895026
153213,55742.267935888194
153214,58553.52674420654
153215,58070.10875466328
153216,58390.291587449465
153217,56137.35031329888
153218,54104.80258800467
153219,53457.20026720407
153220,53169.01562318401
153221,52423.996285050314
153222,49741.79688959662
153223,48880.91173154454
153224,48347.68935398516
153225,48513.53201870763
153226,48442.28781399782
153227,48946.81860413325
153228,49000.08457676878
153229,49712.63602956536
153230,51290.79402429891
153231,53332.69086280882
153232,54376.138549625706
153233,54728.1504007466
153234,54438.08867734511
153235,54277.075488233204
153236,54687.67006118081
153237,55723.71244358357
153238,56542.775581115486
153239,56638.66609103298
153240,56759.17188909484
153241,57199.88782127064
153242,57612.05997651661
153243,56890.80473171106
153244,55928.71973372959
153245,55294.905918404744
153246,54189.06884953939
153247,54043.75554794642
153248,53916.973921396115
153249,53394.46464440157
153250,54022.20899691644
153251,55713.82792660908
153252,57031.120595122185
153253,57937.456264753855
153254,58792.27124190293
153255,58425.79010239273
153256,57360.58312199621
153257,55251.144043478824
153258,53592.0514571361
153259,52461.60227532407
153260,51929.739126210516
153261,51990.01977183391
153262,53989.61807919334
153263,53206.98055343545
153264,55883.04788201082
153265,54196.086602167685
153266,52182.91086566857
153267,51822.21145501607
153268,51048.17772173756
153269,50872.121498549
153270,48499.445961382815
153271,47666.96981238874
153272,46845.05270231886
153273,46687.669827917714
153274,46665.77172172029
153275,46845.01096194984
153276,46824.56221916486
153277,46641.45925561369
153278,47597.11025868693
153279,48335.052175165976
153280,49101.26873658582
153281,49379.69003513648
153282,49368.545186282856
153283,50899.35515881648
153284,51290.09093629773
153285,52155.41966911028
153286,53144.77800165978
153287,53653.59395599563
153288,54390.754576885905
153289,55149.03802331103
153290,55500.63280267818
153291,53622.202181980974
153292,52443.254296223844
153293,51347.057835679
153294,50960.676479599046
153295,50754.325750067415
153296,50584.45647056219
153297,50420.36231278814
153298,50841.15311320845
153299,53935.76213344392
153300,55557.07607122669
153301,57853.12907166131
153302,60197.88973202386
153303,60148.48195150777
153304,59666.5247542279
153305,59163.31162465121
153306,58119.61921512225
153307,57496.30386958495
153308,56597.202623826706
153309,56691.044715615986
153310,58750.668991939885
153311,57723.93168623097
153312,61086.10210449678
153313,59484.5956890514
153314,57704.43919637783
153315,57748.838180259416
153316,57286.41045500471
153317,56354.64043130908
153318,55180.42037083535
153319,53753.453617610445
153320,53131.08032253522
153321,53065.481726159946
153322,53240.53496523486
153323,55402.79561447574
153324,56704.98389558496
153325,60843.014449679664
153326,64296.9924606871
153327,67367.07910276859
153328,70164.75926442153
153329,70194.9300938801
153330,70331.27793621251
153331,69212.11258654282
153332,68621.026411192
153333,68535.10967763118
153334,67984.12800302214
153335,66980.06399388214
153336,66893.0418066957
153337,66795.33687088348
153338,66843.40808981824
153339,65660.26093003037
153340,65390.08036641522
153341,65121.09332294878
153342,63979.4090607485
153343,64185.04709083329
153344,66097.39601784351
153345,66397.58514144116
153346,67307.31302401311
153347,69006.12732905461
153348,70927.94369394501
153349,72405.75466713881
153350,73601.77436408316
153351,73462.08426147228
153352,71495.78866293022
153353,69518.8454111188
153354,65807.67470177343
153355,64776.11947621742
153356,63412.13982012025
153357,63374.32365873248
153358,65287.0135140617
153359,64285.52354967964
153360,63112.02713453719
153361,60552.84790306157
153362,58123.73685203278
153363,58030.201647348025
153364,57235.75455716713
153365,56438.5933788307
153366,53445.31663230234
153367,52651.56392429672
153368,51982.47987689833
153369,51995.61459862559
153370,51933.47278057611
153371,53749.27056747823
153372,54269.37966886394
153373,57854.38546662514
153374,62163.035899631555
153375,67389.07484375498
153376,67389.5807320126
153377,67420.66747618762
153378,66604.3326252516
153379,65679.29013262478
153380,64961.32972594843
153381,62596.165897731655
153382,62341.985653247386
153383,61485.79685584851
153384,60107.43549080532
153385,59716.01676840502
153386,59548.698201067025
153387,58620.34318326092
153388,58187.96102415908
153389,58053.55706661388
153390,56308.6453076654
153391,56184.45870975728
153392,56214.359878539515
153393,56645.9581466562
153394,57181.4137289714
153395,58556.30519042154
153396,61473.140863354405
153397,62669.11730877146
153398,63347.43347445756
153399,62697.00321819884
153400,60775.29330419393
153401,58577.82543097639
153402,56312.80993685257
153403,54554.11373749651
153404,53355.43831378732
153405,53143.361145370436
153406,54877.271378451835
153407,54706.69714677376
153408,53344.881961961815
153409,50893.65773931348
153410,49488.78652759064
153411,49070.97469870564
153412,48497.01872319144
153413,47943.051100722434
153414,46205.51115791473
153415,45783.135637214196
153416,44953.77520438048
153417,44940.15469209836
153418,44972.24400505536
153419,46816.37711397733
153420,48857.1477735981
153421,51092.568739183545
153422,52960.342019802236
153423,54745.55737477255
153424,56966.63590471684
153425,57644.610283168324
153426,57687.055464332145
153427,57800.337368157314
153428,57974.61156782559
153429,57133.05834233463
153430,57250.14326023591
153431,56886.37737495927
153432,56568.55846230508
153433,55970.61720331786
153434,57489.18441323454
153435,56172.15031357479
153436,55700.2833531178
153437,55066.849368317715
153438,53789.69768726315
153439,55109.68195670424
153440,56177.72935307819
153441,57922.614710098525
153442,58428.761945675964
153443,59925.83930259075
153444,62305.312518050494
153445,63591.91487799076
153446,65913.49125484422
153447,65520.96349526126
153448,64104.31448506012
153449,61917.90052730122
153450,59090.926756956585
153451,57989.067355374325
153452,56376.372768524125
153453,56726.48572215431
153454,58543.31216079091
153455,57914.92148933103
153456,57277.63820986655
153457,55791.996154438086
153458,54588.367384822406
153459,54168.28328965297
153460,53404.30408904051
153461,53058.03594928057
153462,52149.275676177946
153463,51070.017777212546
153464,50023.01467371833
153465,50057.968699007186
153466,50356.962785556614
153467,52736.08497556727
153468,54523.76587304002
153469,57851.92762202057
153470,61515.671177390905
153471,64731.550559392424
153472,66649.69088146783
153473,65921.6650102423
153474,65991.05310199728
153475,66588.86143371489
153476,66387.80851592454
153477,64704.47710882576
153478,63314.03209625635
153479,62779.50233163295
153480,62405.88080537657
153481,62577.47350995065
153482,62831.026592616836
153483,62403.146178012874
153484,61797.884003110776
153485,61423.87107510382
153486,60820.78581821274
153487,61541.126179625615
153488,62324.21485424984
153489,62850.24461766994
153490,64979.11545902288
153491,67470.70443382983
153492,70101.66071045057
153493,71005.06563924305
153494,71797.17211003414
153495,72890.56382045946
153496,71246.96141091955
153497,68633.47344005
153498,66113.6663062506
153499,64930.62302414592
153500,64349.42831804898
153501,64735.78495339925
153502,67112.95126234255
153503,66577.2124147844
153504,65311.59476575878
153505,63951.010301420676
153506,61803.37989744939
153507,62589.32405426729
153508,62003.201819670765
153509,61095.40567635875
153510,58935.98986291425
153511,57693.84645044957
153512,57105.44071681472
153513,56244.6793823059
153514,55272.33421495646
153515,57118.454314946335
153516,57846.54538950334
153517,61295.12481922563
153518,64246.936459274904
153519,68666.21699916659
153520,68872.29265660825
153521,68736.261609562
153522,67746.01778363915
153523,68414.12955764223
153524,67791.71499427012
153525,66171.49083628212
153526,65604.34750382867
153527,64143.050077158456
153528,63693.22414788081
153529,63730.853566341364
153530,63678.32435846019
153531,61956.07984142579
153532,61205.80191479918
153533,60903.53414746736
153534,59762.588641734204
153535,59556.837340496626
153536,59305.53753075514
153537,59320.73808863066
153538,59614.673304346376
153539,61702.43036954639
153540,62354.19094279654
153541,62400.29855856552
153542,62939.01187116251
153543,62594.39361274322
153544,61170.99948969819
153545,58742.41243083364
153546,54993.4642622362
153547,53045.47948247884
153548,51958.813588521356
153549,51860.37394189071
153550,53612.36908059992
153551,52961.742013134164
153552,50790.82771257976
153553,48577.77029982969
153554,46239.15181745568
153555,45904.625949398076
153556,45366.67459429084
153557,43533.38222704616
153558,42014.625638419224
153559,40652.68918509476
153560,40318.55052770896
153561,40275.552303576005
153562,40409.51129119683
153563,40870.40168035954
153564,40972.60296339369
153565,41172.466068109185
153566,42183.48053067315
153567,42569.32921125321
153568,45078.48170758634
153569,45573.80619230622
153570,46768.49797368706
153571,48316.37674795317
153572,48568.89034104587
153573,49190.98898306576
153574,50013.11102493378
153575,50200.48668371155
153576,50576.24659630378
153577,51276.86531063529
153578,51641.36340896018
153579,49448.38696451651
153580,47998.84804993995
153581,47376.86202938202
153582,46549.05936731379
153583,47592.92541987348
153584,48589.380877788506
153585,49387.993932759935
153586,50933.750853026446
153587,53710.02096793002
153588,56043.61096714745
153589,57781.78241649971
153590,58786.90469269057
153591,58975.90733531053
153592,58375.309798821734
153593,56752.013707207356
153594,54821.296673259436
153595,53841.38135801546
153596,53556.05397024683
153597,53818.4323209201
153598,55870.46749910342
153599,55449.78753627699
153600,55069.68043973559
153601,52959.11980247671
153602,51280.36659697309
153603,50935.946867363564
153604,50335.42239825345
153605,50082.86880900158
153606,48402.51563308002
153607,47856.81836762867
153608,47109.422815936654
153609,47189.4683865919
153610,47725.104578582985
153611,47503.19817827364
153612,47354.94077195672
153613,47767.369604714484
153614,48808.04002992211
153615,49631.40312267577
153616,50115.703655134865
153617,50507.9474045138
153618,51222.86837394239
153619,52113.73847840333
153620,52971.56685817983
153621,54328.408100053704
153622,55097.58748010476
153623,55498.86501240771
153624,56272.70441235559
153625,57124.26899983181
153626,57747.51093614532
153627,55901.8892914132
153628,54236.44955401772
153629,52823.06022623838
153630,51996.75760582469
153631,51836.506442966594
153632,52850.33655621754
153633,52853.39381152308
153634,53092.90822129264
153635,54176.75846725131
153636,56247.338247289445
153637,57934.70561584152
153638,58580.48874174318
153639,59042.565606698
153640,58501.301393071015
153641,57705.6639563341
153642,56709.244362874706
153643,55622.47106838323
153644,55100.0031523336
153645,55520.34518192968
153646,57557.35932710639
153647,56952.42680710298
153648,58805.104493245344
153649,57561.52626442273
153650,56062.05415923201
153651,56051.55494751375
153652,55802.49257347617
153653,55448.96319148053
153654,53642.80076226212
153655,53676.99776753716
153656,53535.09866919886
153657,53690.77042951093
153658,54175.36493219409
153659,55962.57913000454
153660,57657.630014738475
153661,60972.15337974557
153662,64912.08235502435
153663,69421.4477304041
153664,71200.56774308148
153665,69789.44100731162
153666,70212.39300715263
153667,70224.90515601431
153668,69283.64890007344
153669,68826.82300096586
153670,68515.45547306529
153671,67756.38357679067
153672,66317.01519058694
153673,65585.37876480691
153674,65529.8114510427
153675,64239.12709880728
153676,63979.47959417678
153677,63071.48457294138
153678,62001.64132400257
153679,62063.82465886752
153680,61533.00952343787
153681,61048.71315965936
153682,60625.47302321173
153683,61714.24515835994
153684,62223.49601790395
153685,63177.64260759652
153686,64317.7823441399
153687,65018.6381770377
153688,63083.0171636013
153689,60548.77693961305
153690,58496.39710747654
153691,56984.36962539224
153692,55806.98309550002
153693,56064.67433092146
153694,57777.43016778177
153695,57053.87834745624
153696,57765.376489804956
153697,56395.65769820976
153698,55725.5257647817
153699,55721.11346896394
153700,55968.72353784988
153701,55646.82977376997
153702,53780.07480663949
153703,53800.24713594437
153704,53320.64394974328
153705,53987.99281627118
153706,54586.69810787296
153707,56654.7685705609
153708,58469.89745314301
153709,61861.63952218427
153710,65225.15517518585
153711,68570.23728309947
153712,68456.04402282211
153713,67870.24903523328
153714,67957.03597224738
153715,66830.70120620423
153716,66314.4342008377
153717,64777.40688696983
153718,64385.71141559768
153719,62454.97950133829
153720,62346.80215967255
153721,62018.91999162519
153722,61439.40714798112
153723,60670.14520862003
153724,60198.9663740141
153725,59910.013005287
153726,58640.42066706647
153727,58443.37964962634
153728,58556.516142488654
153729,58540.89045347136
153730,58788.32863166915
153731,59579.915606388335
153732,60923.111953712025
153733,61827.233909508286
153734,62588.6754523695
153735,62407.65626833207
153736,60475.846737079955
153737,58410.88180670061
153738,56466.66367466726
153739,55325.52325169977
153740,55345.737046546994
153741,55604.086756622484
153742,57728.85377943473
153743,57165.46355487555
153744,56918.511890795155
153745,54982.477573589385
153746,53411.0209959047
153747,53294.245835409485
153748,52911.50344702425
153749,52926.4326150441
153750,52084.93783502977
153751,52006.81340654045
153752,51630.641502552404
153753,51766.07604707852
153754,51791.07606906837
153755,54661.34045425478
153756,56572.91859903342
153757,60792.2019985493
153758,64313.64429819124
153759,67011.58459490527
153760,68661.00725762885
153761,69014.98009385128
153762,69566.19304723704
153763,69926.02489294535
153764,68298.82943663684
153765,68736.3016350724
153766,67529.7300986738
153767,67036.74025071146
153768,67459.16026276407
153769,67258.71245535115
153770,67784.1282311345
153771,67175.22342938841
153772,67506.29219025098
153773,67752.09605272755
153774,67491.87394153091
153775,67375.02249428214
153776,67309.36010341016
153777,68674.51194465684
153778,69060.9374468089
153779,71217.26107138216
153780,73203.26516096828
153781,74527.49325527759
153782,75363.5615325945
153783,75198.83166325052
153784,72898.2419580495
153785,70356.29313332334
153786,68108.33882899668
153787,66647.47964939283
153788,65387.54141846519
153789,65556.53485193822
153790,67459.38617353333
153791,66611.86815924915
153792,64551.62277352119
153793,62794.68589540294
153794,60950.09834804953
153795,60837.76566895418
153796,59921.13288381387
153797,60776.96873499602
153798,58925.286328945906
153799,57982.225949762076
153800,57351.09451017914
153801,57341.13932332224
153802,57597.138789404766
153803,59293.23716102989
153804,60569.43591500032
153805,63578.18553817168
153806,68238.22834625858
153807,71849.52609067044
153808,72771.81073608751
153809,72826.58889463695
153810,72533.35564652135
153811,71237.5177753346
153812,70548.6815872713
153813,70008.36804371605
153814,69863.45231995032
153815,68520.51014268151
153816,68622.40377019941
153817,68115.38343388884
153818,68415.07643849826
153819,67345.72769762466
153820,66876.05361686523
153821,66499.16276874839
153822,65628.32996880663
153823,65607.83778242218
153824,66126.84945378265
153825,65773.22942875636
153826,65621.32057134759
153827,67286.32495123018
153828,68825.25168307665
153829,69119.82359630785
153830,69612.65086568164
153831,69245.63085925394
153832,67199.04149306702
153833,64659.11299940673
153834,61138.924756552355
153835,59623.571044250006
153836,58653.42198118223
153837,58564.65845393473
153838,60427.979362202015
153839,59492.60684172278
153840,58569.9235777912
153841,56539.4095669679
153842,55555.09187945946
153843,55145.57521370826
153844,54258.364744241146
153845,54014.22460155166
153846,51973.503267765416
153847,50819.86716780593
153848,49931.928700735065
153849,49960.35321713378
153850,49957.325788241316
153851,51819.77655638454
153852,53168.38565051776
153853,55821.01194294858
153854,59170.31013955365
153855,61064.85787535353
153856,61724.16123007876
153857,61605.608928151916
153858,61925.28596565657
153859,62429.10286150139
153860,62557.0688251371
153861,62706.42386475669
153862,62301.454793326026
153863,62097.35293393375
153864,60214.79180183964
153865,60264.65173266276
153866,61503.32798183956
153867,60839.66842136591
153868,60030.880530007504
153869,59885.34278155417
153870,59258.52986644139
153871,59515.894793245236
153872,59617.88312648287
153873,59769.81493979877
153874,59953.30855984813
153875,61242.05205579122
153876,62389.24294224795
153877,63154.68230986563
153878,63545.043783046276
153879,63383.43078545037
153880,62588.42481986118
153881,61557.60659800567
153882,58763.97136288866
153883,57503.24603989315
153884,57545.837050992224
153885,57809.027769022956
153886,60099.846078013376
153887,59297.26096445178
153888,58977.02716084403
153889,56932.99188445959
153890,55406.14972435808
153891,55446.87812891132
153892,55127.10250404835
153893,54972.44966779116
153894,53185.301446280246
153895,51743.359736262806
153896,50492.001855816525
153897,50470.19660289285
153898,50525.436922298504
153899,51390.235385176034
153900,51836.465090570535
153901,52913.28277136671
153902,54726.77619856169
153903,56987.79176070252
153904,58250.001961949114
153905,58902.256468481544
153906,59528.03686081369
153907,61076.092570076355
153908,61499.49979707882
153909,61818.724181163976
153910,61604.234931806604
153911,61704.12863499322
153912,62298.99259657264
153913,62445.81243867859
153914,62385.65583727541
153915,59857.91737814249
153916,58389.89467889601
153917,57153.37312750868
153918,56197.80213024658
153919,56095.796220811055
153920,56597.47613283892
153921,56968.09232014988
153922,57051.73872128949
153923,59229.373524244154
153924,61147.666804448985
153925,61769.358216000895
153926,62465.7456010379
153927,62572.03722367542
153928,61810.653997748304
153929,60279.70686081987
153930,59013.64021325395
153931,58047.084088963704
153932,57570.17069749257
153933,57765.79413349591
153934,59807.52336481426
153935,59576.12878399775
153936,58625.07907785378
153937,57082.85268342682
153938,55332.51219749243
153939,55230.513705546866
153940,54677.89683464968
153941,54492.455013497936
153942,53116.46464151719
153943,51808.130896566465
153944,50653.07935041859
153945,50302.872429868694
153946,50196.79645195923
153947,50215.35487111122
153948,50368.92148207944
153949,51459.65260715366
153950,51518.82969809159
153951,51471.955392350734
153952,51495.57558156881
153953,51532.07503511813
153954,54013.8941117615
153955,55142.901979136244
153956,56400.41858469371
153957,57389.11426626406
153958,57110.087110865126
153959,57241.53264783953
153960,58404.842815001226
153961,58975.34561316203
153962,58935.27240620987
153963,56830.61095297215
153964,54665.53358552965
153965,53526.086572932596
153966,52718.71828576977
153967,52718.6749098081
153968,52447.89731055134
153969,52534.311096229096
153970,52923.08305995695
153971,56281.80785605519
153972,58842.118598052504
153973,59685.711096725674
153974,60619.9647720342
153975,60942.61914651838
153976,60097.715818014
153977,59132.87093440166
153978,58067.55384483172
153979,57463.05185166714
153980,57175.010885547286
153981,57471.32929643193
153982,59739.87843769809
153983,59295.82842212186
153984,57850.53997247764
153985,56449.78449646253
153986,54933.51611358809
153987,54577.98667024168
153988,54371.746010521994
153989,53979.312594572846
153990,53058.567975807906
153991,52147.64939324517
153992,51956.28793511752
153993,51935.51000632366
153994,52438.721884550156
153995,54042.065444644395
153996,56476.53850220094
153997,59649.65028324937
153998,63733.767872639364
153999,67330.41489151196
154000,68459.72752575602
154001,68438.15994406218
154002,68757.27962361253
154003,69014.06757957254
154004,68564.65262681407
154005,67088.34068370925
154006,66875.79653470933
154007,66850.51894397454
154008,67132.25932371279
154009,66194.44745173227
154010,65763.93017275525
154011,64006.61496436636
154012,63403.664300515375
154013,63133.0419384354
154014,62511.057316539096
154015,62605.44651632028
154016,62767.27607843712
154017,63307.5154407825
154018,64487.53941371026
154019,67742.97418667623
154020,69710.13485678378
154021,70540.62361421612
154022,71576.64856044226
154023,71446.39055527834
154024,70885.05011185656
154025,68356.66613134637
154026,64710.17585898541
154027,62795.446933377214
154028,61712.02295737979
154029,62093.76753261771
154030,64533.58074684873
154031,64051.74755437054
154032,64284.87163220095
154033,62313.86099717931
154034,60488.45153533948
154035,60612.05127944824
154036,60067.436116533805
154037,59421.981577565144
154038,57927.05515855552
154039,56958.39904091652
154040,56444.13787251945
154041,56255.165166495244
154042,56643.20393995584
154043,58204.525710346454
154044,60141.46758598867
154045,63406.38698033047
154046,67387.48480545053
154047,71366.41231944093
154048,72592.63155631398
154049,72632.14106318177
154050,71487.00317531236
154051,71598.31551651252
154052,71108.85459767205
154053,71022.04409198172
154054,70278.38891681061
154055,69585.28032560482
154056,67675.42641013487
154057,67426.72215624756
154058,67717.92557005752
154059,66798.75330133893
154060,66602.71134857474
154061,65794.32984921763
154062,64978.58623352114
154063,65133.54700460997
154064,64188.81409978825
154065,64510.57236176343
154066,66240.66136802593
154067,68180.08853367915
154068,69546.8115556202
154069,70652.02889756048
154070,71371.49287425283
154071,71553.21030269805
154072,71106.84299895221
154073,68365.79005557112
154074,64480.75068838452
154075,62161.600479403474
154076,60901.471320773715
154077,61035.80280159091
154078,62733.74546885992
154079,62421.24005486503
154080,63003.49238773327
154081,61181.99516797307
154082,59204.33341297807
154083,58771.04784742279
154084,58712.538352531374
154085,58300.886447123055
154086,56488.27485706297
154087,55610.53839864175
154088,55040.57238406191
154089,54919.537863685495
154090,55210.77380840819
154091,56540.39913026302
154092,58204.41411590963
154093,62388.56462814297
154094,65370.61634370873
154095,68673.23175684517
154096,70250.03704472371
154097,70387.9366322571
154098,71034.74720439715
154099,70845.45672735563
154100,70722.75127647193
154101,70455.38236666037
154102,69666.79142223814
154103,68145.46255491285
154104,68279.14038572586
154105,67784.48684768267
154106,68150.79454776674
154107,67040.81256851183
154108,66876.02525258392
154109,66644.60652916215
154110,65917.17963012976
154111,65210.15784706727
154112,65337.25452489807
154113,66313.0985439934
154114,66667.25401800372
154115,67972.91568680124
154116,70146.25128786491
154117,70600.32096825606
154118,71334.02644524198
154119,71364.09139173449
154120,69975.68304958704
154121,68045.77957791944
154122,64870.53043753911
154123,62148.52556656095
154124,60856.644949121706
154125,61035.61257589469
154126,62622.52459327288
154127,61856.85880367048
154128,62576.07173286461
154129,61069.712910980554
154130,58741.02070190794
154131,58512.41632833541
154132,58074.7936391697
154133,57696.40522153951
154134,55659.976930927725
154135,54747.35959520687
154136,54173.5152202541
154137,54136.41515093178
154138,54448.182988894674
154139,56085.3326982439
154140,58124.22405106939
154141,61866.28639438982
154142,64922.71576230127
154143,68494.27848525411
154144,70455.35149278386
154145,70637.41702137236
154146,71054.9368577651
154147,70426.48779306153
154148,69923.73605877669
154149,69735.13542912406
154150,69382.56488137785
154151,67524.7974512511
154152,67729.96472552737
154153,67391.4657742181
154154,67067.98282616163
154155,65424.85583483772
154156,64712.02523922446
154157,63836.58728697556
154158,63182.37534585046
154159,62950.94934816504
154160,62301.04487685994
154161,62248.16109583245
154162,62724.26812267475
154163,65348.358071957875
154164,67725.58899385059
154165,68668.78226080119
154166,70059.73598382309
154167,69909.08911424097
154168,67747.37931486148
154169,65434.07833434824
154170,61560.111405950345
154171,59358.99653845778
154172,58565.10481399191
154173,59444.2350131988
154174,61519.67866411228
154175,60968.32219196581
154176,60742.509797088176
154177,58919.20484235131
154178,56834.82225883544
154179,56490.1603211586
154180,56501.99650827458
154181,55583.877103858606
154182,54291.09615297474
154183,53732.5339554687
154184,53037.136478647444
154185,53117.313448815665
154186,53416.324770857274
154187,55292.21445151321
154188,56801.77006014679
154189,59928.96851049097
154190,62594.853342887225
154191,66906.37665666775
154192,67642.19561147343
154193,66505.64706404452
154194,66186.12824806983
154195,66808.27180973942
154196,66657.01713745264
154197,66114.61576543814
154198,65549.04391714708
154199,63778.00091525639
154200,63376.760804469675
154201,62929.68189893918
154202,63066.95528265741
154203,61116.344570627225
154204,60695.836860658834
154205,60137.076053535675
154206,59627.44490109775
154207,58879.21306629182
154208,58998.58519597807
154209,60842.0174428563
154210,61280.94423040742
154211,62616.71186247895
154212,63573.47812610932
154213,64021.877591796554
154214,65308.73462356572
154215,65593.91686895907
154216,64408.648225131765
154217,61638.17565065077
154218,58281.493571460975
154219,57089.575088716614
154220,57229.49850573255
154221,58239.93421323282
154222,60619.53692018704
154223,60549.79320430579
154224,58340.22665745542
154225,56836.84958722746
154226,54863.97450772605
154227,54467.73235207952
154228,53628.267309351126
154229,53166.516898777765
154230,51373.52191278842
154231,50597.472583682946
154232,49775.895636248446
154233,49639.001502786465
154234,49650.387539664036
154235,50219.960360565594
154236,50254.45996533673
154237,51468.392157499096
154238,52464.741530794185
154239,54536.1418857056
154240,56250.058338262854
154241,56637.509105302495
154242,57333.4312610094
154243,57991.115913149
154244,58713.279924021685
154245,59573.2337919251
154246,59514.695967966036
154247,59309.13066391791
154248,59750.54987656458
154249,59690.770854241164
154250,59648.50453669781
154251,57765.83885950162
154252,56425.00803644793
154253,54896.50611160899
154254,53982.81499968969
154255,53886.30985713959
154256,54212.429896741814
154257,55550.14651329424
154258,55981.37027721504
154259,57463.305813387204
154260,59194.81491663936
154261,60280.53800668305
154262,60633.70065842918
154263,60411.678204839554
154264,59467.51808737159
154265,58275.733161577
154266,57381.77376345731
154267,56414.58084222199
154268,56492.098368802224
154269,56931.659790319616
154270,59387.187902748745
154271,58789.97446253516
154272,59524.553149268024
154273,58345.10369747502
154274,56491.058137057575
154275,56111.85481104043
154276,55206.64906921961
154277,54741.366934098325
154278,52824.95339501835
154279,51794.03928708656
154280,51002.19098173163
154281,50386.49289927244
154282,50326.71887211891
154283,50425.166777107894
154284,50747.458817037914
154285,51366.48192638288
154286,52672.39233654076
154287,54142.744430637904
154288,55005.754761846416
154289,55716.61570031969
154290,55988.96696433195
154291,56888.70508665583
154292,57421.26713443699
154293,57977.670851060626
154294,58649.61176322354
154295,58577.992864842316
154296,59955.84006770823
154297,60743.81409954302
154298,60536.93599678118
154299,58660.85724665754
154300,57055.51855518744
154301,56198.62340723883
154302,55747.25071505019
154303,55522.96349238448
154304,55487.28303625204
154305,55428.50243295026
154306,56190.542827744845
154307,58302.359366131925
154308,59675.62055515567
154309,61416.216680855556
154310,62055.144304881534
154311,61823.75991479338
154312,61069.57407747528
154313,60039.91322920021
154314,58791.70333615731
154315,57992.41650322665
154316,57447.24059267185
154317,57784.97095375915
154318,59950.54274385933
154319,59838.92769831873
154320,60717.115569701324
154321,59299.26685502404
154322,57584.72778370807
154323,57523.181474877696
154324,56874.954248087146
154325,55965.71919796864
154326,54241.78780651259
154327,53436.74017522361
154328,53716.19586118463
154329,53779.28910897685
154330,54256.5332063318
154331,55745.73698856349
154332,57533.49631666488
154333,60266.37099196912
154334,63808.95936625972
154335,67751.87888076132
154336,69091.52407789468
154337,69326.41716931145
154338,69686.19256046662
154339,69625.91336682877
154340,70357.98642744511
154341,70458.55974714304
154342,70313.87532720692
154343,69773.41761638159
154344,69595.64469732584
154345,69325.31165183926
154346,69313.87879618765
154347,68396.78611362152
154348,68151.26749386566
154349,67246.82831081045
154350,66507.33417937726
154351,66339.92921517111
154352,67494.86120904975
154353,67736.5476131957
154354,68170.24567333187
154355,69556.97436943307
154356,70723.45598574201
154357,71291.00173661916
154358,72353.30260299223
154359,72256.8076794797
154360,71158.10737544624
154361,69387.03167614521
154362,66447.70775481714
154363,65187.38104536907
154364,64989.76845457384
154365,65786.40333918249
154366,68100.67941367962
154367,67237.34170011245
154368,66067.90681129949
154369,64321.50237129287
154370,62447.98392417726
154371,62601.432635409044
154372,62277.22387528515
154373,61490.27159898751
154374,60390.923205911844
154375,59511.38238741336
154376,58838.508312325415
154377,59445.352523191264
154378,59868.82061702374
154379,61473.79712123751
154380,62452.15721213226
154381,64175.204537098194
154382,65017.800684392045
154383,68996.63868190262
154384,70407.16197936113
154385,70832.97222922431
154386,71450.95224113848
154387,71611.35518065056
154388,72070.05666004863
154389,71686.38201498387
154390,71375.66168126494
154391,71060.51004222211
154392,71242.40794057088
154393,71004.46235744627
154394,71134.1317728417
154395,70103.68651574802
154396,69354.19203310978
154397,68608.7479843169
154398,67143.11214782367
154399,68337.84247420417
154400,68121.59009033164
154401,68826.60585672845
154402,69787.89028308105
154403,71051.55961354813
154404,72316.29777009945
154405,73504.46989135408
154406,74054.4771283751
154407,73916.25316406034
154408,72027.41388289988
154409,70530.52425913088
154410,68848.33004816783
154411,68880.38406709793
154412,67921.50446725579
154413,68459.82126510596
154414,70831.97677150654
154415,69979.66538250874
154416,68590.10373392442
154417,66707.74933091854
154418,65030.900048972704
154419,64752.23851783129
154420,64218.13691468733
154421,63838.56387246973
154422,61899.96579222105
154423,60757.921075165454
154424,60103.174852471304
154425,60083.77591577242
154426,60249.04161009902
154427,61553.09151296897
154428,63577.56133903781
154429,63912.62592489707
154430,64378.094470123266
154431,66808.10921759828
154432,67717.72485578668
154433,68558.78830766141
154434,69217.89873597676
154435,69800.93309158183
154436,70680.34640094217
154437,70741.79069042626
154438,71065.90569688806
154439,71148.12200754965
154440,71676.18025109802
154441,71181.91927586815
154442,70948.3251798097
154443,69786.94818824143
154444,69541.77622199517
154445,68692.06742060729
154446,67880.01397681382
154447,67850.71581317384
154448,68315.53649827403
154449,68619.49164341151
154450,68977.48530448416
154451,70491.65739619367
154452,71258.66938167631
154453,72367.1566621628
154454,72841.12652780951
154455,72326.60936620212
154456,70897.25441982248
154457,68735.01683017066
154458,67673.91153302022
154459,66718.30677387335
154460,65567.37118263601
154461,65313.257060522505
154462,67349.89629998303
154463,66478.995506643
154464,65523.75944282599
154465,63184.58590983817
154466,61137.96231153679
154467,61005.38507455528
154468,59382.42994329799
154469,57933.99271919599
154470,54807.78983698564
154471,54184.13148416991
154472,53577.32813750042
154473,53614.174383418715
154474,53889.63410977779
154475,55514.36847725834
154476,56320.626327579885
154477,57789.79344697052
154478,60260.8556186627
154479,63435.921965012734
154480,63912.84332855803
154481,64130.4661496321
154482,64319.30979595903
154483,64128.99374565415
154484,64443.58189676856
154485,63840.3786283262
154486,60106.11884179327
154487,57271.41331543736
154488,56793.23031565179
154489,56643.986344037665
154490,56992.98268857959
154491,55284.533687466894
154492,55494.95766533538
154493,55712.51202103054
154494,55271.33720207189
154495,55405.28969906046
154496,55763.086832650595
154497,56156.422022480394
154498,56410.1756043647
154499,58428.75174322506
154500,61266.55598140677
154501,61343.65853966372
154502,61446.29968477744
154503,60406.59735926075
154504,57930.61335551147
154505,55509.61903182503
154506,53491.48165183844
154507,52256.413098828336
154508,51368.20999727535
154509,51474.00814329971
154510,53042.711859773066
154511,52405.055442501485
154512,52133.260105664915
154513,50744.35590398899
154514,49337.9352775984
154515,48879.79505164848
154516,48892.02362403398
154517,48307.68976364822
154518,46748.35119234983
154519,46027.9812957794
154520,45014.59596410871
154521,45004.640777251814
154522,45191.02060943837
154523,46048.80836158013
154524,46643.67961157226
154525,49338.319433807475
154526,51833.94806615276
154527,53078.62309282086
154528,55189.85047899767
154529,56137.69521295471
154530,56792.37386121032
154531,57032.80178475942
154532,57066.60402371333
154533,57058.560476800856
154534,56076.76879240885
154535,55387.71757092168
154536,56559.71997092127
154537,56290.803415827715
154538,56352.295211168486
154539,55660.75367647096
154540,55584.70570384148
154541,55424.81231894458
154542,54961.474745107116
154543,54033.215794146694
154544,53768.81161639548
154545,54861.711478554564
154546,56009.52477292392
154547,57337.92277432205
154548,57716.25633598296
154549,57600.49962087904
154550,58076.22896002918
154551,57916.36044755251
154552,56710.299653128524
154553,54367.85274819254
154554,52464.477448369864
154555,52176.38878771147
154556,51427.751373931555
154557,51622.26351985116
154558,53164.68050391311
154559,52767.99711719421
154560,53258.78873325118
154561,51791.51391278409
154562,49945.98955069906
154563,49932.975861539446
154564,49011.55400629243
154565,48282.72884667532
154566,46078.01887183245
154567,44653.64242996647
154568,43487.06810624803
154569,43025.000018604005
154570,43452.88385506175
154571,44146.07623847487
154572,44535.6900161432
154573,44848.146875350285
154574,45044.14036835559
154575,47278.18506912714
154576,49006.051323011976
154577,49580.564490312194
154578,49360.611337596056
154579,50847.97738966503
154580,51524.19722732716
154581,51890.34527469416
154582,52222.15375105232
154583,52421.058871970956
154584,52002.680663958265
154585,52420.51259435054
154586,52840.10609201906
154587,51175.184071538155
154588,50404.72275155976
154589,50460.57016704255
154590,49772.15916901707
154591,49614.885364227295
154592,49698.5452462283
154593,50319.31135202825
154594,50870.27613507641
154595,52179.918076486574
154596,53420.105442324806
154597,53511.5780864824
154598,54599.506025065086
154599,55411.45707873288
154600,54208.44891638522
154601,52576.86920218379
154602,52204.03802025241
154603,52140.62408258725
154604,51410.521746174185
154605,51634.06014251459
154606,53482.71070526906
154607,53050.32699733165
154608,53755.91925327685
154609,52222.4448138196
154610,50163.708354418646
154611,50216.12127804484
154612,49308.20538796481
154613,49161.89002992888
154614,47147.53845501572
154615,45808.36816769595
154616,44970.06547861462
154617,44733.927810330984
154618,44170.23732391299
154619,44236.474885450996
154620,44494.53895356373
154621,44761.994698091265
154622,44661.481551086785
154623,45885.768113890816
154624,46171.30479428946
154625,46751.827344573554
154626,47222.438749104345
154627,48991.24402143562
154628,49966.029825629936
154629,51653.1609500664
154630,51792.32874012705
154631,51605.90204900258
154632,51584.204604057726
154633,52017.15453879967
154634,52060.42052789081
154635,50541.348398888826
154636,49071.24205036256
154637,48488.991960623855
154638,47555.73809652774
154639,47981.45384968023
154640,47787.80883781037
154641,48160.0645329515
154642,49022.000175738154
154643,50719.15567292118
154644,52622.61790243865
154645,54030.155667689694
154646,54721.010740023245
154647,54640.654876460656
154648,53561.45106144501
154649,52877.6800539445
154650,52254.11462498798
154651,51549.98864537892
154652,50439.86376356592
154653,50606.941298525824
154654,52498.413359235514
154655,52053.615155608415
154656,52425.355915606575
154657,51540.98763534491
154658,48680.68402526624
154659,47938.56801466651
154660,46827.28297450314
154661,45981.969462440386
154662,43997.84854165159
154663,43153.832916157924
154664,42234.42085735163
154665,42240.18469002918
154666,42604.17343529767
154667,43558.125801329676
154668,44180.59659470943
154669,46167.219705007235
154670,47923.92349105602
154671,49215.77371623781
154672,51144.27538826808
154673,52738.00782491174
154674,53249.560630932596
154675,53205.312740664136
154676,53570.84741266495
154677,53592.50180323461
154678,52996.28653221748
154679,53110.53670087609
154680,54248.727598475845
154681,53893.121718982475
154682,54129.53075936936
154683,52935.51885547845
154684,51812.3101512406
154685,50987.63724705335
154686,49768.1681025086
154687,49370.651506562506
154688,49830.97795715406
154689,49835.16796468688
154690,50038.94382714528
154691,51138.044374556834
154692,52797.18342486516
154693,53997.49513707265
154694,53769.91908732325
154695,53193.98204898226
154696,52622.493013155836
154697,51056.40532016961
154698,49872.06539880365
154699,48105.15585361318
154700,47035.689127252524
154701,47120.556939512986
154702,49538.61563740309
154703,48842.56514965572
154704,47519.179920808354
154705,46202.31383483774
154706,43913.08811401955
154707,42833.66496013059
154708,42640.91321721731
154709,41669.65495279394
154710,40513.554630473256
154711,39904.114851805156
154712,39037.91198738823
154713,38925.52072207968
154714,39181.1229257331
154715,40346.62344016857
154716,41293.014291964646
154717,43422.96240297915
154718,44481.71539037519
154719,45801.24859690797
154720,47807.68718217003
154721,48515.01960194789
154722,49109.96507978809
154723,49670.00211097863
154724,49227.05716544242
154725,49219.65834382076
154726,49611.09157538791
154727,49715.89523961796
154728,50378.694454759374
154729,50134.451650642564
154730,50459.338752360156
154731,49264.98609228781
154732,48497.69593235113
154733,48220.92575185297
154734,47284.00391857352
154735,46971.335026104935
154736,47020.33570900527
154737,47110.29365988087
154738,48038.72703833095
154739,49489.84405391169
154740,51335.73422723866
154741,52323.55536361891
154742,52453.98814531899
154743,52033.95840017615
154744,51026.27865822264
154745,49247.77715958085
154746,48506.6123965295
154747,46820.419179567405
154748,45840.980564197256
154749,46047.09728916418
154750,48282.75982919311
154751,47681.90160317493
154752,46936.572330146184
154753,46195.282579330946
154754,44497.837786385055
154755,43706.59492536354
154756,43554.115593033224
154757,43550.189211558805
154758,42557.363840738806
154759,42739.482865702244
154760,41946.40077009788
154761,42187.578041360044
154762,42416.08842502907
154763,43233.4356630086
154764,44476.17750298129
154765,46449.06082232312
154766,47395.663589687065
154767,49246.90880267728
154768,50266.90450980226
154769,51354.326651845455
154770,52456.824277820786
154771,52520.77333538466
154772,52109.0942572185
154773,51803.14099244481
154774,51849.02697071045
154775,51848.06543773161
154776,51837.09352098965
154777,51580.25441815248
154778,51210.371001205334
154779,49866.66474218721
154780,49112.57137211692
154781,48405.25497022005
154782,47779.53328409711
154783,47514.93476336745
154784,47478.80248729096
154785,47963.51443737607
154786,48131.53043638288
154787,49384.20228184342
154788,50917.01045006107
154789,51963.27280069474
154790,52313.84116459606
154791,52062.73703038679
154792,50918.555120714926
154793,49824.02404578107
154794,49147.00166829832
154795,47931.15858325732
154796,46895.8803595625
154797,47015.53903766075
154798,49241.39236062811
154799,49095.99890494426
154800,46463.168196863844
154801,46011.87153464879
154802,44610.00723543641
154803,43959.076559514266
154804,43707.95054650069
154805,43600.17323754864
154806,42540.76160114648
154807,41853.27372443476
154808,41196.18621719577
154809,41511.57142816861
154810,42060.70797566322
154811,42824.08418935361
154812,43707.39407323315
154813,45927.17034062851
154814,47503.89137969702
154815,49551.135376340855
154816,50679.39933761858
154817,51505.75927082753
154818,52557.25288474609
154819,53365.71684634337
154820,53000.20231292711
154821,53376.99926131681
154822,52101.107140790526
154823,52349.36812525661
154824,52569.27719768747
154825,52540.0882931297
154826,52733.14623375717
154827,52589.527973615564
154828,51970.700143174276
154829,51529.33157302723
154830,50999.39402934874
154831,50688.09659519687
154832,50679.04991695651
154833,51120.1508756266
154834,51597.73208490048
154835,52635.31972279206
154836,54086.91101222193
154837,54856.45344350684
154838,55552.91666722901
154839,55603.18861312765
154840,54332.98157160555
154841,52309.8797636004
154842,51299.0237213789
154843,50726.69448730511
154844,49527.76919953377
154845,49848.00879115696
154846,52452.25469103662
154847,52388.75736774725
154848,51363.352763400864
154849,50653.26104992139
154850,48296.828428999994
154851,47708.76126687843
154852,46968.126784341264
154853,46963.43585649475
154854,45389.776723294584
154855,44673.99416332428
154856,44280.15798263836
154857,44301.7801238924
154858,44476.31800369733
154859,46072.4242125587
154860,46769.012945474045
154861,49354.89645371748
154862,52034.384184267234
154863,53775.163125996136
154864,55841.14656355239
154865,56792.38704459909
154866,57412.98768433246
154867,58074.66367829911
154868,56062.67670023514
154869,55118.67387595861
154870,55750.395276923584
154871,55682.16619077543
154872,55847.2416190652
154873,55635.28418527887
154874,55795.48799135753
154875,54419.15671741276
154876,53427.98609326378
154877,52745.90426916128
154878,52164.094842685736
154879,51896.7055886872
154880,51849.028337811986
154881,51967.81012928038
154882,52611.657334058604
154883,54350.434427890475
154884,55375.36774257962
154885,56494.246620010636
154886,56890.12252539763
154887,57463.61912682882
154888,56153.91492297793
154889,54632.9135388349
154890,52902.65531361677
154891,52050.27067626453
154892,51174.66246655065
154893,51493.64064353516
154894,53415.38374673482
154895,52738.491723562176
